"subject_id","body_site","shannon","sample_id"
"MV_FEI1","stool",1.46664866799656,"MV_FEI1_t1Q14"
"MV_FEI2","stool",1.06206280866875,"MV_FEI2_t1Q14"
"MV_FEI3","stool",0.669248968348523,"MV_FEI3_t1Q14"
"MV_FEI4","stool",1.09621242064464,"MV_FEI4_t1Q14"
"MV_FEI4","stool",2.0723149503328,"MV_FEI4_t2Q15"
"MV_FEI5","stool",0.901093404713606,"MV_FEI5_t1Q14"
"MV_FEI5","stool",2.77917000525052,"MV_FEI5_t2Q14"
"MV_FEI5","stool",2.41080394709888,"MV_FEI5_t3Q15"
"MV_FEM1","stool",1.1369354212079,"MV_FEM1_t1Q14"
"MV_FEM2","stool",3.44822982189244,"MV_FEM2_t1Q14"
"MV_FEM3","stool",2.73357290304903,"MV_FEM3_t1Q14"
"MV_FEM4","stool",1.83853749912775,"MV_FEM4_t1Q14"
"MV_FEM4","stool",3.03831724448325,"MV_FEM4_t2Q15"
"MV_FEM5","stool",2.94534210076344,"MV_FEM5_t1Q14"
"MV_FEM5","stool",1.88648146275835,"MV_FEM5_t2Q14"
"MV_FEM5","stool",3.53697919021533,"MV_FEM5_t3Q15"
"MV_MIM1","milk",0,"MV_MIM1_t1M14"
"MV_MIM2","milk",0,"MV_MIM2_t1M14"
"MV_MIM3","milk",0.438594448976402,"MV_MIM3_t1M14"
"MV_MIM4","milk",0.436870685978882,"MV_MIM4_t1M14"
"MV_MIM4","milk",0.71508216452686,"MV_MIM4_t2F15"
"MV_MIM5","milk",0.93547484575364,"MV_MIM5_t1M14"
"MV_MIM5","milk",1.06685870434792,"MV_MIM5_t2M14"
"MV_MIM5","milk",2.32578253177867,"MV_MIM5_t3F15"
