"PC1","PC2","PC3","PC4","PC5","PC6","PC7","PC8","PC9","PC10","PC11","PC12","PC13","PC14","PC15","PC16","PC17","PC18","PC19","PC20","PC21","PC22","PC23","sample_id","subject_id","body_site"
3.05618304677665,4.57244290966461,-0.0569262948037885,1.48403717625275,-3.32921036924046,2.47443546315041,-0.620883532773283,1.19638936549387,1.09445217253072,-1.38297753347318,0.213734704292167,-1.38161216855372,0.0257386722462534,0.3260995052136,0.197207913114585,-0.799207548257344,0.306400693798466,0.377189730738805,-1.12507024488801,0.189149679633436,-0.158282457397117,1.69312438727366,-1.55188490293031e-16,"MV_FEI1_t1Q14","MV_FEI1","stool"
1.5599452825863,2.41342242004603,3.9373137304008,0.227299792993577,-0.901463344313844,2.86703244306942,1.28392267134482,3.43765063933411,-1.84289687559607,0.0617080208847396,1.85640046706314,2.9380635658316,0.879004745797193,-1.04031327341695,2.25514667046081,0.269370322593031,-0.366297651168985,-0.319212743798995,0.415693193909975,-0.418176726879946,0.0283199567177984,-0.342144227188628,-1.55188490293031e-16,"MV_FEI2_t1Q14","MV_FEI2","stool"
2.79435373467467,1.80363281260958,-1.97309025419037,1.99055939800138,-3.85361557513445,2.03532027129482,-1.61463323455236,0.313637707240218,2.49936570059149,-0.442432467930237,-0.0967948640041764,-0.938256193756125,-0.684768677316829,0.163621733209113,-0.647496613494129,-0.441484869150968,-0.248959929651982,0.0589366491003671,-0.474697769853531,-0.411754445635553,0.149280584539289,-1.87637765758726,-1.55188490293031e-16,"MV_FEI3_t1Q14","MV_FEI3","stool"
1.98819353874763,2.98821290728322,-4.56993418419149,1.58422109889368,-0.306801714775092,0.090152515369411,0.0907814698546373,-1.34270153524958,2.8025170350251,0.483016512734615,-0.0322246261200313,0.669605938732545,-0.0417901012691348,-0.665680869996106,0.36225121975753,1.80395762435857,0.19615343109357,-0.659432380889116,2.22569328649323,0.22188749984338,-0.0150760375777331,0.478207903552369,-1.5518849029303e-16,"MV_FEI4_t1Q14","MV_FEI4","stool"
1.9514033797939,5.32395121366996,-1.36755773480677,-0.134939583353023,3.58810765008535,-1.33678545590935,1.49457415151442,-2.37215691081142,-1.40771751822038,0.04959917532457,-0.980094013748076,-2.43624474711632,1.96905798748122,-0.83752784746204,2.25876267737407,-0.505891187460966,-0.99748066889737,0.143579417844451,-0.416711967667817,0.300212585664853,-0.00660010969450709,-0.437405675262301,-1.55188490293031e-16,"MV_FEI4_t2Q15","MV_FEI4","stool"
3.22816705147455,1.29857864736878,-1.52154415397418,-0.874706217629552,1.37229421781302,-4.04400091718411,-0.0794054575925899,-0.000809521070137779,0.504566052495265,1.31302118233439,3.22737443075643,0.924897541618894,0.178987353866312,-1.57146809254622,-1.08732735783408,-1.99120756292824,1.72964573332616,-0.257311872359093,-0.122302713058806,-0.698513434304695,0.0382472763587492,0.0178493235520147,-1.55188490293031e-16,"MV_FEI5_t1Q14","MV_FEI5","stool"
-6.11599328821853,-2.13560248640651,-2.09114307976431,0.0822039405580976,0.82575105394693,0.776869111228814,-1.99990966702515,2.01149744536676,-1.5210032989271,-1.15726172991304,2.70084961810773,-2.41340174135658,0.11676119840862,-0.298325444449834,-0.281887573805326,0.384930150328327,-0.278366878166813,-2.30506775784514,-0.136827291380619,0.463616921084464,-0.0252514163961057,0.0069368264947242,-1.55188490293031e-16,"MV_FEI5_t2Q14","MV_FEI5","stool"
-1.07941590448251,4.96498680595916,5.54875379036981,-1.207173001232,-0.0505058085262793,-0.773695267870309,2.00863155441423,-0.176903103575115,-0.546959188029924,0.0163570364120071,0.665908695660068,-0.706798316513128,-0.878724486529472,0.517431273704707,-2.21651658781115,0.811224633895791,0.853196348503743,0.263614415368897,0.351813607326166,1.78300028637595,-0.0877196622361941,-0.422175373426577,-1.5518849029303e-16,"MV_FEI5_t3Q15","MV_FEI5","stool"
-2.86634615919859,-1.00751646535296,-0.277226393676591,0.0492079227501629,2.82348619424283,1.64187481167432,-3.90376472334658,1.01506641419263,0.93303676661026,0.00799207174200889,0.282908784386605,0.931806345576453,0.722461165562669,0.415249712105934,-0.601346254710015,-1.9870507330867,-1.23550208940374,1.46330173783459,1.16321807944002,1.0367100192277,-0.145043258137143,0.06466274191195,-1.55188490293031e-16,"MV_FEM1_t1Q14","MV_FEM1","stool"
-5.47592224416695,-0.660118221059149,-2.45477880601595,0.550448358608725,-2.3639812815485,-0.194079656322701,3.82554986500763,-0.462310786417496,0.190430651970121,0.124522114286509,-0.74986286311551,1.64899034941126,3.77939688394847,1.83683471249388,-1.47706767473433,-0.372180228837097,-0.0734592542754265,-0.322685751746828,-0.34764512064355,-0.0304681963938632,-0.000939726488857147,-0.00456503182914622,-1.5518849029303e-16,"MV_FEM2_t1Q14","MV_FEM2","stool"
-4.29582628334322,-1.09786677567438,-3.94942842709576,0.833414395666374,-0.0783196744366948,0.921581715631624,5.18144281283223,0.597352843241508,-1.20534283669194,0.323533764856674,-0.55177208947818,0.202842275129738,-3.72957392627282,-0.810647554099061,0.376545668886504,-1.0893258759408,-0.426932270582645,0.515371696113786,0.0647734887202111,0.171453319333537,-0.052534254671098,0.0630050944570493,-1.55188490293031e-16,"MV_FEM3_t1Q14","MV_FEM3","stool"
-3.71267531979307,0.359510516446072,-2.04393685363874,0.446062993671084,3.94653851659889,1.82618921197613,-1.96765318729237,-0.306079007413426,1.09381329803145,0.289223043009521,-1.02372930188182,2.14045526374634,-0.368411459812272,-0.154470606849905,0.843921502250251,1.33812897769573,1.71111972440175,0.346396841458836,-1.77571932171808,0.5004145367122,-0.0175186323421251,-0.172970090863718,-1.5518849029303e-16,"MV_FEM4_t1Q14","MV_FEM4","stool"
-4.46469922798242,3.95239165575805,3.22142697272129,-0.62943921038844,3.16537826952902,1.58648627660456,-0.517716076083187,-0.962633273874122,0.325031320517578,-0.38135189377007,-1.51634547007321,-0.286542975386034,-0.986034206497177,1.01826467904409,-1.33424732129887,-0.1706331911459,-0.262646545947936,-0.559028208189477,0.406841013151391,-2.24291223533054,0.177194409945889,0.2190452397075,-1.55188490293031e-16,"MV_FEM4_t2Q15","MV_FEM4","stool"
-4.60310726779127,-0.621641877979334,3.76154091615098,-1.29273299530545,-3.48983160277428,-3.38742600422999,-1.80890037708363,-2.3011141716126,1.99249418354669,0.838498860182518,-1.61483298189072,1.26367284914892,-0.925971432959159,-0.894420856193228,1.65217639292432,-0.804620372498925,-0.750469420928043,-1.22103981948202,-0.356832553859398,0.495725057903287,-0.0849375140300001,0.165444203046349,-1.55188490293031e-16,"MV_FEM5_t1Q14","MV_FEM5","stool"
2.61263630119953,1.57280651185394,-2.60099632266052,1.06232294518766,-2.24098001497737,-1.82111477303546,-3.45783086607162,-1.79992177145681,-5.71019428095496,-0.660105081014086,-0.685505772655023,1.60821078337414,-0.833613434421824,1.03179412086181,-0.734694145028811,0.449446889525887,-0.255829040071244,0.192820520072663,0.0321814940714061,-0.0870580836973525,-0.0104580152835043,0.0543702162507535,-1.5518849029303e-16,"MV_FEM5_t2Q14","MV_FEM5","stool"
-7.12101846021627,-1.60224251475861,0.646397403818025,-0.79192981385728,-2.71549958554813,-2.05653760841101,-0.766258785727619,0.0997195637014726,-0.243644873553793,-0.673212144709068,1.33361678186359,-1.83021848832853,0.665342893194864,-0.740798002490188,1.18602082944868,1.14650743822725,0.799279727045812,2.20127104027528,0.470387546840599,-0.870199053950072,0.0909970685557855,-0.0263629732759501,-1.5518849029303e-16,"MV_FEM5_t3Q15","MV_FEM5","stool"
2.55882092771433,-3.76193892441692,2.1314742877423,4.10738334839916,0.99756454187701,-0.383910087432847,0.632502141623948,-0.7679752796442,0.129533767905089,-0.742891382095181,0.0286331862644675,-0.20168587376897,0.0339656805799354,0.12325058078444,-0.00406455588380718,0.055889803158608,0.0316913046893324,-0.00271082140578265,-0.00528975475257784,0.0949805248762007,1.41041746555164,0.127151100063226,-1.55188490293031e-16,"MV_MIM1_t1M14","MV_MIM1","milk"
2.55882092771433,-3.76193892441692,2.1314742877423,4.10738334839916,0.99756454187701,-0.383910087432847,0.632502141623948,-0.7679752796442,0.129533767905089,-0.742891382095181,0.0286331862644675,-0.20168587376897,0.0339656805799354,0.12325058078444,-0.00406455588380718,0.055889803158608,0.0316913046893324,-0.00271082140578265,-0.00528975475257784,0.0949805248762007,1.41041746555164,0.127151100063226,-1.55188490293031e-16,"MV_MIM2_t1M14","MV_MIM2","milk"
2.66039968066565,-4.00696471900388,2.31297926969494,4.48423039157441,1.11817914224962,-0.435447783403975,0.726194593160453,-0.912451192337909,0.157916872421334,-0.91481463833107,0.0363186400756191,-0.283291078571119,0.0504010232127409,0.186914299666261,-0.0065265347965563,0.156279524080678,0.144296048482833,-0.0399845171851189,0.0396988670573299,-0.269563779213524,-2.6104116766179,-0.0674721080075011,-1.5518849029303e-16,"MV_MIM3_t1M14","MV_MIM3","milk"
1.7994307982038,-1.67903398743013,0.405867436545558,0.385237246394287,-0.44247307753131,0.292150547540689,-0.742102441933914,2.38598513071953,-0.844397123518245,6.82620320030549,-1.74090713137209,-1.55439223286149,0.208081283457017,0.717949519089261,-0.0224051376281701,0.288621226580318,0.213138875390683,-0.0458534486217587,0.0296825549651466,-0.0934919253605395,-0.0382157997024235,0.148267874753688,-1.5518849029303e-16,"MV_MIM4_t1M14","MV_MIM4","milk"
2.82851631160798,-3.22717846351289,0.273371158376225,-4.06795558053927,-0.56590202895235,2.77133065410532,0.177186402439193,-1.46303014512281,-0.482430747288456,-0.107635042175785,-1.0437920021568,0.0137232047936697,0.833855605545242,-3.9018943805029,-2.18745356399519,0.692721061266068,-0.761514801595996,0.205548071666437,-0.392196603963459,-0.10572864154612,-0.0433941600635115,0.200725072384778,-1.5518849029303e-16,"MV_MIM4_t2F15","MV_MIM4","milk"
3.26115328827582,-0.0697583543010045,-0.991854808176638,-2.34402471861084,1.56231533694676,-4.60144902498296,0.568072409351559,3.62963927465093,1.85830997130704,-0.980685979437794,0.310598430893003,0.578639540798574,-0.618389984399471,0.996775482727193,-0.560265901567003,1.39852021295211,-1.92957049832244,0.389450005299339,-0.816216967710515,-0.23184778915452,-0.0269488673949637,0.128387127941999,-1.55188490293031e-16,"MV_MIM5_t1M14","MV_MIM5","milk"
3.40951370940711,-2.56119332862965,-0.400268441993154,-4.48163603541003,0.0291418064744721,-0.452887050415447,0.121356876087151,2.46790927020387,-0.383355643220727,-2.89841505559097,-3.70074598110184,-0.601212408546112,0.23772230731964,0.693361207075367,0.885359677363228,-0.769704422955316,1.69483308917774,-0.471285109306179,0.857492184248124,0.136499794053059,0.0233107302762074,-0.185985022243324,-1.55188490293031e-16,"MV_MIM5_t2M14","MV_MIM5","milk"
3.46746617635057,-3.05694135771706,-0.0719134985739731,-5.56947520102462,-0.0877371938821513,2.58782069498549,0.736341260228081,-3.51878567591508,0.476940825144368,0.750999348462613,3.05163017197016,-0.0855655596350162,-0.667464771721934,2.76474952124633,1.14797122689127,0.0798183244413035,-0.124417231586795,0.0488431264618478,-0.0826752519746596,-0.028916438117535,-0.00485336946381152,0.0411299482311235,-1.55188490293031e-16,"MV_MIM5_t3F15","MV_MIM5","milk"
