"sample_id","study_name","alcohol","shannon"
"JAS_1","KaurK_2020","No",2.82282670273628
"JAS_10","KaurK_2020","No",2.02196554115391
"JAS_2","KaurK_2020","No",3.15326504831377
"JAS_3","KaurK_2020","No",2.12021140856816
"JAS_4","KaurK_2020","No",2.72922117032184
"JAS_5","KaurK_2020","No",2.65895966747324
"JAS_6","KaurK_2020","Yes",2.57750178831634
"JAS_7","KaurK_2020","No",2.22926373324307
"JAS_8","KaurK_2020","No",3.27010042281723
"JAS_9","KaurK_2020","No",2.35995058391051
"KHG_1","KaurK_2020","No",2.56892226898314
"KHG_10","KaurK_2020","Yes",3.28040106273416
"KHG_11","KaurK_2020","No",2.13879475908643
"KHG_12","KaurK_2020","No",2.21737514044006
"KHG_2","KaurK_2020","No",0.91535127824976
"KHG_3","KaurK_2020","Yes",1.63042178169033
"KHG_4","KaurK_2020","No",1.10746767256794
"KHG_5","KaurK_2020","No",2.5927592491531
"KHG_6","KaurK_2020","No",3.04254781172743
"KHG_7","KaurK_2020","No",2.60129644209384
"KHG_8","KaurK_2020","No",2.10840313244708
"KHG_9","KaurK_2020","No",2.66784450974849
"LDK_1-2","KaurK_2020","No",1.26989675277149
"LDK_2","KaurK_2020","No",1.34034305768916
"LDK_3","KaurK_2020","Yes",0.902563447797972
"LDK_4","KaurK_2020","Yes",1.72531623666123
"LDK_5","KaurK_2020","No",2.52560437933784
"LDK_6","KaurK_2020","Yes",1.09538253748136
"LDK_7","KaurK_2020","Yes",2.95925086104105
"LDK_8","KaurK_2020","No",2.03633402437321
"LDK_9","KaurK_2020","Yes",1.14540021134456
"Travel001","KeohaneDM_2020","Yes",3.1027510238492
"Travel002","KeohaneDM_2020","Yes",3.27685242617069
"Travel003","KeohaneDM_2020","Yes",3.29454755786319
"Travel004","KeohaneDM_2020","Yes",3.09245821129768
"Travel005","KeohaneDM_2020","Yes",3.29716246309506
"Travel006","KeohaneDM_2020","Yes",3.40518496898096
"Travel007","KeohaneDM_2020","Yes",3.08083929662731
"Travel008","KeohaneDM_2020","Yes",2.46319411569367
"Travel009","KeohaneDM_2020","Yes",2.38212901999773
"Travel010","KeohaneDM_2020","Yes",3.23845595069961
"Travel011","KeohaneDM_2020","Yes",3.23835137965551
"Travel012","KeohaneDM_2020","Yes",2.14857585395715
"Travel014","KeohaneDM_2020","Yes",3.35981069789307
"Travel015","KeohaneDM_2020","Yes",1.91586068181288
"Travel016","KeohaneDM_2020","Yes",3.09967634310768
"Travel017","KeohaneDM_2020","Yes",3.34932881397452
"Travel018","KeohaneDM_2020","No",3.46148303041564
"Travel019","KeohaneDM_2020","No",2.42377934229458
"Travel020","KeohaneDM_2020","Yes",2.75867420584326
"Travel021","KeohaneDM_2020","Yes",3.28031326607257
"Travel022","KeohaneDM_2020","No",3.04594296250663
"Travel023","KeohaneDM_2020","Yes",3.4473553575542
"Travel024","KeohaneDM_2020","No",3.31842591729672
"Travel025","KeohaneDM_2020","No",3.05912790028341
"Travel026","KeohaneDM_2020","Yes",2.78477891568863
"Travel027","KeohaneDM_2020","No",3.32603455495358
"Travel028","KeohaneDM_2020","No",3.22412518236804
"Travel030","KeohaneDM_2020","No",2.94331202158366
"Travel031","KeohaneDM_2020","Yes",2.1763851501149
"Travel033","KeohaneDM_2020","Yes",3.28061851544823
"Travel036","KeohaneDM_2020","Yes",3.215609906409
"Travel037","KeohaneDM_2020","No",3.21235483812304
"Travel038","KeohaneDM_2020","Yes",3.34972673171557
"Travel039","KeohaneDM_2020","Yes",3.09093644993157
"Travel040","KeohaneDM_2020","Yes",3.42930677608771
"Travel041","KeohaneDM_2020","No",2.7237079033107
"Travel042","KeohaneDM_2020","No",3.27770576259869
"Travel043","KeohaneDM_2020","Yes",3.16441972380635
"Travel045","KeohaneDM_2020","Yes",2.1350538741532
"Travel046","KeohaneDM_2020","Yes",2.53208484118589
"Travel047","KeohaneDM_2020","No",3.69306275564915
"Travel048","KeohaneDM_2020","Yes",2.46303154860171
"Travel049","KeohaneDM_2020","Yes",3.4549044580406
"Travel050","KeohaneDM_2020","Yes",1.93447556504323
"Travel051","KeohaneDM_2020","Yes",1.8224061613077
"Travel052","KeohaneDM_2020","Yes",2.55884824896321
"Travel053","KeohaneDM_2020","Yes",2.88796229950899
"Travel054","KeohaneDM_2020","Yes",3.29982665314414
"Travel057","KeohaneDM_2020","No",3.227473155742
"Travel058","KeohaneDM_2020","Yes",3.31756589413181
"Travel059","KeohaneDM_2020","No",2.37516828929328
"Travel060","KeohaneDM_2020","No",3.37961464669377
"Travel061","KeohaneDM_2020","No",2.90015676965868
"Travel062","KeohaneDM_2020","Yes",2.76854691011183
"Travel063","KeohaneDM_2020","No",2.66244520252398
"Travel064","KeohaneDM_2020","No",3.5140041194123
"Travel065","KeohaneDM_2020","Yes",3.18951666778191
"Travel066","KeohaneDM_2020","Yes",2.19696637537597
"Travel067","KeohaneDM_2020","Yes",1.78509936267809
"Travel068","KeohaneDM_2020","No",3.07225964948842
"Travel070","KeohaneDM_2020","No",2.88513881739607
"Travel071","KeohaneDM_2020","Yes",3.38419634713495
"Travel072","KeohaneDM_2020","Yes",2.90133940183064
"Travel073","KeohaneDM_2020","Yes",2.62869386428758
"Travel075","KeohaneDM_2020","No",2.56039674818503
"Travel076","KeohaneDM_2020","Yes",2.34938025071465
"Travel077","KeohaneDM_2020","No",2.7088204279334
"Travel078","KeohaneDM_2020","Yes",2.54846224452592
"Travel079","KeohaneDM_2020","Yes",2.62489176918591
"Travel080","KeohaneDM_2020","Yes",2.46397483348729
"Travel081","KeohaneDM_2020","Yes",2.88487393700287
"Travel082","KeohaneDM_2020","Yes",2.90693528849022
"Travel083","KeohaneDM_2020","No",1.8346004898419
"Travel084","KeohaneDM_2020","Yes",2.08826803580922
"Travel085","KeohaneDM_2020","Yes",2.81102788763682
"Travel086","KeohaneDM_2020","Yes",3.2209076880185
"Travel087","KeohaneDM_2020","Yes",3.30316543015617
"Travel088","KeohaneDM_2020","Yes",2.97456639146324
"Travel089","KeohaneDM_2020","No",3.38789650090858
"Travel090","KeohaneDM_2020","Yes",2.40207074074188
"Travel091","KeohaneDM_2020","No",3.19975874067198
"Travel092","KeohaneDM_2020","No",2.49896535967911
"Travel093","KeohaneDM_2020","No",1.44583528896793
"Travel095","KeohaneDM_2020","Yes",2.95077575427661
"Travel096","KeohaneDM_2020","Yes",2.88255764682532
"Travel097","KeohaneDM_2020","Yes",3.21230273826196
"Travel098","KeohaneDM_2020","Yes",2.36538078141459
"Travel099","KeohaneDM_2020","Yes",2.74923154222486
"Travel100","KeohaneDM_2020","Yes",3.42262752410908
"Travel101","KeohaneDM_2020","Yes",2.60590013961144
"Travel102","KeohaneDM_2020","Yes",3.3353700065563
"Travel103","KeohaneDM_2020","Yes",3.39000313992906
"Travel104","KeohaneDM_2020","Yes",2.13740095641664
"Travel105","KeohaneDM_2020","Yes",1.46954201599283
"Travel106","KeohaneDM_2020","Yes",2.12437625837404
"Travel107","KeohaneDM_2020","Yes",3.19539960694802
"Travel108","KeohaneDM_2020","Yes",2.25867815359351
"Travel109","KeohaneDM_2020","Yes",2.81554184693568
"Travel110","KeohaneDM_2020","No",1.63283691476658
"Travel111","KeohaneDM_2020","Yes",3.00561288391848
"Travel112","KeohaneDM_2020","Yes",3.13239095309782
"Travel113","KeohaneDM_2020","Yes",1.12282548804464
"Travel114","KeohaneDM_2020","Yes",1.92981403104532
"Travel115","KeohaneDM_2020","Yes",2.17833028220622
"Travel117","KeohaneDM_2020","Yes",2.38285682866978
"Travel118","KeohaneDM_2020","Yes",2.5476714760814
"Travel119","KeohaneDM_2020","No",1.65320551660571
"Travel120","KeohaneDM_2020","Yes",2.18954802725317
"Travel121","KeohaneDM_2020","No",1.51006747475707
"Travel122","KeohaneDM_2020","Yes",2.11546892781214
"Travel123","KeohaneDM_2020","Yes",3.11667601377743
"Travel124","KeohaneDM_2020","Yes",2.87870025370471
"Travel125","KeohaneDM_2020","Yes",3.32310571350822
"Travel126","KeohaneDM_2020","Yes",2.76056478357837
"Travel128","KeohaneDM_2020","Yes",1.95123437025675
"Travel129","KeohaneDM_2020","Yes",2.46605251538477
"Travel130","KeohaneDM_2020","No",2.30028696184533
"HD-1","QinN_2014","No",2.92967171522243
"HD-10","QinN_2014","No",2.97935675138604
"HD-11","QinN_2014","No",2.69940445839003
"HD-12","QinN_2014","No",2.75043441416873
"HD-13","QinN_2014","No",2.61137973794706
"HD-14","QinN_2014","No",2.2568492237505
"HD-15","QinN_2014","No",2.58963226577455
"HD-16","QinN_2014","No",2.97566477189047
"HD-17","QinN_2014","No",2.82797350751235
"HD-18","QinN_2014","No",3.261607720788
"HD-19","QinN_2014","No",2.50281180980297
"HD-2","QinN_2014","No",2.89308978407596
"HD-20","QinN_2014","No",2.56144261927604
"HD-21","QinN_2014","No",2.59580387593732
"HD-22","QinN_2014","No",2.83765189766927
"HD-23","QinN_2014","No",2.14793030371322
"HD-24","QinN_2014","No",2.84459086983437
"HD-25","QinN_2014","No",1.58975660972812
"HD-26","QinN_2014","No",2.55417941185716
"HD-27","QinN_2014","No",2.70960018950906
"HD-28","QinN_2014","No",2.91224757981964
"HD-29","QinN_2014","No",3.16586257441105
"HD-3","QinN_2014","No",2.56241803065479
"HD-30","QinN_2014","No",2.0452887001904
"HD-31","QinN_2014","No",1.97737103814057
"HD-32","QinN_2014","No",2.63109700510941
"HD-33","QinN_2014","No",3.67527872215686
"HD-34","QinN_2014","No",2.93306834725837
"HD-35","QinN_2014","No",3.46102456169359
"HD-36","QinN_2014","No",2.92697424342136
"HD-37","QinN_2014","No",3.48900600894236
"HD-38","QinN_2014","No",3.11094752726323
"HD-39","QinN_2014","No",2.76663500000319
"HD-4","QinN_2014","No",2.70458890492639
"HD-40","QinN_2014","No",3.13244203057747
"HD-41","QinN_2014","No",2.56921641405956
"HD-42","QinN_2014","No",1.23426677412268
"HD-43","QinN_2014","No",3.16481837990915
"HD-44","QinN_2014","No",1.99786612896616
"HD-45","QinN_2014","No",2.56638593013485
"HD-46","QinN_2014","No",2.63134713734573
"HD-47","QinN_2014","No",2.61718824119184
"HD-48","QinN_2014","No",1.18822294605246
"HD-49","QinN_2014","No",2.32769713345054
"HD-5","QinN_2014","No",2.88326273917125
"HD-50","QinN_2014","No",2.98520700853473
"HD-51","QinN_2014","No",2.97099926001945
"HD-52","QinN_2014","No",2.67673349816235
"HD-53","QinN_2014","No",3.32477626986551
"HD-54","QinN_2014","No",3.05810633177773
"HD-55","QinN_2014","No",2.93234988666093
"HD-56","QinN_2014","No",3.30646737412971
"HD-57","QinN_2014","No",2.9976809299809
"HD-58","QinN_2014","No",2.9477781747362
"HD-59","QinN_2014","No",3.20374103051636
"HD-6","QinN_2014","No",2.38168178114122
"HD-60","QinN_2014","No",2.81974521639358
"HD-61","QinN_2014","No",2.70031826327602
"HD-62","QinN_2014","No",2.31769875374322
"HD-63","QinN_2014","No",3.20574708810462
"HD-64","QinN_2014","No",1.96724723925721
"HD-65","QinN_2014","No",2.95352530011273
"HD-66","QinN_2014","No",2.99007436527011
"HD-67","QinN_2014","No",3.19398663185135
"HD-68","QinN_2014","No",2.77801833629792
"HD-69","QinN_2014","No",2.60359485536638
"HD-7","QinN_2014","No",2.41418153544623
"HD-70","QinN_2014","No",2.03019693941686
"HD-71","QinN_2014","No",3.08390172377642
"HD-72","QinN_2014","No",3.1602645220659
"HD-73","QinN_2014","No",2.75937318557379
"HD-74","QinN_2014","No",3.0757426231164
"HD-75","QinN_2014","No",2.98547269599464
"HD-76","QinN_2014","No",1.51242112934219
"HD-77","QinN_2014","No",2.33318244605905
"HD-78","QinN_2014","No",2.78938885450794
"HD-79","QinN_2014","No",2.98124562132682
"HD-8","QinN_2014","No",3.47721275188759
"HD-80","QinN_2014","No",2.18079962223036
"HD-81","QinN_2014","No",3.27557672997786
"HD-82","QinN_2014","No",2.50256160779376
"HD-83","QinN_2014","No",2.48235498868765
"HD-9","QinN_2014","No",2.05065918608686
"HV-1","QinN_2014","No",2.4243700250637
"HV-10","QinN_2014","No",3.33008996394502
"HV-11","QinN_2014","No",2.85881515089654
"HV-12","QinN_2014","No",2.43632668141006
"HV-13","QinN_2014","No",2.73772075949074
"HV-14","QinN_2014","No",1.92127235982455
"HV-15","QinN_2014","No",1.48059752640273
"HV-16","QinN_2014","No",2.5634030428819
"HV-17","QinN_2014","No",1.51116553983997
"HV-18","QinN_2014","No",2.68535140624333
"HV-19","QinN_2014","No",2.64664605455701
"HV-2","QinN_2014","No",2.27839138087868
"HV-20","QinN_2014","No",3.1455388830792
"HV-21","QinN_2014","No",2.92100665788981
"HV-22","QinN_2014","No",2.56744015222083
"HV-23","QinN_2014","No",3.2307136075981
"HV-24","QinN_2014","No",3.2579964522703
"HV-25","QinN_2014","No",2.86092885049724
"HV-26","QinN_2014","No",3.78603979169901
"HV-27","QinN_2014","No",2.89446677383406
"HV-28","QinN_2014","No",3.60145664049262
"HV-29","QinN_2014","No",2.67770592976486
"HV-3","QinN_2014","No",2.56276682404228
"HV-30","QinN_2014","No",2.98350891034091
"HV-31","QinN_2014","No",3.10181524740922
"HV-4","QinN_2014","No",3.00969563691573
"HV-5","QinN_2014","No",1.79637266428425
"HV-6","QinN_2014","No",3.14874104560089
"HV-7","QinN_2014","No",2.70027385357649
"HV-8","QinN_2014","No",3.39579496230396
"HV-9","QinN_2014","No",1.55315296933926
"LD-1","QinN_2014","Yes",2.88607308991424
"LD-10","QinN_2014","No",2.45059283971988
"LD-11","QinN_2014","No",2.36510759825517
"LD-12","QinN_2014","Yes",2.47563602989815
"LD-13","QinN_2014","No",2.15029837293038
"LD-14","QinN_2014","No",2.9955070445601
"LD-15","QinN_2014","No",1.95878000876814
"LD-16","QinN_2014","Yes",2.84083451562401
"LD-17","QinN_2014","No",2.65184015815449
"LD-18","QinN_2014","No",1.68109354338981
"LD-19","QinN_2014","No",1.42541703269546
"LD-2","QinN_2014","No",2.71076896360343
"LD-20","QinN_2014","No",2.1950903425597
"LD-21","QinN_2014","Yes",2.73913609235368
"LD-22","QinN_2014","No",3.23056107811775
"LD-23","QinN_2014","No",2.53085888708106
"LD-24","QinN_2014","No",2.69032583380399
"LD-25","QinN_2014","No",2.76649592207754
"LD-26","QinN_2014","No",2.37533993899559
"LD-27","QinN_2014","No",2.14814194922649
"LD-28","QinN_2014","No",1.95566833723257
"LD-29","QinN_2014","No",2.19552657261847
"LD-3","QinN_2014","Yes",2.61094310399155
"LD-30","QinN_2014","No",2.7424089081618
"LD-31","QinN_2014","No",2.438421132657
"LD-32","QinN_2014","No",2.93400126845283
"LD-33","QinN_2014","Yes",2.56133509296261
"LD-34","QinN_2014","No",3.11553640651213
"LD-35","QinN_2014","Yes",3.07596122094484
"LD-36","QinN_2014","No",2.24549513295893
"LD-37","QinN_2014","No",2.56913725327149
"LD-38","QinN_2014","Yes",2.92051841028107
"LD-39","QinN_2014","No",2.53157433679447
"LD-4","QinN_2014","Yes",2.83200942110363
"LD-40","QinN_2014","No",2.63355399829022
"LD-41","QinN_2014","No",2.05770092081547
"LD-42","QinN_2014","Yes",2.31133772394697
"LD-43","QinN_2014","No",3.01807677465041
"LD-44","QinN_2014","No",3.14754812255995
"LD-45","QinN_2014","No",2.37843477838563
"LD-46","QinN_2014","Yes",1.97871427372915
"LD-47","QinN_2014","No",3.12814805568986
"LD-48","QinN_2014","No",1.77424724170651
"LD-49","QinN_2014","No",2.58175959464204
"LD-5","QinN_2014","No",2.3890253944865
"LD-50","QinN_2014","No",2.36622886203193
"LD-51","QinN_2014","Yes",2.99279977382598
"LD-52","QinN_2014","No",3.07463509274492
"LD-53","QinN_2014","No",3.17569404408942
"LD-54","QinN_2014","No",2.8121799354204
"LD-55","QinN_2014","No",2.9804614415074
"LD-56","QinN_2014","Yes",2.03188208715199
"LD-57","QinN_2014","No",2.48864767651405
"LD-58","QinN_2014","Yes",2.05954807434888
"LD-59","QinN_2014","No",1.50306848624741
"LD-6","QinN_2014","No",2.60095735612663
"LD-60","QinN_2014","Yes",2.19531781517255
"LD-61","QinN_2014","Yes",2.7196922409384
"LD-62","QinN_2014","Yes",1.47478069005222
"LD-63","QinN_2014","No",2.22472987996401
"LD-64","QinN_2014","No",2.91055228891904
"LD-65","QinN_2014","No",3.08986575725648
"LD-66","QinN_2014","Yes",2.40467240265981
"LD-67","QinN_2014","No",2.06979393198319
"LD-68","QinN_2014","No",2.52582917459561
"LD-69","QinN_2014","No",1.77947497561395
"LD-7","QinN_2014","No",1.56903441462586
"LD-70","QinN_2014","No",2.97044606968866
"LD-71","QinN_2014","No",2.28756043840181
"LD-72","QinN_2014","No",2.13919270027709
"LD-73","QinN_2014","No",3.30864576230268
"LD-74","QinN_2014","No",3.31043124547579
"LD-75","QinN_2014","No",2.74892096882238
"LD-76","QinN_2014","No",2.82447848818112
"LD-77","QinN_2014","No",2.65833666835806
"LD-78","QinN_2014","No",3.07840998232087
"LD-79","QinN_2014","No",3.6607039228522
"LD-8","QinN_2014","No",2.64447292367185
"LD-80","QinN_2014","Yes",2.19772279265242
"LD-81","QinN_2014","Yes",2.90165141030492
"LD-82","QinN_2014","No",3.26913115434454
"LD-83","QinN_2014","Yes",2.27432661443891
"LD-84","QinN_2014","No",2.92810954532433
"LD-85","QinN_2014","Yes",2.10326355160035
"LD-86","QinN_2014","No",3.21992891888973
"LD-87","QinN_2014","Yes",2.54847223430627
"LD-88","QinN_2014","No",2.57062972606868
"LD-89","QinN_2014","Yes",2.6714368875093
"LD-9","QinN_2014","Yes",2.60032073091644
"LD-90","QinN_2014","Yes",2.20967944211055
"LD-91","QinN_2014","No",2.30174803605854
"LD-92","QinN_2014","No",2.67581972661024
"LD-93","QinN_2014","No",2.5893812555419
"LD-94","QinN_2014","No",3.21379938727849
"LD-95","QinN_2014","No",2.35270875822528
"LD-96","QinN_2014","No",2.75917155355197
"LD-97","QinN_2014","No",3.05757225122059
"LD-98","QinN_2014","No",2.44705306075259
"LV-1","QinN_2014","Yes",1.87997026853178
"LV-10","QinN_2014","No",2.27470251035271
"LV-11","QinN_2014","Yes",2.97585434363241
"LV-12","QinN_2014","No",3.0292617577591
"LV-13","QinN_2014","Yes",2.65493856666761
"LV-14","QinN_2014","No",2.64370831130693
"LV-15","QinN_2014","No",2.09939484597769
"LV-16","QinN_2014","No",2.91383664080875
"LV-17","QinN_2014","Yes",1.49530209924101
"LV-18","QinN_2014","Yes",2.48036355917094
"LV-19","QinN_2014","No",2.49032149541329
"LV-2","QinN_2014","No",2.53117947601771
"LV-20","QinN_2014","No",2.41536612732513
"LV-21","QinN_2014","No",3.08870892482455
"LV-22","QinN_2014","No",1.68055688765084
"LV-23","QinN_2014","No",2.75266994999525
"LV-24","QinN_2014","Yes",2.65128603088154
"LV-25","QinN_2014","No",2.11801775029534
"LV-3","QinN_2014","No",3.08407083291115
"LV-4","QinN_2014","No",1.33906449402949
"LV-5","QinN_2014","No",2.20575296763541
"LV-6","QinN_2014","Yes",2.40255783023917
"LV-7","QinN_2014","No",2.9714958220767
"LV-8","QinN_2014","Yes",2.27100040265016
"LV-9","QinN_2014","No",2.18143457988748
"LILT_GF06_16","ThomasAM_2018a","No",1.96394674783438
"LILT_GF12_16","ThomasAM_2018a","No",1.56522897785921
"LILT_GF15_16","ThomasAM_2018a","No",2.26365394593785
"LILT_GF16_T017","ThomasAM_2018a","No",2.68428277942553
"LILT_GF17_16","ThomasAM_2018a","No",2.87353732276696
"LILT_GF18_T016","ThomasAM_2018a","No",1.59816501202643
"LILT_VF00TL_16","ThomasAM_2018a","No",2.57880847381415
"LILT_VF02_T016","ThomasAM_2018a","No",1.74162365840135
"LILT_VF04_16","ThomasAM_2018a","No",2.45485235286252
"LILT_VF06_16","ThomasAM_2018a","No",2.55956661692555
"LILT_VF07_16","ThomasAM_2018a","No",2.67304534953713
"LILT_VF100_T016","ThomasAM_2018a","No",3.24633812604086
"LILT_VF102_T017","ThomasAM_2018a","No",2.59026025316239
"LILT_VF107_16","ThomasAM_2018a","No",2.55247030276425
"LILT_VF114_T017","ThomasAM_2018a","No",2.58002332304453
"LILT_VF120_16","ThomasAM_2018a","No",3.32509078869672
"LILT_VF145_T017","ThomasAM_2018a","No",2.26841715781947
"LILT_VF154_T017","ThomasAM_2018a","No",1.45998546940171
"LILT_VF166_T017","ThomasAM_2018a","No",2.8276482304223
"LILT_VF174_T017","ThomasAM_2018a","No",1.47943957921284
"LILT_VF176_T017","ThomasAM_2018a","No",2.99286793216269
"LILT_VF192_T017","ThomasAM_2018a","No",3.40154969128309
"LILT_VF197_T017","ThomasAM_2018a","No",2.82979941288166
"LILT_VF29_16","ThomasAM_2018a","No",3.19647301581219
"LILT_VF30_16","ThomasAM_2018a","No",3.13256355531829
"LILT_VF31_16","ThomasAM_2018a","No",2.79695919402291
"LILT_VF32_T016","ThomasAM_2018a","No",2.85272548433772
"LILT_VF35_16","ThomasAM_2018a","No",2.69024888209161
"LILT_VF37_16","ThomasAM_2018a","No",1.81439850814243
"LILT_VF38_16","ThomasAM_2018a","No",3.01551799314596
"LILT_VF40_16","ThomasAM_2018a","No",2.75000443803878
"LILT_VF43_16","ThomasAM_2018a","No",0.963209354835227
"LILT_VF47_16","ThomasAM_2018a","No",2.54065941274764
"LILT_VF50_16","ThomasAM_2018a","No",2.43867745355446
"LILT_VF55_T017","ThomasAM_2018a","No",2.323544944613
"LILT_VF56_16","ThomasAM_2018a","No",1.64021680478493
"LILT_VF60_T016","ThomasAM_2018a","No",2.87590423416073
"LILT_VF65_16","ThomasAM_2018a","No",2.44673819544019
"LILT_VF66_T017","ThomasAM_2018a","No",2.30274217248677
"LILT_VF69_16","ThomasAM_2018a","No",2.71431562115013
"LILT_VF70_16","ThomasAM_2018a","No",2.13725708950607
"LILT_VF71_16","ThomasAM_2018a","No",2.11258031471618
"LILT_VF73_16","ThomasAM_2018a","No",3.05913915920467
"LILT_VF77_16","ThomasAM_2018a","No",3.02201614209314
"LILT_VF84_16","ThomasAM_2018a","No",2.88509087873173
"LILT_VF90_16","ThomasAM_2018a","No",2.15704165726096
"LILT_VF95_16","ThomasAM_2018a","No",2.62123943843265
"LILT_VF97_16","ThomasAM_2018a","No",2.23243278821088
"LILT_VF270_T017","ThomasAM_2018a","No",3.37206428538457
"LILT_VF207_T017","ThomasAM_2018a","No",2.7345205253914
"LILT_VF234_T017","ThomasAM_2018a","No",3.03347956278238
"LILT_VF217_T017","ThomasAM_2018a","No",1.27704082788349
"LILT_VF273_T017","ThomasAM_2018a","No",2.10083674814613
"LILT_VF208_T017","ThomasAM_2018a","No",0.295910676782457
"LILT_VF172_T017","ThomasAM_2018a","No",1.23953977751751
"LILT_VF216_T017","ThomasAM_2018a","No",0.877694083008589
"LILT_VF232_T017","ThomasAM_2018a","No",1.7684730881193
"LILT_VF264_T017","ThomasAM_2018a","No",2.59641013084496
"LILT_VF251_T017","ThomasAM_2018a","No",2.44944051630844
"LILT_VF259_T016","ThomasAM_2018a","No",3.08284108683584
"LILT_VF255_T016","ThomasAM_2018a","No",2.8277740765214
"LILT_VF170_T016","ThomasAM_2018a","No",3.02848300612601
"LILT_VF206_T016","ThomasAM_2018a","No",2.67685453007617
"LILT_VF212_T016","ThomasAM_2018a","No",2.55716438781281
"LILT_VF214_T016","ThomasAM_2018a","No",1.0441529476719
"LILT_VF261_T016","ThomasAM_2018a","No",1.2218488516498
"LILT_VF262_T016","ThomasAM_2018a","No",3.08399348604342
"LILT_VF263_T016","ThomasAM_2018a","No",3.04878931300023
"LILT_VF265_T016","ThomasAM_2018a","No",2.97516203925157
"LILT_VF279_T016","ThomasAM_2018a","No",2.36775121419703
"LILT_VF300_T016","ThomasAM_2018a","No",3.4170190881341
"LILT_VF10_T016","ThomasAM_2018a","No",2.61464624986516
"LILT_VF140_T016","ThomasAM_2018a","No",2.41692292773775
"LILT_VF18_T016","ThomasAM_2018a","No",2.17388567558977
"LILT_VF189_T016","ThomasAM_2018a","No",2.83746207653597
"LILT_VF28_T016","ThomasAM_2018a","No",3.20604177110728
"YSZC12003_35387","XieH_2016","Yes",3.1623168062899
"YSZC12003_35388","XieH_2016","Yes",3.21457011997173
"YSZC12003_35389R1","XieH_2016","Yes",2.1873565764883
"YSZC12003_35390","XieH_2016","Yes",2.74715237071523
"YSZC12003_35391","XieH_2016","Yes",3.40824854214738
"YSZC12003_35392","XieH_2016","Yes",3.62887236394033
"YSZC12003_35505","XieH_2016","Yes",3.00362978309527
"YSZC12003_35506","XieH_2016","Yes",3.56869538163935
"YSZC12003_35511","XieH_2016","Yes",2.56653114460076
"YSZC12003_35512","XieH_2016","Yes",3.16676927522597
"YSZC12003_35515","XieH_2016","Yes",3.32076841451824
"YSZC12003_35516","XieH_2016","Yes",3.55709263822807
"YSZC12003_35519","XieH_2016","Yes",2.89682832438888
"YSZC12003_35520","XieH_2016","Yes",3.54851992002514
"YSZC12003_35523","XieH_2016","Yes",3.10473137653751
"YSZC12003_35524","XieH_2016","No",2.93797636352776
"YSZC12003_35549","XieH_2016","No",3.23614681759586
"YSZC12003_35550","XieH_2016","No",3.44504019356586
"YSZC12003_35551","XieH_2016","No",2.87012502335415
"YSZC12003_35552","XieH_2016","No",2.64884579231131
"YSZC12003_35561","XieH_2016","Yes",3.1403537295405
"YSZC12003_35562","XieH_2016","Yes",2.80663293029529
"YSZC12003_35563","XieH_2016","Yes",3.09493744860027
"YSZC12003_35564","XieH_2016","Yes",2.95562149982296
"YSZC12003_35577","XieH_2016","No",3.14523318989615
"YSZC12003_35578","XieH_2016","Yes",3.25060202985483
"YSZC12003_35583","XieH_2016","Yes",3.33944986342667
"YSZC12003_35629","XieH_2016","Yes",3.37197147885257
"YSZC12003_35630","XieH_2016","Yes",2.62528296012069
"YSZC12003_35635","XieH_2016","Yes",3.24637700477977
"YSZC12003_35636","XieH_2016","Yes",3.53319182427997
"YSZC12003_35653","XieH_2016","Yes",2.0357379642244
"YSZC12003_35654","XieH_2016","Yes",3.2814090705991
"YSZC12003_35657","XieH_2016","No",2.94327658159757
"YSZC12003_35658","XieH_2016","Yes",2.57823125258716
"YSZC12003_35665","XieH_2016","Yes",3.21234523307325
"YSZC12003_35666","XieH_2016","Yes",2.82165143993308
"YSZC12003_35697","XieH_2016","No",3.08602882638913
"YSZC12003_35698","XieH_2016","No",3.36748761928586
"YSZC12003_35703","XieH_2016","Yes",2.7724557845807
"YSZC12003_35704","XieH_2016","Yes",1.75521944029714
"YSZC12003_35705","XieH_2016","Yes",2.83586999793541
"YSZC12003_35706","XieH_2016","Yes",2.64664336125212
"YSZC12003_35707","XieH_2016","Yes",2.70344024972098
"YSZC12003_35708","XieH_2016","Yes",2.33249954692375
"YSZC12003_35712","XieH_2016","Yes",3.06672331440149
"YSZC12003_35723","XieH_2016","Yes",3.31762759250544
"YSZC12003_35724","XieH_2016","No",2.60808812417113
"YSZC12003_35733","XieH_2016","Yes",3.72112974299644
"YSZC12003_35734","XieH_2016","Yes",3.69491443032236
"YSZC12003_35739","XieH_2016","No",3.27986318526399
"YSZC12003_35740","XieH_2016","Yes",3.20131629445416
"YSZC12003_35741","XieH_2016","Yes",3.22144051005679
"YSZC12003_35742","XieH_2016","Yes",3.41171896690526
"YSZC12003_35837","XieH_2016","Yes",3.05215221753444
"YSZC12003_35979","XieH_2016","Yes",2.58166531407174
"YSZC12003_35980","XieH_2016","Yes",3.22687977439402
"YSZC12003_35989","XieH_2016","Yes",3.50943451941676
"YSZC12003_35990","XieH_2016","Yes",3.42566993600265
"YSZC12003_35991","XieH_2016","Yes",3.41597623186158
"YSZC12003_35992","XieH_2016","Yes",3.30659336646719
"YSZC12003_35999","XieH_2016","No",3.18574352112735
"YSZC12003_36000","XieH_2016","Yes",3.43445771104142
"YSZC12003_36005","XieH_2016","Yes",3.52579658992592
"YSZC12003_36006","XieH_2016","Yes",3.48345198116593
"YSZC12003_36007","XieH_2016","Yes",3.02801554723944
"YSZC12003_36008","XieH_2016","Yes",2.88394818983276
"YSZC12003_36011","XieH_2016","Yes",2.50250772439876
"YSZC12003_36012","XieH_2016","Yes",3.34231522924371
"YSZC12003_36019","XieH_2016","Yes",2.50353187691755
"YSZC12003_36020","XieH_2016","Yes",2.46504378684682
"YSZC12003_36033","XieH_2016","Yes",3.57587768207574
"YSZC12003_36034","XieH_2016","Yes",3.0648153024447
"YSZC12003_36049","XieH_2016","Yes",3.44641948340194
"YSZC12003_36050","XieH_2016","Yes",3.14510855311898
"YSZC12003_36051","XieH_2016","Yes",3.37236295532437
"YSZC12003_36052","XieH_2016","Yes",2.81137982757128
"YSZC12003_36055","XieH_2016","Yes",3.18045415696515
"YSZC12003_36056","XieH_2016","Yes",3.07749319411939
"YSZC12003_36057","XieH_2016","No",2.97323311393361
"YSZC12003_36058","XieH_2016","Yes",3.37320472225721
"YSZC12003_36116","XieH_2016","Yes",3.08750634231664
"YSZC12003_36117","XieH_2016","Yes",3.0657531042536
"YSZC12003_36118","XieH_2016","Yes",3.16129778481931
"YSZC12003_36119","XieH_2016","Yes",2.8314622538217
"YSZC12003_36157","XieH_2016","No",3.40833413905317
"YSZC12003_36158","XieH_2016","Yes",3.00513594941134
"YSZC12003_36211","XieH_2016","Yes",3.16210608744276
"YSZC12003_36212","XieH_2016","Yes",3.23560246498787
"YSZC12003_36243","XieH_2016","Yes",3.44979595297296
"YSZC12003_36244","XieH_2016","Yes",2.8559331797216
"YSZC12003_36389","XieH_2016","Yes",2.36513833095173
"YSZC12003_36390","XieH_2016","Yes",3.50192336615001
"YSZC12003_36439","XieH_2016","Yes",3.01189807601515
"YSZC12003_36440","XieH_2016","Yes",2.34487817279223
"YSZC12003_36453","XieH_2016","Yes",3.30593828690923
"YSZC12003_36454","XieH_2016","Yes",2.55262497162106
"YSZC12003_36473","XieH_2016","Yes",3.11434225307918
"YSZC12003_36474","XieH_2016","Yes",3.31109126592722
"YSZC12003_36521","XieH_2016","Yes",2.9405484473623
"YSZC12003_36522","XieH_2016","Yes",3.45147162291987
"YSZC12003_36525","XieH_2016","Yes",3.22181275956225
"YSZC12003_36526","XieH_2016","Yes",3.37745197804208
"YSZC12003_36533","XieH_2016","Yes",3.13244789719611
"YSZC12003_36534","XieH_2016","Yes",3.24092700922178
"YSZC12003_36587","XieH_2016","Yes",3.08891984591218
"YSZC12003_36588","XieH_2016","Yes",3.10680902603802
"YSZC12003_36666","XieH_2016","Yes",2.83462119004201
"YSZC12003_36667","XieH_2016","No",3.51882617801827
"YSZC12003_36674","XieH_2016","No",2.83734842926889
"YSZC12003_36675","XieH_2016","No",2.91863977990266
"YSZC12003_36696","XieH_2016","Yes",3.48647920710971
"YSZC12003_36697","XieH_2016","Yes",2.86833753201501
"YSZC12003_36698","XieH_2016","Yes",3.18236834044086
"YSZC12003_36699","XieH_2016","Yes",2.67346728604781
"YSZC12003_36702","XieH_2016","Yes",3.0159950164447
"YSZC12003_36703","XieH_2016","Yes",3.26364116902638
"YSZC12003_36794","XieH_2016","Yes",2.92945811959677
"YSZC12003_36795","XieH_2016","Yes",3.04372536316507
"YSZC12003_36981","XieH_2016","No",2.53417112830187
"YSZC12003_36982","XieH_2016","No",2.83903542268358
"YSZC12003_37096","XieH_2016","Yes",2.88025717689441
"YSZC12003_37097","XieH_2016","No",3.19852448601679
"YSZC12003_37100","XieH_2016","Yes",3.6523371861643
"YSZC12003_37101","XieH_2016","Yes",3.50532445044152
"YSZC12003_37102","XieH_2016","Yes",3.02885846771836
"YSZC12003_37103","XieH_2016","Yes",3.17240726221972
"YSZC12003_37105","XieH_2016","Yes",2.4710206802374
"YSZC12003_37126","XieH_2016","Yes",3.19719817433289
"YSZC12003_37127","XieH_2016","Yes",3.11630308264074
"YSZC12003_37133","XieH_2016","Yes",3.15225336508525
"YSZC12003_37134","XieH_2016","No",3.35678477623037
"YSZC12003_37135","XieH_2016","Yes",3.37134977288473
"YSZC12003_37136","XieH_2016","Yes",3.56051345770512
"YSZC12003_37137","XieH_2016","Yes",3.24319601359055
"YSZC12003_37138","XieH_2016","Yes",3.40329317841087
"YSZC12003_37171","XieH_2016","No",2.93642982071566
"YSZC12003_37172","XieH_2016","Yes",3.36753685430055
"YSZC12003_37173","XieH_2016","Yes",3.37345637507865
"YSZC12003_37174","XieH_2016","Yes",2.00939251388059
"YSZC12003_37175","XieH_2016","Yes",2.70172816279928
"YSZC12003_37176","XieH_2016","Yes",3.03544234464922
"YSZC12003_37179","XieH_2016","Yes",3.03178684141766
"YSZC12003_37181R1","XieH_2016","Yes",3.22325866539019
"YSZC12003_37182R1","XieH_2016","Yes",2.78866922666634
"YSZC12003_37189R1","XieH_2016","No",1.97285427968791
"YSZC12003_37190R1","XieH_2016","Yes",2.93136617632719
"YSZC12003_37191R1","XieH_2016","Yes",2.91495559844271
"YSZC12003_37192R1","XieH_2016","No",3.61363992640165
"YSZC12003_37193R1","XieH_2016","Yes",2.65688792933163
"YSZC12003_37194","XieH_2016","Yes",2.9711728662304
"YSZC12003_37195","XieH_2016","Yes",2.86640926322717
"YSZC12003_37196","XieH_2016","Yes",1.87611497893323
"YSZC12003_37197R1","XieH_2016","Yes",3.48541126551699
"YSZC12003_37198R1","XieH_2016","Yes",3.03124933137728
"YSZC12003_37199","XieH_2016","Yes",2.8743786662254
"YSZC12003_37200R1","XieH_2016","Yes",2.7676879130708
"YSZC12003_37201","XieH_2016","Yes",2.60279106789385
"YSZC12003_37202R1","XieH_2016","Yes",2.6675031391558
"YSZC12003_37205","XieH_2016","Yes",2.84904227252345
"YSZC12003_37206","XieH_2016","Yes",1.57181354322289
"YSZC12003_37207R1","XieH_2016","Yes",2.79047734650323
"YSZC12003_37208R1","XieH_2016","Yes",3.307171420857
"YSZC12003_37209","XieH_2016","No",3.26903367242167
"YSZC12003_37210","XieH_2016","Yes",3.03324205100289
"YSZC12003_37222","XieH_2016","Yes",3.07371721759538
"YSZC12003_37223","XieH_2016","Yes",2.22478088139529
"YSZC12003_37228","XieH_2016","Yes",3.39317054621748
"YSZC12003_37229","XieH_2016","Yes",3.05860605402588
"YSZC12003_37232","XieH_2016","Yes",3.46271183348315
"YSZC12003_37233","XieH_2016","Yes",3.04523846100486
"YSZC12003_37254","XieH_2016","Yes",2.92464534502695
"YSZC12003_37255","XieH_2016","Yes",3.49519082765793
"YSZC12003_37264","XieH_2016","Yes",3.21672932589673
"YSZC12003_37265R1","XieH_2016","Yes",3.04008347849478
"YSZC12003_37268R1","XieH_2016","No",1.93761058129278
"YSZC12003_37269","XieH_2016","No",2.89132443475584
"YSZC12003_37270","XieH_2016","Yes",3.48016269036517
"YSZC12003_37271R1","XieH_2016","Yes",3.04169547341362
"YSZC12003_37276","XieH_2016","Yes",3.09272589570924
"YSZC12003_37277","XieH_2016","Yes",3.01931787810623
"YSZC12003_37282","XieH_2016","Yes",2.84259854166856
"YSZC12003_37283","XieH_2016","Yes",2.63049268098674
"YSZC12003_37284","XieH_2016","Yes",1.09241945240608
"YSZC12003_37285","XieH_2016","Yes",2.54570640348292
"YSZC12003_37286","XieH_2016","Yes",3.27237738047015
"YSZC12003_37287","XieH_2016","No",3.41792502109997
"YSZC12003_37292","XieH_2016","Yes",3.73544003400278
"YSZC12003_37293","XieH_2016","Yes",3.08991618075766
"YSZC12003_37296R1","XieH_2016","Yes",3.1921494073181
"YSZC12003_37297R1","XieH_2016","Yes",2.28287802431755
"YSZC12003_37298R1","XieH_2016","Yes",2.53803703185977
"YSZC12003_37299R1","XieH_2016","Yes",3.30266409375503
"YSZC12003_37304R1","XieH_2016","Yes",1.56062326713467
"YSZC12003_37305R1","XieH_2016","No",2.91583225136004
"YSZC12003_37308R1","XieH_2016","Yes",2.81139267108778
"YSZC12003_37309R1","XieH_2016","Yes",2.89494732580996
"YSZC12003_37314","XieH_2016","Yes",2.91676467264594
"YSZC12003_37315","XieH_2016","Yes",3.19571776822284
"YSZC12003_37316","XieH_2016","Yes",3.27342735574246
"YSZC12003_37317","XieH_2016","Yes",3.26125724749333
"YSZC12003_37322","XieH_2016","Yes",2.80217937957944
"YSZC12003_37323","XieH_2016","Yes",2.64971753032211
"YSZC12003_37330","XieH_2016","Yes",3.23595364551364
"YSZC12003_37331","XieH_2016","Yes",3.24213156271237
"YSZC12003_37332","XieH_2016","Yes",3.08464939016984
"YSZC12003_37333","XieH_2016","Yes",3.41607608795781
"YSZC12003_37336","XieH_2016","Yes",3.21515472449618
"YSZC12003_37337","XieH_2016","Yes",3.13014861014455
"YSZC12003_37348","XieH_2016","Yes",2.84053222288425
"YSZC12003_37349","XieH_2016","Yes",2.86856386943101
"YSZC12003_37352","XieH_2016","Yes",3.27140045304201
"YSZC12003_37353","XieH_2016","Yes",3.29776492599298
"YSZC12003_37393","XieH_2016","Yes",2.9318928657195
"YSZC12003_37394","XieH_2016","Yes",2.93339563127316
"YSZC12003_37399","XieH_2016","Yes",3.14617701597216
"YSZC12003_37400","XieH_2016","Yes",2.46509735900662
"YSZC12003_37405","XieH_2016","Yes",3.45937482020273
"YSZC12003_37406","XieH_2016","Yes",3.40526627942162
"YSZC12003_37461","XieH_2016","Yes",2.64362992054777
"YSZC12003_37462","XieH_2016","No",2.78008327214108
"YSZC12003_37543","XieH_2016","Yes",1.86561426194015
"YSZC12003_37544","XieH_2016","Yes",3.35057180949435
"YSZC12003_37545","XieH_2016","Yes",3.33007496576588
"YSZC12003_37546","XieH_2016","No",3.11331676596528
"YSZC12003_37583","XieH_2016","Yes",3.30541055631735
"YSZC12003_37584","XieH_2016","Yes",3.271444945461
"YSZC12003_37647","XieH_2016","Yes",2.82911241492616
"YSZC12003_37648","XieH_2016","Yes",3.00986725065875
"YSZC12003_37651","XieH_2016","Yes",2.94891313585712
"YSZC12003_37652","XieH_2016","Yes",3.54002104063502
"YSZC12003_37753","XieH_2016","Yes",3.03703586050138
"YSZC12003_37754","XieH_2016","Yes",3.2545348841903
"YSZC12003_37797","XieH_2016","Yes",3.05026841566777
"YSZC12003_37798","XieH_2016","Yes",3.10848800441776
"YSZC12003_37829","XieH_2016","Yes",3.23409000183928
"YSZC12003_37830","XieH_2016","Yes",3.26371779218326
"YSZC12003_37877","XieH_2016","Yes",3.17434746310016
"YSZC12003_37878","XieH_2016","Yes",3.15107184149492
"YSZC12003_37879","XieH_2016","Yes",1.95598726818574
"YSZC12003_37880","XieH_2016","Yes",2.88741223929413
