"UMAP1","UMAP2","sample_id"
-5.43856715393602,3.36979646358985,"JAS_1"
-5.32992219162522,3.42185158405799,"JAS_10"
-4.10104273987352,3.19229049358863,"JAS_2"
-5.41250800324022,3.38213128719825,"JAS_3"
-4.29227542114793,3.1552693334629,"JAS_4"
-4.48228596878587,3.13606257114906,"JAS_5"
-4.89159678650438,3.05045849953193,"JAS_6"
-5.3758163375908,3.32384342823524,"JAS_7"
-0.419096462255108,1.1757326808979,"JAS_8"
-4.10199307632981,3.19182176266212,"JAS_9"
0.461678721184147,1.38181022677917,"KHG_1"
0.14808417687775,1.25831534836788,"KHG_10"
-4.9637389106804,3.35933394108314,"KHG_11"
-4.50806235504686,3.18074006710548,"KHG_12"
-6.8114066047722,3.84721202526588,"KHG_2"
-5.59355544281541,3.47981424007911,"KHG_3"
-6.77138041687547,3.80611605320472,"KHG_4"
-4.30518960190355,3.14932627354163,"KHG_5"
-4.02956771088182,2.87265069160957,"KHG_6"
0.510461129421604,1.35536650691528,"KHG_7"
-5.43821715546189,3.30602759991187,"KHG_8"
-4.36542653275071,3.11712999020118,"KHG_9"
-6.72156142426072,3.7662198034336,"LDK_1-2"
-6.64204119873582,3.71809668217201,"LDK_2"
-6.79472636414109,3.82723755512733,"LDK_3"
-5.9172677917534,3.48101920757789,"LDK_4"
-4.57710789871751,1.95238454018134,"LDK_5"
-6.80527161789476,3.83653063450355,"LDK_6"
-4.33652543259202,3.12241310749549,"LDK_7"
-5.12030076218187,3.28098816547889,"LDK_8"
-6.73421763611375,3.77684445057411,"LDK_9"
-0.688462965016948,1.12292149041194,"Travel001"
-0.494335047727215,1.18701526645917,"Travel002"
-1.25815915298997,1.48951272044677,"Travel003"
-1.46588062477647,1.68465794001121,"Travel004"
-0.0019268764310949,0.21267933521766,"Travel005"
0.842908449644459,0.435219415764993,"Travel006"
-1.3469620866829,1.61503995333213,"Travel007"
-4.55495213699876,2.88913960133094,"Travel008"
-5.08484696579515,2.9559627262165,"Travel009"
-0.19512667489587,0.864479550461953,"Travel010"
-0.194337330585109,0.812797406058496,"Travel011"
-5.58944749069749,3.11194796238441,"Travel012"
-1.40181254578172,1.56444809709091,"Travel014"
-5.49286889267503,3.23480434093971,"Travel015"
-0.403235785489666,0.756199189763253,"Travel016"
0.285849027509106,0.338411637883371,"Travel017"
2.14394474791945,-0.847772410769278,"Travel018"
-4.99282311630784,2.03429068003196,"Travel019"
-4.91209124756395,2.85846371326942,"Travel020"
0.881785996431721,2.36682076130409,"Travel021"
-1.35707425308763,1.45427165303726,"Travel022"
-0.0111767573410146,0.283639141659921,"Travel023"
1.6534485893196,-1.4343941720913,"Travel024"
-0.771234862332927,1.13136573631663,"Travel025"
-0.556394807820904,1.33564663801688,"Travel026"
1.9465040044731,-1.18465595569115,"Travel027"
0.809966929430378,1.03227046255369,"Travel028"
0.987501807684315,2.49224526558418,"Travel030"
1.39011812972487,1.13129913371403,"Travel031"
-0.63005732727586,1.01065120969314,"Travel033"
0.396374471659077,1.33045911167163,"Travel036"
2.99072695540847,-0.540397456545646,"Travel037"
-1.25604855251847,1.57769832883376,"Travel038"
-1.29564332199632,1.40448040638465,"Travel039"
-0.361684910779583,1.57295663033027,"Travel040"
-4.16926287842332,2.46711630497474,"Travel041"
-1.25963293743669,1.75672204170722,"Travel042"
-1.2615368290001,1.43811658893127,"Travel043"
-5.48516129684983,3.30067367229957,"Travel045"
-5.02477311325608,2.9947069374134,"Travel046"
-0.0821123791986578,1.48919711385269,"Travel047"
-4.94627522659837,2.89350194607276,"Travel048"
-0.868896834378826,1.55909977231521,"Travel049"
-5.0985193176323,3.02778751526374,"Travel050"
-5.63713311386644,3.27670807514686,"Travel051"
-4.33123492432176,2.64906747017402,"Travel052"
-4.04799508286058,2.34223563347358,"Travel053"
-1.54606258106767,1.59401262674827,"Travel054"
-0.427465192800152,1.55102227006454,"Travel057"
-0.794828466897594,1.1772155327012,"Travel058"
-4.91250371170579,3.04763097439308,"Travel059"
0.803165324205769,0.760941603522485,"Travel060"
2.63865018653334,-2.15602164592248,"Travel061"
-4.29042386246263,2.57889539871711,"Travel062"
-4.45779132080613,2.65765661869544,"Travel063"
0.731242425913227,0.831480005126184,"Travel064"
-4.03709840012132,2.31084305916328,"Travel065"
-5.25501965714036,3.13992304478187,"Travel066"
-6.02074956131517,3.39877934132118,"Travel067"
-0.918645016675579,1.38618565474052,"Travel068"
1.25718415545882,1.24798102055091,"Travel070"
-0.765174083238231,1.32112964365978,"Travel071"
-4.14216565323411,2.38830549393195,"Travel072"
-4.62765454483567,2.71847624454994,"Travel073"
-4.25669669342576,2.31999106083412,"Travel075"
-4.47865485382615,2.64512653027076,"Travel076"
-0.608564548020946,0.958141484599298,"Travel077"
-0.597007267003643,0.942153194289392,"Travel078"
0.944076128477467,1.74355907116432,"Travel079"
-4.41701077652513,2.68960804615516,"Travel080"
-4.1239099426323,2.3928820577671,"Travel081"
-1.09651076031266,1.34819653008479,"Travel082"
-5.57098578644334,3.28660149250526,"Travel083"
-4.50486611557542,2.91701001797218,"Travel084"
1.56797266768874,0.914541998248285,"Travel085"
-1.10111045074998,1.31113808725375,"Travel086"
1.78450966643752,1.79588330660362,"Travel087"
-0.448789231305706,1.40814570460815,"Travel088"
0.529100813145054,0.810017743449395,"Travel089"
-4.25883673859178,1.84360618267555,"Travel090"
2.26660443114699,-0.904531768221671,"Travel091"
-4.4714441223198,2.73601300392646,"Travel092"
-6.36925362778245,3.53912348423499,"Travel093"
-1.01166736317216,1.6121100870182,"Travel095"
-0.513309947972881,1.57832015429038,"Travel096"
-0.628994099622356,1.59782297287483,"Travel097"
-0.548592082982647,-2.16991286601525,"Travel098"
-4.16571044159471,2.7642050472309,"Travel099"
-0.497524253850567,1.2679759797861,"Travel100"
-0.452857248311626,-2.19524913157921,"Travel101"
-0.414871685033428,1.44566179190177,"Travel102"
-0.436018697743999,1.51889012132186,"Travel103"
0.638139493936909,2.26675243053932,"Travel104"
-5.847315780645,3.33105702076454,"Travel105"
-4.83156966400682,2.85092491779823,"Travel106"
-0.826748721128093,1.52344275389213,"Travel107"
-4.34868764114915,2.62177474174995,"Travel108"
-1.08607541752397,1.30371684704322,"Travel109"
-5.51986407471238,3.23874301586646,"Travel110"
-0.247585408216106,0.973232829313462,"Travel111"
-0.113616429095852,0.88816964004535,"Travel112"
-6.69034051132737,3.74501342449684,"Travel113"
-5.0552859230095,3.05379898224372,"Travel114"
-4.54220341873704,2.66578514252204,"Travel115"
-0.00109938514767816,0.257173129658883,"Travel117"
-4.2658047599846,3.16065735493202,"Travel118"
-5.90764188004075,3.37743086491126,"Travel119"
-4.39279841614305,2.62129850063819,"Travel120"
-5.33450602722703,3.26629419003028,"Travel121"
-5.1216773910576,3.06922466431159,"Travel122"
-0.56688993406831,1.56367237244148,"Travel123"
-4.24808358383714,2.41977483902473,"Travel124"
-0.539906672959911,1.54311410460967,"Travel125"
-4.35259198380052,2.61989409599799,"Travel126"
-5.41158961487352,3.24328345928687,"Travel128"
-4.10999535751878,2.40412087116737,"Travel129"
-4.39892243576585,2.82294459019203,"Travel130"
1.19645000266494,-3.30259805049401,"HD-1"
-0.896083824163067,-1.98631124820214,"HD-10"
2.98082090186538,-2.45798998202782,"HD-11"
-0.333228222852337,-2.49364238109093,"HD-12"
0.599810637707127,-3.02658896769982,"HD-13"
-4.77017497253953,1.60622925434608,"HD-14"
-4.28380917740403,1.78314460192222,"HD-15"
0.207480661744488,-0.55468373622399,"HD-16"
-2.24033569527208,1.1341745157947,"HD-17"
-2.74580644798814,1.49841339264411,"HD-18"
-0.327913515096294,-2.25387149180871,"HD-19"
0.155361319134248,-2.28390150393944,"HD-2"
-0.495771340852367,-2.01350837077599,"HD-20"
1.12814486789168,-3.30853276576501,"HD-21"
0.0830848814791567,-0.338520816225821,"HD-22"
-4.98358725739061,1.72132856522102,"HD-23"
2.08834696578444,-2.85000281657677,"HD-24"
3.71326733397902,-3.44181685771447,"HD-25"
-0.408005587583172,-2.23436527575951,"HD-26"
1.78336418437423,-2.42873173083764,"HD-27"
0.00125547515810798,-1.98913650836449,"HD-28"
1.820648439402,-1.23296552028161,"HD-29"
1.01407266425551,-3.40985637034875,"HD-3"
-4.49111937714158,1.80679602299232,"HD-30"
2.01995588111342,-3.52814917888146,"HD-31"
-4.38338135910569,1.81355954084892,"HD-32"
-0.692613534455883,-1.49215178813439,"HD-33"
2.94208455848159,-1.99990396823388,"HD-34"
2.48608470725478,0.770438381772226,"HD-35"
2.74669528769912,-1.44143872584801,"HD-36"
1.94642735289992,0.752551951747125,"HD-37"
-0.115431867366421,-2.00684624042016,"HD-38"
0.734675474638355,-2.98427729930382,"HD-39"
1.05426443385543,-2.85270076121789,"HD-4"
1.81398177909316,-0.773153594393546,"HD-40"
-5.59449385834275,3.15175146732826,"HD-41"
-6.76522540283738,3.80527681980628,"HD-42"
1.55029726790847,-1.318937352557,"HD-43"
-0.279217086558925,-3.21430640544396,"HD-44"
1.92123640345992,-3.51441245402795,"HD-45"
-0.962164155965435,-1.96306042994958,"HD-46"
3.6953084545082,-3.39799075450402,"HD-47"
-6.71273087692796,3.75813669834632,"HD-48"
-0.109832502728092,-3.34496217097741,"HD-49"
3.03584409522475,-2.49550156917077,"HD-5"
-2.88535665703355,1.15501845751304,"HD-50"
1.75741649436416,-2.51785879458886,"HD-51"
2.4980907516426,-3.04546647395592,"HD-52"
0.829582043165577,-1.9079196962307,"HD-53"
2.80816055106582,-0.420411995310599,"HD-54"
0.179189294750107,-3.05228762950402,"HD-55"
1.34392584132613,-1.86768060054284,"HD-56"
0.89029795693816,-2.87940578784447,"HD-57"
-0.0457710547500723,-1.90989117946129,"HD-58"
2.83533168601455,-0.0442650827358311,"HD-59"
-4.44774054718553,1.82660544786949,"HD-6"
-3.65224003029405,1.61295545969505,"HD-60"
3.36865068244399,-3.0959411176632,"HD-61"
-4.76603841019212,1.9169573274662,"HD-62"
0.774963267321003,-2.0018933328579,"HD-63"
2.36117959784926,-3.38766723002892,"HD-64"
0.649058945650471,-1.40917950000268,"HD-65"
0.743157394403828,-2.94516330089074,"HD-66"
-2.29904579353868,1.22753184412021,"HD-67"
1.39140487479628,-3.26508670176964,"HD-68"
2.26302195357741,-3.23059087123376,"HD-69"
0.296128831977261,-3.25504403438073,"HD-7"
0.303236507052792,-3.89842276896935,"HD-70"
1.11379952001036,-3.25963406886559,"HD-71"
1.10568071174086,-2.89968018855553,"HD-72"
-0.0737348271661871,-2.03167372073632,"HD-73"
1.68902815150679,-1.36508112277489,"HD-74"
2.22997165488662,-2.81570964183312,"HD-75"
0.233213581318272,-3.83049731578332,"HD-76"
-0.348234824662792,-3.14069896068078,"HD-77"
2.05084944533767,-3.40333276118737,"HD-78"
-0.448095910077678,-1.94705396022301,"HD-79"
1.86398173140944,0.744181015830224,"HD-8"
-0.309453658586132,-3.08225255336266,"HD-80"
-0.496753148561107,-2.00107078876,"HD-81"
-0.371789328580486,-2.31795029963952,"HD-82"
-0.327321164136516,-3.07655625667077,"HD-83"
-5.72190808487474,3.16141647968788,"HD-9"
0.940805681223286,2.56655378017921,"HV-1"
0.68675906228484,-1.38415890063744,"HV-10"
-0.493182651525127,-1.98675709094506,"HV-11"
0.101262100214375,-3.28546624507409,"HV-12"
-0.177021972661602,-2.56471066798669,"HV-13"
-4.34515427780687,1.8060945955326,"HV-14"
-6.09652756882249,3.18133682880897,"HV-15"
-0.322997651820766,-2.93345837916833,"HV-16"
-6.1135568542534,3.30895061169166,"HV-17"
2.20996547507705,-3.03122048701745,"HV-18"
1.68117643165053,-2.58397226657372,"HV-19"
-0.340964399104702,-3.10758643474084,"HV-2"
-0.429422907357799,-2.01505236949425,"HV-20"
-0.838640384202587,-2.02717857684594,"HV-21"
-0.0120624823623769,-2.78923898066979,"HV-22"
0.979953773493183,-2.23263912524682,"HV-23"
-0.529650918965923,-2.1567423852871,"HV-24"
0.0188776852435,-3.09433989848595,"HV-25"
-2.24584030342637,1.22901242349643,"HV-26"
-0.0534876508766287,-0.163119247813041,"HV-27"
2.64306999015273,-0.233547261614615,"HV-28"
-0.477594666009533,-2.53416757907372,"HV-29"
0.383016325706852,-3.58161311473351,"HV-3"
0.520897008652104,-3.05046897258263,"HV-30"
-0.0816468371206396,-2.6583943876217,"HV-31"
-0.391106538301098,-2.44513421382409,"HV-4"
-0.288244657044994,-3.16151576365929,"HV-5"
0.115448666909946,-0.206201842684562,"HV-6"
2.3488683776802,-2.8681521924923,"HV-7"
-1.48579811287461,1.03332712624568,"HV-8"
-6.05405377579271,3.25958842907447,"HV-9"
-0.0912744177633398,-1.87896089877587,"LD-1"
1.39581967162551,-3.24323039378625,"LD-10"
-4.47497748566209,1.81962717447776,"LD-11"
-0.275983474975216,-1.86971502627831,"LD-12"
-4.9235343856865,1.74439395342368,"LD-13"
2.80806446837844,-2.34253769244652,"LD-14"
-5.42954253387986,3.11205167446632,"LD-15"
0.95801389979781,-3.11606078471642,"LD-16"
-4.95366381836473,1.69736922655601,"LD-17"
4.06127858924331,-0.632667234797293,"LD-18"
-6.75349091721116,3.79391903553504,"LD-19"
-3.90035342407762,2.22370500240821,"LD-2"
-5.02644585800706,1.9268957463314,"LD-20"
0.369983099574459,-3.2090158971737,"LD-21"
1.7411612348503,-1.19530730571252,"LD-22"
0.60641495155753,-0.672977498431022,"LD-23"
1.41882086562575,-3.35612778987389,"LD-24"
2.8818261699623,-2.41842799510461,"LD-25"
-4.39492034149705,1.81408716116447,"LD-26"
0.854114301676167,-3.41528516139489,"LD-27"
4.19624996947707,-0.602508595843131,"LD-28"
0.309493623847378,-3.8539453062008,"LD-29"
0.25174715387286,-3.53683619822961,"LD-3"
2.54698706435622,-2.87329130496483,"LD-30"
0.0987726637965567,-3.13880400981408,"LD-31"
-2.45918773842393,1.26293175790805,"LD-32"
2.63268256949843,-2.54289155330163,"LD-33"
2.30525995063247,-1.14565782870751,"LD-34"
2.07377875613631,1.56218622003097,"LD-35"
-0.853118829255687,-2.00441103305321,"LD-36"
-0.0673671884590261,0.127882012467569,"LD-37"
0.578828580850971,-1.44056444491845,"LD-38"
-0.0507599933200948,-1.93910794581872,"LD-39"
2.62768221663894,-2.46870260562401,"LD-4"
-0.00138149393140008,-3.05331473674279,"LD-40"
0.353688948029888,-3.86037640895348,"LD-41"
-2.79737853241502,1.0553316076507,"LD-42"
-3.33037018013536,1.51140076790351,"LD-43"
-0.824636451726543,-0.926874926943595,"LD-44"
0.162692535842074,1.28958659742374,"LD-45"
-5.05772208405076,1.90543861065406,"LD-46"
0.591558493847264,-1.43325739230614,"LD-47"
-5.85991906357347,3.23991222057838,"LD-48"
1.83878732490004,-3.41070132579308,"LD-49"
-0.782273940568554,-1.13731437053185,"LD-5"
-3.6534202022606,1.56018389139671,"LD-50"
-0.170158527618038,-3.21841960277062,"LD-51"
0.0151859896129496,-1.94528084125024,"LD-52"
-0.828757576470958,-0.900656274218375,"LD-53"
-0.0839935911947363,-1.70421271647912,"LD-54"
-0.23509883118211,-1.90052657451134,"LD-55"
2.05457819270552,-3.50097422923546,"LD-56"
-0.876636378293621,-0.848054340739066,"LD-57"
-5.03293656540452,1.89312369499702,"LD-58"
-6.07921313477098,3.37306661282081,"LD-59"
0.215685181493176,-2.50829558696252,"LD-6"
-5.93354272080003,3.20733685169715,"LD-60"
1.22291661071242,-3.36125092830163,"LD-61"
3.75022531318129,-3.48386483516198,"LD-62"
1.99369085597457,-3.46108918513756,"LD-63"
-1.28648113442002,1.39049217973251,"LD-64"
-3.46167611313401,1.76650501165885,"LD-65"
0.00263812410296271,-3.21221547450524,"LD-66"
-4.96878050995408,1.75935042772788,"LD-67"
-0.0982666833454244,-1.87186484660607,"LD-68"
0.313310273165119,-3.86965184535485,"LD-69"
-6.72049521637498,3.76827234898109,"LD-7"
-2.9317200107628,1.1708978650381,"LD-70"
-0.1910478098446,-3.2333455594967,"LD-71"
-3.58660697174607,1.79852724943656,"LD-72"
-0.028460956936466,-1.89910655345421,"LD-73"
-0.594260744577038,-2.09554367389184,"LD-74"
0.9696489052719,-2.82308583583337,"LD-75"
-4.34495448303758,2.66105551395912,"LD-76"
1.42782259749831,-1.87256412829858,"LD-77"
-0.68915771675645,-0.698358467478568,"LD-78"
-0.826734177594768,-0.878315738100821,"LD-79"
0.508941538805378,-3.30740552272301,"LD-8"
-5.49574040604173,2.91271538410682,"LD-80"
1.16167963313521,-3.20988040294152,"LD-81"
-0.0229018701368444,0.195673414807504,"LD-82"
-1.03526388836442,-1.91285662974816,"LD-83"
2.35454321669997,0.310885557275003,"LD-84"
-4.43418549728929,1.7916925636341,"LD-85"
-2.20918535423814,1.0502626014163,"LD-86"
0.301930822605503,-3.89443402614098,"LD-87"
2.73992563056411,-1.93682747210961,"LD-88"
3.42704606818618,-3.17367701854211,"LD-89"
-0.292144678359615,-2.56720857943993,"LD-9"
-0.0758221222215765,-3.06614022578698,"LD-90"
-0.796643845563518,-1.08736186351281,"LD-91"
0.350107185716046,-3.7865624937008,"LD-92"
3.62158227729262,-3.3383350881527,"LD-93"
0.00852924602688621,-1.95495062198144,"LD-94"
0.122623212808979,-3.24857859935265,"LD-95"
0.633308835501087,-0.722940138239676,"LD-96"
-2.45987295342027,1.27982465301055,"LD-97"
-0.343373261218654,-2.21460681285363,"LD-98"
0.317399002785099,-3.88357167567712,"LV-1"
-0.752570859914409,1.47340137634773,"LV-10"
-3.62315797043382,1.56899873290557,"LV-11"
0.182987086648358,1.2996543583681,"LV-12"
-5.837465755468,3.20578736935157,"LV-13"
1.98520470427932,-0.870061686892325,"LV-14"
3.61140776442946,-3.31826644267541,"LV-15"
-0.847489230161297,-0.872755578417594,"LV-16"
0.257292576307667,-3.84115701045495,"LV-17"
-0.572616867547619,-2.1488876851986,"LV-18"
0.978649087423695,2.5428859678318,"LV-19"
0.830645330423725,-2.82929997767907,"LV-2"
2.0870720224327,-3.43658023204308,"LV-20"
0.584062554115666,-1.43775325145226,"LV-21"
1.96480441855849,1.94059617195625,"LV-22"
1.57749951648177,-3.36640124644738,"LV-23"
0.0726349839812643,-3.06359391536217,"LV-24"
-4.95760249329148,1.6889053669979,"LV-25"
3.12725997733535,0.943424963693803,"LV-3"
-6.45639371109544,3.57789225254554,"LV-4"
2.11892772483291,-3.48739056910973,"LV-5"
2.20644117164077,-3.3817544492672,"LV-6"
-2.79657863808213,1.09578075243506,"LV-7"
-4.34012650681077,1.80414468918342,"LV-8"
0.875686235899342,-3.33521418895226,"LV-9"
1.93158925342025,1.75273490820426,"LILT_GF06_16"
3.72503829764785,-3.45953421916466,"LILT_GF12_16"
3.50362802314223,0.942279064397996,"LILT_GF15_16"
3.47830034064711,0.879123368601983,"LILT_GF16_T017"
3.38857413100661,0.814041116576379,"LILT_GF17_16"
-0.473177961831676,1.60557384167213,"LILT_GF18_T016"
-0.596377365117656,0.838307419161981,"LILT_VF00TL_16"
-6.70046328735887,3.75872058544654,"LILT_VF02_T016"
0.455533273691548,1.40034494672317,"LILT_VF04_16"
1.28425861167373,-0.779824546236808,"LILT_VF06_16"
-4.05178689194261,2.32901723061103,"LILT_VF07_16"
3.23027039336623,0.900854521732515,"LILT_VF100_T016"
3.21075583266677,0.96583619092006,"LILT_VF102_T017"
-0.0875534339004629,0.102674612145608,"LILT_VF107_16"
0.628298051828755,-0.706231764216239,"LILT_VF114_T017"
2.40230680274428,1.03813236330051,"LILT_VF120_16"
3.3295641021675,0.809012809138482,"LILT_VF145_T017"
0.520596303219212,1.35427952681083,"LILT_VF154_T017"
-3.20161341858445,1.43294710789222,"LILT_VF166_T017"
3.45508790778579,0.881321662407106,"LILT_VF174_T017"
-3.29758881760179,1.43802628789443,"LILT_VF176_T017"
1.54493571090163,-0.0690300973842686,"LILT_VF192_T017"
3.43247009086074,0.856535368900483,"LILT_VF197_T017"
1.40191102790297,-0.0430620225856846,"LILT_VF29_16"
2.35466028022231,0.348001190762704,"LILT_VF30_16"
0.512189038271321,1.35278821859855,"LILT_VF31_16"
2.89675141143264,-0.247352651018912,"LILT_VF32_T016"
2.81379748153151,-0.280857733149344,"LILT_VF35_16"
1.95802903937758,1.82001210127372,"LILT_VF37_16"
2.59678340720595,0.927965992431825,"LILT_VF38_16"
3.24433327483596,0.942325556020921,"LILT_VF40_16"
-6.78518246841966,3.82128019009132,"LILT_VF43_16"
0.12047435081215,-2.74200778331261,"LILT_VF47_16"
3.37265182303847,0.732923218350595,"LILT_VF50_16"
3.35341049003066,0.74314386520881,"LILT_VF55_T017"
0.286897830838574,-2.49732261027795,"LILT_VF56_16"
-3.35004042816697,1.4323552337696,"LILT_VF60_T016"
3.44445944594802,0.866628670435136,"LILT_VF65_16"
2.11057210730971,-1.31160526599389,"LILT_VF66_T017"
-0.600363485341656,0.789598771672433,"LILT_VF69_16"
-6.08905553055345,3.37098545704383,"LILT_VF70_16"
3.5029826240486,-1.01993685092431,"LILT_VF71_16"
2.98038149642409,1.06267127890486,"LILT_VF73_16"
-3.43334745598375,1.50961912546653,"LILT_VF77_16"
2.7843866424507,-2.25656204547387,"LILT_VF84_16"
0.77844185399474,-3.03007846202355,"LILT_VF90_16"
1.7327246742195,-3.3369660886715,"LILT_VF95_16"
0.170114159757508,-2.53912883128625,"LILT_VF97_16"
-2.12594317627488,1.23271867011089,"LILT_VF270_T017"
3.05049014853896,0.975650140385812,"LILT_VF207_T017"
2.76008749770583,0.329410859685128,"LILT_VF234_T017"
1.76502669619979,-0.620046428103263,"LILT_VF217_T017"
1.84958840178908,0.111086794476693,"LILT_VF273_T017"
0.644554086202992,-0.649166992564017,"LILT_VF208_T017"
-6.17521666718064,3.30926079426307,"LILT_VF172_T017"
4.17103386687697,-0.612181356806571,"LILT_VF216_T017"
3.49825549888076,0.879994073252862,"LILT_VF232_T017"
2.91363001632155,-2.32203417148095,"LILT_VF264_T017"
3.39118958281936,0.752839126925653,"LILT_VF251_T017"
2.05634702014388,-1.31265335406762,"LILT_VF259_T016"
-0.56128519011079,0.833853104453271,"LILT_VF255_T016"
2.5776953773445,0.679037907462304,"LILT_VF170_T016"
0.0160486327356226,-1.97771578158837,"LILT_VF206_T016"
3.18775916861953,0.973176070790475,"LILT_VF212_T016"
0.636147327894581,-0.676037839312369,"LILT_VF214_T016"
-6.69417523575364,3.74610705051917,"LILT_VF261_T016"
-0.0355127526575201,1.0480101940443,"LILT_VF262_T016"
-0.0169589741283529,1.10279467103418,"LILT_VF263_T016"
3.27900005149306,0.900361323099321,"LILT_VF265_T016"
3.36839509772719,-3.11912541713219,"LILT_VF279_T016"
0.831738598818196,-0.422105005640799,"LILT_VF300_T016"
1.98761249350966,1.91349721823234,"LILT_VF10_T016"
2.6350045280403,1.02948068950672,"LILT_VF140_T016"
1.4279116468376,-1.3685446294735,"LILT_VF18_T016"
2.5027921276039,1.03881633404989,"LILT_VF189_T016"
1.42337990569533,-0.0476954492519444,"LILT_VF28_T016"
-2.04623150063096,1.21301178012389,"YSZC12003_35387"
1.5482570009178,-1.31055741633874,"YSZC12003_35388"
3.60108114051284,-3.27838092174035,"YSZC12003_35389R1"
-1.53930925560533,1.47661573563117,"YSZC12003_35390"
2.1579287128395,-0.821766427416617,"YSZC12003_35391"
2.62970996665419,-0.773191264529044,"YSZC12003_35392"
2.82780504989089,-0.782115867991263,"YSZC12003_35505"
0.765627630228413,0.998448618989175,"YSZC12003_35506"
3.67745829390944,-0.641786626238639,"YSZC12003_35511"
1.37005985545577,-0.620608499903495,"YSZC12003_35512"
0.847099371427906,2.30611593399543,"YSZC12003_35515"
2.12285507487716,0.00159687672156639,"YSZC12003_35516"
3.60149145888747,-0.874733141321952,"YSZC12003_35519"
2.09954918193282,1.24689465139407,"YSZC12003_35520"
0.624102719301594,1.19165374461908,"YSZC12003_35523"
1.62581492232741,0.523105928044503,"YSZC12003_35524"
-2.4144179744774,1.31016943727035,"YSZC12003_35549"
2.08398533629836,0.753262588124459,"YSZC12003_35550"
2.07790661620559,-3.4193110975216,"YSZC12003_35551"
0.557319231504811,1.30863987777728,"YSZC12003_35552"
2.1510870532936,1.22200061504144,"YSZC12003_35561"
3.14561272429885,-2.69098835315209,"YSZC12003_35562"
1.49377430247725,1.04537975911397,"YSZC12003_35563"
-2.75404977036058,1.21130634967584,"YSZC12003_35564"
2.79472661780776,-1.22830038394433,"YSZC12003_35577"
2.27014685439528,-1.2934074911068,"YSZC12003_35578"
2.49646426009597,-0.0728136810253208,"YSZC12003_35583"
1.71840906905593,0.0292373386432583,"YSZC12003_35629"
2.06228113936843,-3.40707068767052,"YSZC12003_35630"
2.73008323478164,-0.739378145594413,"YSZC12003_35635"
1.38527143763961,0.714111962657159,"YSZC12003_35636"
3.68834162520827,-3.41747718181115,"YSZC12003_35653"
3.48443389701308,-0.872831514735038,"YSZC12003_35654"
2.79806567000808,-1.23654418315392,"YSZC12003_35657"
-3.53040599060594,1.72730822239417,"YSZC12003_35658"
1.26916409301223,-1.50059299792748,"YSZC12003_35665"
-3.33147167397081,1.47708917532462,"YSZC12003_35666"
1.4470903949684,1.08707667079169,"YSZC12003_35697"
3.35662437247695,-0.840296200175101,"YSZC12003_35698"
0.325955532664669,-2.87956815089684,"YSZC12003_35703"
3.7016389446205,-3.43407254542809,"YSZC12003_35704"
2.04473949241103,-1.15442018832665,"YSZC12003_35705"
2.66315937804641,-2.20054369296532,"YSZC12003_35706"
1.93964219855727,1.87520457182426,"YSZC12003_35707"
-4.67584275436937,1.91670126591224,"YSZC12003_35708"
1.2493958549446,1.24072405074138,"YSZC12003_35712"
2.5794637279457,-2.20620661105614,"YSZC12003_35723"
3.39984823035659,-3.11572032298546,"YSZC12003_35724"
1.89398444461287,-0.137072971720511,"YSZC12003_35733"
1.74481833743514,-0.266935518641288,"YSZC12003_35734"
1.40353787707747,-0.0149946721981113,"YSZC12003_35739"
1.71873653697432,-0.650931886095816,"YSZC12003_35740"
2.36014796065749,-0.35863881434899,"YSZC12003_35741"
2.63335896300734,0.622386732440179,"YSZC12003_35742"
1.37497854995192,2.48258502159614,"YSZC12003_35837"
1.1250307040161,-3.07833819713097,"YSZC12003_35979"
0.476407386536015,0.300252327065652,"YSZC12003_35980"
2.35761452483596,-0.0585749658535069,"YSZC12003_35989"
-2.20453166199266,1.27937924240131,"YSZC12003_35990"
2.73974872397841,0.331396230797952,"YSZC12003_35991"
1.06920678185881,1.47743720684547,"YSZC12003_35992"
1.10380572843016,1.45321489248771,"YSZC12003_35999"
2.20724798011245,-1.19442825641137,"YSZC12003_36000"
2.31536103057326,-0.777277639765555,"YSZC12003_36005"
2.33898902701796,-1.07803016032677,"YSZC12003_36006"
1.53641677665175,0.941158675890153,"YSZC12003_36007"
2.4281284885353,-2.18520408000451,"YSZC12003_36008"
1.15294969844283,2.28657276306648,"YSZC12003_36011"
2.70000696944655,0.146832117181009,"YSZC12003_36012"
3.14979697036208,-2.65017276133996,"YSZC12003_36019"
2.42316175269545,-2.67040090884667,"YSZC12003_36020"
2.15580654906691,-0.776744297404105,"YSZC12003_36033"
0.188222799623621,0.251645394902414,"YSZC12003_36034"
2.76371956633986,0.635138639550393,"YSZC12003_36049"
1.89976692962111,-1.10067730273705,"YSZC12003_36050"
2.24992919730605,-0.797362020869071,"YSZC12003_36051"
1.52308977412642,-1.3836973222683,"YSZC12003_36052"
1.10550833510817,0.51904410992164,"YSZC12003_36055"
-2.23463653755723,1.30498132977981,"YSZC12003_36056"
2.83334160613478,-0.453167251009757,"YSZC12003_36057"
-2.23216079903184,1.24892620120544,"YSZC12003_36058"
1.24544978904189,1.23180490110416,"YSZC12003_36116"
2.80908609198989,-1.09851866092187,"YSZC12003_36117"
2.13112021254958,-0.303675225634391,"YSZC12003_36118"
1.97049296664656,1.89454985533256,"YSZC12003_36119"
1.67783118056716,-1.65043955172997,"YSZC12003_36157"
1.45882893371047,-1.24284344043236,"YSZC12003_36158"
2.8084299640602,-2.28242068614464,"YSZC12003_36211"
2.35561776923598,-1.19564490642052,"YSZC12003_36212"
0.625780500645054,0.964402401189988,"YSZC12003_36243"
-0.493264786725628,1.32890880976219,"YSZC12003_36244"
1.35060430335463,1.31803631160755,"YSZC12003_36389"
2.75632477569045,0.173450717072671,"YSZC12003_36390"
2.80942488479079,-0.594605615992362,"YSZC12003_36439"
-4.71479033661424,1.88643647108573,"YSZC12003_36440"
2.55025053786696,0.606613614897912,"YSZC12003_36453"
2.45956683921279,-2.06746177997094,"YSZC12003_36454"
1.73241759108962,0.855307453613465,"YSZC12003_36473"
2.2937872486061,0.198782989125436,"YSZC12003_36474"
1.19305861758651,1.34557118390102,"YSZC12003_36521"
2.12577915954055,-0.788501194376761,"YSZC12003_36522"
1.26339042949141,0.59020162497062,"YSZC12003_36525"
1.85313750075759,1.32413814340133,"YSZC12003_36526"
2.47083116340102,0.470772036652749,"YSZC12003_36533"
3.26407719420852,0.796507099013513,"YSZC12003_36534"
2.24681044387282,-0.486135056872184,"YSZC12003_36587"
1.45795751380385,0.723514565568155,"YSZC12003_36588"
2.86541868018569,-1.1822813066433,"YSZC12003_36666"
2.40923572349013,-0.689988902468497,"YSZC12003_36667"
1.92816425132216,1.8252231565525,"YSZC12003_36674"
1.09018159675063,2.41907901440162,"YSZC12003_36675"
2.37152028846206,0.389321157078927,"YSZC12003_36696"
1.90791428851546,1.84672273073692,"YSZC12003_36697"
1.41786635684432,-0.539384892840201,"YSZC12003_36698"
1.05837328004302,1.96421701584358,"YSZC12003_36699"
0.126232797686247,-3.05425410594445,"YSZC12003_36702"
1.08217478560866,-1.84893446292382,"YSZC12003_36703"
2.73244620131911,-2.50022559489709,"YSZC12003_36794"
0.573071934456242,2.40229923401374,"YSZC12003_36795"
3.66293025779189,-3.39284663524132,"YSZC12003_36981"
1.99982739257277,-3.0238705190609,"YSZC12003_36982"
2.64922238158645,-0.277882865328605,"YSZC12003_37096"
3.67113018798293,-0.776304772753531,"YSZC12003_37097"
-1.6945156974846,1.40915525827903,"YSZC12003_37100"
2.29621172713698,-0.197062662501151,"YSZC12003_37101"
2.41120768355788,0.412543067078775,"YSZC12003_37102"
1.03682548570098,2.48604006443519,"YSZC12003_37103"
1.02318716811599,2.48633129272956,"YSZC12003_37105"
1.48828542994918,-1.25048523272973,"YSZC12003_37126"
1.7206249313301,-1.32931666697961,"YSZC12003_37127"
1.91647852229537,1.83763975773353,"YSZC12003_37133"
1.55175174045028,1.88704998169441,"YSZC12003_37134"
-0.56829350424348,1.34128437314529,"YSZC12003_37135"
1.95304168033065,-0.0585053476284092,"YSZC12003_37136"
2.26247645186843,-0.126027277369315,"YSZC12003_37137"
2.39741707610549,0.343731650452798,"YSZC12003_37138"
3.70046711730422,-0.653530767817313,"YSZC12003_37171"
3.44478894042434,-0.644575646776969,"YSZC12003_37172"
2.55469346808852,-1.32792167987328,"YSZC12003_37173"
2.27677274512709,-3.34330849971276,"YSZC12003_37174"
2.82496834563674,-1.27459769572716,"YSZC12003_37175"
2.50221658515395,-2.23392777766686,"YSZC12003_37176"
2.16390515136184,-1.13891988124352,"YSZC12003_37179"
1.22193325328292,2.0760542241146,"YSZC12003_37181R1"
3.39807439612807,-0.937564900774772,"YSZC12003_37182R1"
3.89613033103408,-0.767876437563712,"YSZC12003_37189R1"
3.37342668342055,-0.956569960970694,"YSZC12003_37190R1"
2.37751818465651,1.0064344790985,"YSZC12003_37191R1"
2.40831447410048,-0.0735432418773716,"YSZC12003_37192R1"
3.56095815467299,-0.561353734392936,"YSZC12003_37193R1"
0.876033552164448,-1.82354741420251,"YSZC12003_37194"
0.762099512094868,-1.94778614367943,"YSZC12003_37195"
4.15300322341384,-0.594031980891043,"YSZC12003_37196"
2.07382071780623,1.44258121524352,"YSZC12003_37197R1"
1.47200430201949,-0.498066237826163,"YSZC12003_37198R1"
1.69901514815749,1.74196160707969,"YSZC12003_37199"
1.78985346126021,-2.95369439448815,"YSZC12003_37200R1"
1.91233766841353,1.88532055292625,"YSZC12003_37201"
2.13881350326003,-3.03187566127282,"YSZC12003_37202R1"
3.16454911994399,-1.18448381747704,"YSZC12003_37205"
4.20033074187697,-0.62818878020745,"YSZC12003_37206"
3.20528198050917,-1.19287948932152,"YSZC12003_37207R1"
1.59427369403304,-0.680063894648368,"YSZC12003_37208R1"
2.7401127891487,-1.16380839671593,"YSZC12003_37209"
1.06229180859984,2.09634978447456,"YSZC12003_37210"
3.61103535460891,-0.777410319704825,"YSZC12003_37222"
3.84041286277236,-0.686806491274649,"YSZC12003_37223"
1.42548204230727,0.477004179101175,"YSZC12003_37228"
2.75163365172805,-1.13793878879052,"YSZC12003_37229"
1.73252762126387,-1.46578531589013,"YSZC12003_37232"
0.974001057619465,2.54334551964301,"YSZC12003_37233"
1.62474168109359,-0.607496789355094,"YSZC12003_37254"
1.29815984534682,-1.08856468524438,"YSZC12003_37255"
2.68414426612319,0.65932349238891,"YSZC12003_37264"
3.80053902434768,-0.699960282702262,"YSZC12003_37265R1"
3.68332792090834,-3.41568904246789,"YSZC12003_37268R1"
2.54957891272963,-0.261053017039115,"YSZC12003_37269"
1.09743768739165,2.29283375416297,"YSZC12003_37270"
2.49775148200454,-2.18072395648461,"YSZC12003_37271R1"
1.05975175666274,-1.68670111026269,"YSZC12003_37276"
0.843218989843739,-3.07991652812462,"YSZC12003_37277"
3.61989093589248,-3.3421569379757,"YSZC12003_37282"
3.70663595961989,-3.43697791423302,"YSZC12003_37283"
1.91680801677169,1.92822177086372,"YSZC12003_37284"
3.38622952269973,-3.09244256343346,"YSZC12003_37285"
-2.69410347176133,1.21892155830163,"YSZC12003_37286"
1.83922887610854,-0.707196644205863,"YSZC12003_37287"
-1.77007865143357,1.4375198570301,"YSZC12003_37292"
2.41622806357802,0.994287253658956,"YSZC12003_37293"
3.52685571479262,-0.688967874903495,"YSZC12003_37296R1"
3.88028288649978,-0.708157113451773,"YSZC12003_37297R1"
2.75687814521254,-1.04476838435631,"YSZC12003_37298R1"
1.02651936578215,-1.78870969142419,"YSZC12003_37299R1"
4.20225716399611,-0.607109836001212,"YSZC12003_37304R1"
2.39119840430678,0.693110802512353,"YSZC12003_37305R1"
-3.73934458923875,1.64312679443855,"YSZC12003_37308R1"
-3.67624305916368,1.57144726191062,"YSZC12003_37309R1"
1.74820411967696,-0.91749530162316,"YSZC12003_37314"
-3.34225582314073,1.45277289424438,"YSZC12003_37315"
2.2725744323677,-0.0728519472072666,"YSZC12003_37316"
1.02511686849059,0.27264643583793,"YSZC12003_37317"
1.66280306147994,0.899062895517533,"YSZC12003_37322"
0.917876906866444,-3.13429456080895,"YSZC12003_37323"
0.632963784212483,-0.623623779673392,"YSZC12003_37330"
-3.01275109482347,1.3570233372261,"YSZC12003_37331"
2.54232550429763,-0.0569687398860996,"YSZC12003_37332"
2.12067688273848,-0.166956952471549,"YSZC12003_37333"
1.67686391639174,0.485467204194253,"YSZC12003_37336"
1.01982922124327,2.45275277767677,"YSZC12003_37337"
3.23432637023391,0.810774215798562,"YSZC12003_37348"
0.99745584296645,2.50810260448951,"YSZC12003_37349"
2.11639643477858,-0.560829213518912,"YSZC12003_37352"
0.541124977344883,0.946147241931146,"YSZC12003_37353"
1.32544661330642,-0.686904958147818,"YSZC12003_37393"
2.2649774627632,-2.02514009799462,"YSZC12003_37394"
3.10866833495559,-2.65587334956628,"YSZC12003_37399"
0.886306770319355,-2.94411044444543,"YSZC12003_37400"
1.04674304294051,1.23169382784862,"YSZC12003_37405"
-0.233611874108898,0.936120369773095,"YSZC12003_37406"
-3.95963477325975,1.66219384346504,"YSZC12003_37461"
0.705802388662709,1.2307392743637,"YSZC12003_37462"
-5.3639058990532,3.18258351955909,"YSZC12003_37543"
1.61693955230178,0.910522529225534,"YSZC12003_37544"
2.09642470645369,-0.552257946390921,"YSZC12003_37545"
2.72886467742385,-2.15630750979882,"YSZC12003_37546"
1.5994204359001,0.917315819602197,"YSZC12003_37583"
2.45340443419875,-0.109727195162589,"YSZC12003_37584"
2.55594540404738,-1.27854280795556,"YSZC12003_37647"
1.83677566813887,-0.467487147707755,"YSZC12003_37648"
2.75081182288588,-0.637050560374076,"YSZC12003_37651"
1.43936301040114,0.177917727570718,"YSZC12003_37652"
0.367429308766735,1.34016800795097,"YSZC12003_37753"
1.21741271781386,1.19098658983011,"YSZC12003_37754"
1.30063892173232,-0.721463373560721,"YSZC12003_37797"
1.31107497977675,-3.00941853847008,"YSZC12003_37798"
2.71326566504897,-0.694943598170096,"YSZC12003_37829"
3.42654324340285,0.665894874673074,"YSZC12003_37830"
2.04231429862441,-0.446562460322196,"YSZC12003_37877"
2.41766763495864,-1.15296225871545,"YSZC12003_37878"
4.1384077148384,-0.639358333010489,"YSZC12003_37879"
3.54572034644545,-0.625079682726676,"YSZC12003_37880"
