"V1","V2","sample_id"
-0.559271372100117,-0.0631207539998297,"JAS_1"
-0.57620853107359,-0.118488574135937,"JAS_10"
-0.399595175063309,0.168414340318357,"JAS_2"
-0.580308588595059,-0.118664148050484,"JAS_3"
-0.525657290462102,0.0305347256282215,"JAS_4"
-0.539573959138319,0.0171257173379479,"JAS_5"
-0.532769614820318,-0.0585667198295071,"JAS_6"
-0.558592606108199,-0.133173113875435,"JAS_7"
-0.204298493177421,0.221571518874938,"JAS_8"
-0.460850259226213,0.0592839260406023,"JAS_9"
-0.0773419132218681,0.136423880771522,"KHG_1"
-0.150428831829575,0.203505632301883,"KHG_10"
-0.55887287224206,-0.0438155994989516,"KHG_11"
-0.54237005689681,-0.0806621203870803,"KHG_12"
-0.585927278964031,-0.222784814798174,"KHG_2"
-0.576971230595514,-0.114650105973799,"KHG_3"
-0.582500541622797,-0.19881936121098,"KHG_4"
-0.523468715795537,0.0181832017817415,"KHG_5"
-0.41201783392168,0.119778527279068,"KHG_6"
-0.192133695328247,0.263903134804618,"KHG_7"
-0.553511047410879,-0.155076991620709,"KHG_8"
-0.497126898320737,0.00679620332789188,"KHG_9"
-0.565721202166707,-0.202224251911103,"LDK_1-2"
-0.580714611484653,-0.16525909348222,"LDK_2"
-0.586794469615469,-0.258791336937234,"LDK_3"
-0.557969056414782,-0.144930494824067,"LDK_4"
-0.38505507053297,0.0227157928447169,"LDK_5"
-0.583988630710167,-0.250249874199152,"LDK_6"
-0.497088334710594,0.0864911607042254,"LDK_7"
-0.55939982689858,-0.0849188809516063,"LDK_8"
-0.578111883564531,-0.168262922025363,"LDK_9"
-0.163482196414274,0.203781298996133,"Travel001"
-0.163791729416121,0.294711967881881,"Travel002"
-0.366904735669677,0.111893709934185,"Travel003"
-0.290144731598577,0.120711249308185,"Travel004"
0.0169972356346935,0.0745828478735773,"Travel005"
0.0241523905614202,0.232278276047054,"Travel006"
-0.250776538806719,0.0826881237793331,"Travel007"
-0.519920391059443,0.00684295248926566,"Travel008"
-0.5493349426607,-0.119202491277289,"Travel009"
-0.062185016864286,0.177305602036372,"Travel010"
-0.0621790945931682,0.177297560534973,"Travel011"
-0.437089983862586,-0.144961517758367,"Travel012"
-0.218153926390623,0.143890152264231,"Travel014"
-0.511347104289146,-0.155550080135384,"Travel015"
-0.0286779725082848,0.202240282400872,"Travel016"
0.0628621650042254,0.145398256959498,"Travel017"
0.0952227749714686,0.0845820534068551,"Travel018"
-0.383439016203392,-0.158427063401643,"Travel019"
-0.539406913611245,-0.109298018675207,"Travel020"
-0.157205406185983,0.283489820535911,"Travel021"
-0.123622584383517,0.0815157216417741,"Travel022"
-0.0162060129931452,0.0945161197363466,"Travel023"
0.172501003531978,-0.00884084604089211,"Travel024"
-0.141701134849899,0.324516256312128,"Travel025"
-0.160744561931845,0.26159659372934,"Travel026"
0.102908133398539,0.115057682922092,"Travel027"
0.0385305788647024,0.28725877374952,"Travel028"
-0.0245125733841742,0.264231232229476,"Travel030"
-0.145773105630681,0.361209484177694,"Travel031"
-0.107070200563416,0.269137988558018,"Travel033"
-0.131890537545064,0.261783170963606,"Travel036"
0.153083846376893,0.225724877809443,"Travel037"
-0.354738729738229,0.144371768368846,"Travel038"
-0.132368765886746,-0.0272693554272477,"Travel039"
-0.227815341952926,0.324571720623313,"Travel040"
-0.451719192779959,-0.0121021641710477,"Travel041"
-0.400477650476466,0.182556334034691,"Travel042"
-0.294105680448217,0.0923713588879888,"Travel043"
-0.540996782980694,-0.120044489376916,"Travel045"
-0.529167930476541,-0.0614827820863954,"Travel046"
-0.181015414793083,0.34584859692964,"Travel047"
-0.481015729517476,-0.0445554356881588,"Travel048"
-0.305862508820644,0.305138431419895,"Travel049"
-0.583470752623525,-0.101951833789118,"Travel050"
-0.567307252213476,-0.135035529581299,"Travel051"
-0.446963833541461,-0.0652811171894655,"Travel052"
-0.39820822469199,0.00308229605646089,"Travel053"
-0.17250861239803,0.109767033276244,"Travel054"
-0.119793429893137,0.25991332891835,"Travel057"
-0.207113080725905,0.204478145394221,"Travel058"
-0.516137905324197,-0.0260721771790627,"Travel059"
0.0711449485478091,0.196975240175101,"Travel060"
0.243342862276964,-0.0433866422830416,"Travel061"
-0.468940208623486,-0.0917870213156039,"Travel062"
-0.521592607606371,-0.0112295665625883,"Travel063"
0.0298263087055936,0.214530001127668,"Travel064"
-0.423669802378425,0.0366289105047604,"Travel065"
-0.54912532864707,-0.108747959231595,"Travel066"
-0.549123480385482,-0.140318136311638,"Travel067"
-0.293990830413843,0.143273507400531,"Travel068"
-0.184523989993125,0.414994273110401,"Travel070"
-0.264956093741811,0.264902863837304,"Travel071"
-0.441879706490729,0.0938335141082845,"Travel072"
-0.511593642949377,-0.0710782965445988,"Travel073"
-0.383356167511851,-0.0539958781513534,"Travel075"
-0.518432431380213,-0.0210290296371512,"Travel076"
-0.0938994590053893,0.206750047618824,"Travel077"
-0.1451216475907,0.224162134493211,"Travel078"
-0.184759304848803,0.353207707317085,"Travel079"
-0.505531370710784,-0.00855620337021394,"Travel080"
-0.446086614572939,0.0752554340477426,"Travel081"
-0.328587396057203,0.168299400880478,"Travel082"
-0.5716371089912,-0.157408685613017,"Travel083"
-0.548225417905612,-0.0695734450536943,"Travel084"
0.109460760623209,0.157374083923597,"Travel085"
-0.131706377051925,0.140941273523828,"Travel086"
-0.103039182914507,0.359074004609577,"Travel087"
-0.194525967872655,0.330491191399844,"Travel088"
0.0322921077172653,0.17632398607992,"Travel089"
-0.352088198697531,-0.115855024529779,"Travel090"
0.137951278129152,0.0985266858518841,"Travel091"
-0.485870288759812,-0.00396275050124869,"Travel092"
-0.498371162100347,-0.172934706109354,"Travel093"
-0.260557093384263,0.238235927962461,"Travel095"
-0.279243300460497,0.313894187902627,"Travel096"
-0.218156143754609,0.191279856161538,"Travel097"
-0.0554344441009213,-0.138173744505713,"Travel098"
-0.419791233828932,0.0101983595438856,"Travel099"
-0.220137265904459,0.301073403823527,"Travel100"
0.0942230215340896,-0.0839150577768281,"Travel101"
-0.123147774292403,0.238063227033162,"Travel102"
-0.165420705327077,0.268250534331435,"Travel103"
-0.235166564308082,0.316268387091658,"Travel104"
-0.573945649440168,-0.124068874551324,"Travel105"
-0.54136806456634,-0.059375633997275,"Travel106"
-0.24751138028773,0.24421668436519,"Travel107"
-0.448952947397757,-0.0132696993121489,"Travel108"
-0.237332504136385,0.0811395831814075,"Travel109"
-0.571673772357441,-0.146723189002889,"Travel110"
-0.101555797375362,0.296644462948939,"Travel111"
-0.0913623682018194,0.214382670287165,"Travel112"
-0.586341113573686,-0.205448512887844,"Travel113"
-0.537215031955867,-0.0623501048686738,"Travel114"
-0.529221677812871,-0.0379194496006926,"Travel115"
-0.0186076454410548,0.0289935458192455,"Travel117"
-0.437246849566755,0.066689779642803,"Travel118"
-0.593461084398751,-0.117829486045223,"Travel119"
-0.532255051744476,-0.0287311634888528,"Travel120"
-0.537239875213148,-0.170330761098535,"Travel121"
-0.552996308973033,-0.0700877133744727,"Travel122"
-0.133923364631244,0.362651104818589,"Travel123"
-0.411997188648925,-0.033213831978894,"Travel124"
-0.0638259543574884,0.246393296759057,"Travel125"
-0.477832304203661,0.0108843170070061,"Travel126"
-0.554813284735445,-0.119968872371089,"Travel128"
-0.442276328206829,0.0378117804223935,"Travel129"
-0.463989519857306,-0.0293504684338224,"Travel130"
0.307360708145645,-0.168980896871975,"HD-1"
0.0789811789874525,-0.26911912134351,"HD-10"
0.158876101955047,0.0582279246453293,"HD-11"
0.202299551333283,-0.146901900634295,"HD-12"
0.266145535875612,-0.138038749490525,"HD-13"
-0.219826760234638,-0.248115576899758,"HD-14"
-0.289456840887134,-0.181935987729866,"HD-15"
0.193133048917815,-0.0614612014101956,"HD-16"
0.0296088030484314,-0.0836606595553744,"HD-17"
-0.129476192891168,0.0175040244761318,"HD-18"
0.16324734410691,-0.215839177186011,"HD-19"
0.24208252517856,-0.134845798676125,"HD-2"
0.120862025851303,-0.159343484009761,"HD-20"
0.299548710142583,-0.262850465822465,"HD-21"
0.158461078976874,-0.0696324501020699,"HD-22"
-0.263489619642054,-0.251249565271658,"HD-23"
0.285502286318894,-0.219557333034474,"HD-24"
0.229703698669074,-0.0927176891583412,"HD-25"
0.0819967054423311,-0.133349625092809,"HD-26"
0.263207792647651,-0.133322310359191,"HD-27"
0.240065427626285,-0.172697368056512,"HD-28"
0.221174490277551,-0.0622993314036664,"HD-29"
0.302577480524722,-0.246301316562488,"HD-3"
-0.348483257050058,-0.294234004957622,"HD-30"
0.334922913719861,-0.270572127557762,"HD-31"
-0.319362134369821,-0.144393522396055,"HD-32"
0.0174741246247999,-0.102785341857419,"HD-33"
0.201907592154884,0.0218868929048557,"HD-34"
-0.000839718161140045,0.176024944881774,"HD-35"
0.243448995802399,0.0310272778220347,"HD-36"
0.131055738166443,0.141152920264098,"HD-37"
0.196259737161923,-0.0995254873084423,"HD-38"
0.256257954026793,-0.232840460096259,"HD-39"
0.236211304235788,-0.153149105087259,"HD-4"
0.194577452346486,-0.00216641001071775,"HD-40"
-0.43784252673058,-0.236225058289789,"HD-41"
-0.492321594422023,-0.239899755964127,"HD-42"
0.267231032425947,-0.0991169426577617,"HD-43"
0.166727151065375,-0.228859795558739,"HD-44"
0.347479799160639,-0.26106418085949,"HD-45"
-0.0285998748127861,-0.305352525430205,"HD-46"
0.230360387305928,-0.02457853438291,"HD-47"
-0.481633604750357,-0.253476273939661,"HD-48"
0.203486842031265,-0.169170367846869,"HD-49"
0.226779012898373,-0.00960854361699575,"HD-5"
-0.0281883261440528,-0.245789232639521,"HD-50"
0.222506081797855,-0.0942965343909471,"HD-51"
0.259238645706743,-0.130079007365189,"HD-52"
0.205892750377468,-0.124898332412714,"HD-53"
0.243936403871212,0.0517746108373177,"HD-54"
0.271815559956873,-0.135472694352015,"HD-55"
0.1283953357492,-0.171674008523054,"HD-56"
0.239676692081684,-0.157600755427283,"HD-57"
0.217902957141102,-0.182187427455305,"HD-58"
0.177858311543506,0.143549789980656,"HD-59"
-0.334747204816005,-0.183991882659303,"HD-6"
-0.243318846729365,-0.138498581168712,"HD-60"
0.275402685396471,-0.0609617045553542,"HD-61"
-0.331823022239926,-0.143546483905896,"HD-62"
0.202294947624952,-0.112200342941498,"HD-63"
0.357673119942377,-0.267561217171141,"HD-64"
0.229568429196495,-0.123883563056447,"HD-65"
0.235875084675317,-0.148628548482762,"HD-66"
-0.023150339997408,-0.0298882400885927,"HD-67"
0.300212012642308,-0.135817685655389,"HD-68"
0.298105588794735,-0.169600961869894,"HD-69"
0.248042011623166,-0.153687332040226,"HD-7"
0.315211232761657,-0.258469421246674,"HD-70"
0.276557083848242,-0.17852853717872,"HD-71"
0.259519263208438,-0.127795121532941,"HD-72"
0.219558196748229,-0.186877870380844,"HD-73"
0.238383864520404,-0.0534581259263378,"HD-74"
0.260058148044843,-0.179420995340245,"HD-75"
0.355872756752156,-0.304868611035405,"HD-76"
0.0634997298219827,-0.171928744213909,"HD-77"
0.309286263476585,-0.197862894297294,"HD-78"
0.0500841696140109,-0.212793331743782,"HD-79"
0.0391155188951145,0.16123288240864,"HD-8"
0.214356135661241,-0.265025697250453,"HD-80"
0.109499756897031,-0.0983209189382364,"HD-81"
0.122009921340273,-0.213554004223708,"HD-82"
0.0624200723850712,-0.10463252039591,"HD-83"
-0.414903997945233,-0.186367537442022,"HD-9"
-0.0149308421247866,-0.0274807141898313,"HV-1"
0.192941982405467,-0.0606183664948448,"HV-10"
0.0933413643106842,-0.167121674436921,"HV-11"
0.250440624346569,-0.188924806901158,"HV-12"
0.203015052994374,-0.217582927098282,"HV-13"
-0.349020781649457,-0.225112048952412,"HV-14"
-0.373522851054214,-0.409367153498233,"HV-15"
0.206689336412414,-0.239941639587669,"HV-16"
-0.360618045084288,-0.246834054145464,"HV-17"
0.288427848439313,-0.206917358516486,"HV-18"
0.229520370339155,-0.16118146121198,"HV-19"
0.0873186516529274,-0.275284639346029,"HV-2"
0.103550389908219,-0.0857412725841021,"HV-20"
0.0437121789583412,-0.273770163803995,"HV-21"
0.195688984635679,-0.209162004971223,"HV-22"
0.231412958804326,-0.119936519389804,"HV-23"
0.109707482683321,-0.144522233542824,"HV-24"
0.20742904549655,-0.141988238884905,"HV-25"
-0.0271861054906668,0.0735047372084332,"HV-26"
0.143581812125718,-0.076080436988994,"HV-27"
0.156063132672926,0.101938392576014,"HV-28"
0.0533024891983314,-0.166938417839441,"HV-29"
0.29503614549524,-0.201960342891283,"HV-3"
0.28686173891267,-0.163721429383681,"HV-30"
0.205069456247182,-0.122819883840331,"HV-31"
0.156903087231486,-0.12816756652306,"HV-4"
0.181916790608374,-0.185042825791666,"HV-5"
0.0976808090441522,-0.05795574086051,"HV-6"
0.260514956254658,-0.15051165912641,"HV-7"
-0.0261256166000301,-0.000423703348799282,"HV-8"
-0.392909081106358,-0.343339339540548,"HV-9"
0.191336863139817,-0.146102623854632,"LD-1"
0.171829259400508,-0.239666548753122,"LD-10"
-0.3374314351774,-0.181669088000457,"LD-11"
0.169245630781335,-0.183210860360379,"LD-12"
-0.172842059995063,-0.315460947140048,"LD-13"
0.251646620719527,-0.0667558790497709,"LD-14"
-0.457975447575535,-0.205405232817572,"LD-15"
0.266389244917351,-0.188139061486382,"LD-16"
-0.252701636801787,-0.307764318037135,"LD-17"
-0.00934992505645728,-0.0142511156125036,"LD-18"
-0.542525686631988,-0.285147856072477,"LD-19"
-0.26662698522573,-0.123766619005201,"LD-2"
-0.316179740630679,-0.2868095756022,"LD-20"
0.25057863132822,-0.247300106373695,"LD-21"
0.267731636379205,-0.047584118870665,"LD-22"
0.103011177173191,-0.113422114939327,"LD-23"
0.263046311687287,-0.288246969189975,"LD-24"
0.227270915497846,-0.0392243241912113,"LD-25"
-0.363658372140181,-0.229073701859997,"LD-26"
0.269068592599318,-0.266370089334828,"LD-27"
0.139349231841953,-0.0904561292880237,"LD-28"
0.287576204874848,-0.235255949168731,"LD-29"
0.264546920611213,-0.235040191932055,"LD-3"
0.309457997209369,-0.169125865520446,"LD-30"
0.252599585508281,-0.21351113984378,"LD-31"
0.00576806766005466,-0.161212539166506,"LD-32"
0.15872058228967,-0.0405188287184452,"LD-33"
0.176879202640788,0.0644343258380018,"LD-34"
0.162725320809881,0.196310635625429,"LD-35"
0.063063008045905,-0.324556059495704,"LD-36"
0.0431669230017115,-0.149789581833147,"LD-37"
0.184845384106457,-0.129056502142141,"LD-38"
0.24268346779131,-0.154424705588579,"LD-39"
0.257231170049107,-0.13450249147277,"LD-4"
0.179083256400738,-0.214268027501976,"LD-40"
0.341110273609323,-0.211363696148205,"LD-41"
0.0466936160958962,-0.246801833998611,"LD-42"
-0.179740930175136,-0.152600032025625,"LD-43"
0.136822714632268,-0.212272850539728,"LD-44"
-0.135149897490907,0.0854578281004995,"LD-45"
-0.263867457322347,-0.303747147602948,"LD-46"
0.133931704645923,-0.0608928481262141,"LD-47"
-0.455335568112374,-0.269100969339757,"LD-48"
0.302670600415149,-0.239568027725762,"LD-49"
0.105151972558765,-0.192542444597122,"LD-5"
-0.330232645527671,-0.193696107429762,"LD-50"
0.224847013029551,-0.245626169207495,"LD-51"
0.195937971260112,-0.200220024450663,"LD-52"
0.0863569575866179,-0.217284832437283,"LD-53"
0.135921011534865,-0.163009227698526,"LD-54"
0.124538039852802,-0.0937761132119277,"LD-55"
0.320040417975178,-0.306115853190694,"LD-56"
-0.280325524025697,-0.13029919687525,"LD-57"
-0.33210594977692,-0.245343737341872,"LD-58"
-0.458878383439682,-0.24443504274553,"LD-59"
0.183759136879143,-0.166819475082729,"LD-6"
-0.460071747104006,-0.295536936430828,"LD-60"
0.315173280819806,-0.25642743345775,"LD-61"
0.207622917034487,-0.108273910630504,"LD-62"
0.289082965319977,-0.299325510378219,"LD-63"
-0.106848491203169,0.0793250623398035,"LD-64"
-0.224904727870693,-0.117045032384064,"LD-65"
0.212528188990692,-0.2822759548411,"LD-66"
-0.256177657336028,-0.309345958022652,"LD-67"
0.187292755961247,-0.181825755396239,"LD-68"
0.357350660083237,-0.323936031913552,"LD-69"
-0.528746283906671,-0.234878521944592,"LD-7"
-0.032945681701576,-0.246785156170363,"LD-70"
0.168824956720758,-0.21557080856658,"LD-71"
-0.401170382741443,-0.186609957205069,"LD-72"
0.214498752383102,-0.190480939707748,"LD-73"
0.112670073290286,-0.063946034973012,"LD-74"
0.241351793394086,-0.236018638955275,"LD-75"
-0.478611386044156,-0.0492574833525378,"LD-76"
0.196978278944877,-0.1434955729065,"LD-77"
0.0031783057776641,-0.172474033933237,"LD-78"
0.058558069037123,-0.136662836187005,"LD-79"
0.263717509233851,-0.177497274079478,"LD-8"
-0.432198005882765,-0.253300236866867,"LD-80"
0.30867120515891,-0.186018886409994,"LD-81"
0.0570419777943672,0.0275805838740735,"LD-82"
-0.127336333335858,-0.315795056942579,"LD-83"
0.197763085949631,0.038046290216695,"LD-84"
-0.437172729950991,-0.266755507691936,"LD-85"
-0.154336531833114,-0.16843980258704,"LD-86"
0.32565165124408,-0.290250599137411,"LD-87"
0.112498750499201,-0.00644192870738745,"LD-88"
0.280855731314214,-0.158468909266591,"LD-89"
0.224413144011139,-0.2373726659211,"LD-9"
0.174008182307183,-0.167579538235617,"LD-90"
0.174461781973705,-0.275365605164703,"LD-91"
0.328143883498523,-0.308635877230093,"LD-92"
0.146388869131901,-0.0527059875966603,"LD-93"
0.233701934229298,-0.18059227961593,"LD-94"
0.284805082254664,-0.198585366207838,"LD-95"
0.252263701806639,-0.227262380344934,"LD-96"
-0.104633550154238,-0.207096107590755,"LD-97"
-0.00578150005212217,-0.308270985552903,"LD-98"
0.352768004372364,-0.288252139521837,"LV-1"
-0.161267723116584,-0.00108087203289178,"LV-10"
-0.250767453318221,-0.095289344127662,"LV-11"
-0.204964886655541,0.0690598672573677,"LV-12"
-0.490672113333404,-0.274249979109118,"LV-13"
0.159016917161632,0.0121800331598105,"LV-14"
0.219573154944879,-0.113919842608681,"LV-15"
0.0746528134696505,-0.165492286261737,"LV-16"
0.348976081556862,-0.308052341111391,"LV-17"
0.118033467439759,-0.256019962083076,"LV-18"
-0.106808067428737,0.0321733163000334,"LV-19"
0.208653472898133,-0.158420373085527,"LV-2"
0.323644595515019,-0.278079574535898,"LV-20"
0.137085958351237,-0.0572414025078374,"LV-21"
-0.110846013389371,0.113564681999621,"LV-22"
0.322439871022595,-0.199816701773731,"LV-23"
0.223096500849618,-0.170929620558317,"LV-24"
-0.249808037501083,-0.375331331417737,"LV-25"
0.150895175483343,0.0154181108922804,"LV-3"
-0.466511003707532,-0.264221035642605,"LV-4"
0.31046108341693,-0.285181838420846,"LV-5"
0.332402581140976,-0.260686063506633,"LV-6"
0.0460833771354503,-0.217182663962839,"LV-7"
-0.328276797585293,-0.221192391787141,"LV-8"
0.262378091471466,-0.272741177044161,"LV-9"
-0.0596092763157074,0.129281446557831,"LILT_GF06_16"
0.261259335224149,-0.124295317508465,"LILT_GF12_16"
-0.239331521352962,0.0368244535589279,"LILT_GF15_16"
-0.0945313706522505,0.0143020720377643,"LILT_GF16_T017"
0.164458161657721,0.0568989054573779,"LILT_GF17_16"
-0.116572769995072,0.15794663380431,"LILT_GF18_T016"
0.0307961712565308,0.153298723101449,"LILT_VF00TL_16"
-0.564210590034801,-0.175284870935763,"LILT_VF02_T016"
-0.0916095446524942,0.182223171102181,"LILT_VF04_16"
0.262008456582088,-0.0654990180948301,"LILT_VF06_16"
-0.320914397066395,-0.0151450896008882,"LILT_VF07_16"
0.0768141356658264,0.136858038312064,"LILT_VF100_T016"
0.168253282377613,-0.00335948170764763,"LILT_VF102_T017"
-0.0061384070118895,-0.0763886823455656,"LILT_VF107_16"
0.206794390718453,-0.0841029470954064,"LILT_VF114_T017"
-0.0731377144367666,0.214677221894547,"LILT_VF120_16"
0.131440236005257,0.0563376842486322,"LILT_VF145_T017"
-0.117170432998757,0.172194595318595,"LILT_VF154_T017"
-0.157117679123324,-0.137112884698829,"LILT_VF166_T017"
0.0973355122266811,0.140068803861008,"LILT_VF174_T017"
-0.106423251087765,-0.219351327121308,"LILT_VF176_T017"
0.165620776504799,0.165749115705856,"LILT_VF192_T017"
0.0311749321149049,0.0405359574019607,"LILT_VF197_T017"
0.187142633594235,0.0778102995524773,"LILT_VF29_16"
0.136695788354478,0.126198675025094,"LILT_VF30_16"
-0.0547782956923893,0.303772307984133,"LILT_VF31_16"
0.229122403792186,0.0314801547836108,"LILT_VF32_T016"
0.13395992140838,0.0244439961436502,"LILT_VF35_16"
-0.0476657382548808,0.186913739145462,"LILT_VF37_16"
0.106537133560921,0.193433740070905,"LILT_VF38_16"
0.118724948278735,0.137370331965805,"LILT_VF40_16"
-0.493259943754302,-0.217627836532504,"LILT_VF43_16"
0.197708424289514,-0.125745969554915,"LILT_VF47_16"
0.19359453038088,0.0545523743653998,"LILT_VF50_16"
0.277736226319327,-0.0755836647000222,"LILT_VF55_T017"
0.156921546201612,-0.200080681966304,"LILT_VF56_16"
-0.113469155067898,-0.224105762968843,"LILT_VF60_T016"
0.0255084963681955,0.128000697072327,"LILT_VF65_16"
0.209522318785202,-0.0259154300071183,"LILT_VF66_T017"
-0.00969449096881713,0.100921325819456,"LILT_VF69_16"
-0.429505293420449,-0.183568811614704,"LILT_VF70_16"
0.24915693114084,-0.127316097551118,"LILT_VF71_16"
0.126224726548748,0.150598076794558,"LILT_VF73_16"
-0.178957773509965,-0.0420400233070665,"LILT_VF77_16"
0.161917467359972,-0.0755482096107228,"LILT_VF84_16"
0.265832068989635,-0.215518550932854,"LILT_VF90_16"
0.329619524945014,-0.181460662987657,"LILT_VF95_16"
0.156107741979744,-0.178901435756572,"LILT_VF97_16"
-0.0247523764678448,0.0116137178410631,"LILT_VF270_T017"
0.13136645986984,0.101250867185649,"LILT_VF207_T017"
0.179831361960932,0.111980663838287,"LILT_VF234_T017"
-0.0608882783891025,0.0541481707577971,"LILT_VF217_T017"
0.112967274394886,0.0304752491704384,"LILT_VF273_T017"
-0.104010780439286,0.000921919067210924,"LILT_VF208_T017"
-0.411342629600646,-0.315103314065463,"LILT_VF172_T017"
-0.082947306435673,0.0315811311035685,"LILT_VF216_T017"
-0.0143872114700054,0.0475347641849804,"LILT_VF232_T017"
0.122166092688802,-0.0347834600206545,"LILT_VF264_T017"
0.248121772109461,0.0110160336065444,"LILT_VF251_T017"
0.311180432769745,-0.0447659391067983,"LILT_VF259_T016"
0.0083598062836227,0.152826030038394,"LILT_VF255_T016"
0.115064005269134,0.106376836660492,"LILT_VF170_T016"
0.235969186992093,-0.199715267436818,"LILT_VF206_T016"
0.180019742070517,0.102693198026675,"LILT_VF212_T016"
-0.116673514569938,0.13842006384527,"LILT_VF214_T016"
-0.477440809057157,-0.231096493375517,"LILT_VF261_T016"
-0.0402504262589756,0.22262971242099,"LILT_VF262_T016"
-0.0601995316993387,0.249215471518575,"LILT_VF263_T016"
0.0710136432986012,0.017042500341608,"LILT_VF265_T016"
0.357243912666597,-0.112366763945758,"LILT_VF279_T016"
0.0771102220377415,0.0643260512715474,"LILT_VF300_T016"
-0.11144001472177,0.169704387028934,"LILT_VF10_T016"
-0.0454986298344626,0.262974993622766,"LILT_VF140_T016"
0.278786307324761,-0.0922795963331639,"LILT_VF18_T016"
0.0368712200422925,0.23311153276828,"LILT_VF189_T016"
0.181781907355906,0.100044583130121,"LILT_VF28_T016"
-0.079274991640695,0.0576228506033653,"YSZC12003_35387"
0.252122402279335,0.00315168307971413,"YSZC12003_35388"
0.24799738870236,-0.06848881342703,"YSZC12003_35389R1"
-0.166124110912863,0.110757165482592,"YSZC12003_35390"
0.184822632223295,0.0558278875503663,"YSZC12003_35391"
0.228042085989754,0.108727118329291,"YSZC12003_35392"
0.255407707494568,0.0858220022171475,"YSZC12003_35505"
0.0843118772740107,0.260324241266589,"YSZC12003_35506"
0.223537225003818,0.0611405771224618,"YSZC12003_35511"
0.243279154166943,0.0465567846304081,"YSZC12003_35512"
-0.157581457833532,0.311673601690891,"YSZC12003_35515"
0.0991952056924145,0.22604783468651,"YSZC12003_35516"
0.186549083345967,0.144890921936563,"YSZC12003_35519"
0.109762813991363,0.241249238604187,"YSZC12003_35520"
0.0924975044365701,0.185184756454467,"YSZC12003_35523"
0.144494951591977,0.137338864993877,"YSZC12003_35524"
-0.0977679321427669,-0.0208084039902777,"YSZC12003_35549"
0.0189455360066426,0.170009746502081,"YSZC12003_35550"
0.350610409613591,-0.212093492954139,"YSZC12003_35551"
0.0660999813362662,0.21298344185012,"YSZC12003_35552"
-0.0503853958781976,0.29054843020118,"YSZC12003_35561"
0.247651816445576,0.0686063521280971,"YSZC12003_35562"
0.049069068826548,0.238175715800546,"YSZC12003_35563"
-0.0172063840498205,0.00879561799725583,"YSZC12003_35564"
0.196131683538243,0.175249826926875,"YSZC12003_35577"
0.208294673611734,0.0547829045374773,"YSZC12003_35578"
0.195475417173831,0.130750033169199,"YSZC12003_35583"
0.129998891712796,0.134073025231196,"YSZC12003_35629"
0.358953544903437,-0.178971341659381,"YSZC12003_35630"
0.266875933405393,-0.0125100989721147,"YSZC12003_35635"
0.0538777661338807,0.210680289612482,"YSZC12003_35636"
0.256015908417411,0.0209985846868751,"YSZC12003_35653"
0.204930842735508,0.134535245171761,"YSZC12003_35654"
0.223952981262025,0.0393118687535392,"YSZC12003_35657"
-0.353976874473853,-0.0217294065590211,"YSZC12003_35658"
0.181792785751313,0.00087617289960054,"YSZC12003_35665"
-0.142216809155197,-0.0815881970985794,"YSZC12003_35666"
-0.0303959288696119,0.358086832520124,"YSZC12003_35697"
0.185286246072817,0.0863733223223793,"YSZC12003_35698"
0.229752096394335,-0.074592138264767,"YSZC12003_35703"
0.251110762087341,-0.00720852710984676,"YSZC12003_35704"
0.198309665920224,0.0512244945740654,"YSZC12003_35705"
0.284392330108248,-0.0243210543235192,"YSZC12003_35706"
0.145713723130928,0.151279506653521,"YSZC12003_35707"
-0.387914100513474,-0.00900096803675894,"YSZC12003_35708"
-0.10299373915589,0.391685979560024,"YSZC12003_35712"
0.245382761245962,-0.0169702378999552,"YSZC12003_35723"
0.318761574569608,-0.0400404813954591,"YSZC12003_35724"
0.133172713614368,0.12908002984842,"YSZC12003_35733"
0.0918948383191249,0.0407661836954905,"YSZC12003_35734"
0.162717325616688,0.0258323954539914,"YSZC12003_35739"
0.124457822923129,0.113217032725994,"YSZC12003_35740"
0.139429454933294,0.190453831699347,"YSZC12003_35741"
0.0907919393585536,0.281154249603409,"YSZC12003_35742"
0.126419797970464,0.172288558423615,"YSZC12003_35837"
0.315333187853417,-0.144507271908097,"YSZC12003_35979"
0.09619372637282,0.0558564866156486,"YSZC12003_35980"
0.105557079564108,0.162660205380802,"YSZC12003_35989"
-0.0809062033141941,0.0986061877998406,"YSZC12003_35990"
0.183265012751816,0.184330467153895,"YSZC12003_35991"
0.0260352286615038,0.327679305267929,"YSZC12003_35992"
-0.130098284094593,0.453839544780597,"YSZC12003_35999"
0.209778062102401,0.0492882321147967,"YSZC12003_36000"
0.150677014169089,0.160674960633093,"YSZC12003_36005"
0.193663935369188,0.0756044183952416,"YSZC12003_36006"
0.129515595012031,0.241842188471188,"YSZC12003_36007"
0.286768455847297,-0.0257837628772336,"YSZC12003_36008"
-0.060869383566791,0.426055742441293,"YSZC12003_36011"
0.121814686921528,0.288498136042409,"YSZC12003_36012"
0.206609138043895,0.154887147185914,"YSZC12003_36019"
0.248779010184408,-0.106085533883183,"YSZC12003_36020"
0.0815212149465994,0.152681346510959,"YSZC12003_36033"
0.0349936722628551,0.0527805997899441,"YSZC12003_36034"
0.146158244964138,0.0974995507617251,"YSZC12003_36049"
0.255579451702828,-0.021023805256021,"YSZC12003_36050"
0.15128656397498,0.138766315403057,"YSZC12003_36051"
0.313332775276396,-0.0772959192568438,"YSZC12003_36052"
0.0870803078883871,0.0947018463860351,"YSZC12003_36055"
-0.166945342853815,0.040199930125786,"YSZC12003_36056"
0.226585097578119,0.14108123247455,"YSZC12003_36057"
-0.057293235776278,0.0250136213027002,"YSZC12003_36058"
-0.0174383928976199,0.3721849716221,"YSZC12003_36116"
0.200743035189373,0.154924168192858,"YSZC12003_36117"
0.188387819733868,0.131450723692519,"YSZC12003_36118"
-0.0543730857753648,0.374301735300916,"YSZC12003_36119"
0.219975940719998,-0.0388535806249441,"YSZC12003_36157"
0.170863541335221,0.0481260442536988,"YSZC12003_36158"
0.233205334188554,0.0133943202017694,"YSZC12003_36211"
0.141777275204272,0.106114782105239,"YSZC12003_36212"
0.0272154008632238,0.254606264422303,"YSZC12003_36243"
-0.162756648796405,0.222929316781335,"YSZC12003_36244"
-0.0324593113359999,0.335312720538472,"YSZC12003_36389"
0.128556305932632,0.248157696152014,"YSZC12003_36390"
0.196643194066155,0.0345999985771747,"YSZC12003_36439"
-0.331147035695818,-0.0658578597368276,"YSZC12003_36440"
0.0824349553387798,0.233877818297147,"YSZC12003_36453"
0.270826427258337,-0.0395297669015255,"YSZC12003_36454"
-0.0330651871273899,0.247305083696635,"YSZC12003_36473"
-0.0018161851342785,0.192510766333917,"YSZC12003_36474"
-0.20094191673372,0.283767016931936,"YSZC12003_36521"
0.125484601848119,0.0991977380242694,"YSZC12003_36522"
0.0904738318663893,0.152724373807914,"YSZC12003_36525"
0.0466051632449746,0.312390493474705,"YSZC12003_36526"
0.101230158303328,0.240160957536216,"YSZC12003_36533"
0.118112045220505,0.247285522329109,"YSZC12003_36534"
0.135434873583505,0.245502048969545,"YSZC12003_36587"
0.11991667727475,0.164467925028553,"YSZC12003_36588"
0.241485063099268,0.0928526416818948,"YSZC12003_36666"
0.096380742403045,0.1571735256232,"YSZC12003_36667"
0.0690630049440985,0.208875973657089,"YSZC12003_36674"
-0.0158320007896534,0.287183149768631,"YSZC12003_36675"
0.136578987015941,0.184665161582344,"YSZC12003_36696"
0.0430640112488256,0.18311452376606,"YSZC12003_36697"
0.216879246069616,0.109982013925637,"YSZC12003_36698"
-0.144983675915755,0.231145027050508,"YSZC12003_36699"
0.243889970334933,-0.107646471782992,"YSZC12003_36702"
0.239112972129934,-0.0971377087188991,"YSZC12003_36703"
0.27061524099478,-0.0333494784167102,"YSZC12003_36794"
-0.255320017237748,0.225600964261362,"YSZC12003_36795"
0.278808044892689,0.00447655878682345,"YSZC12003_36981"
0.314753788028991,-0.0929194804077614,"YSZC12003_36982"
0.182976643514345,0.205951760937532,"YSZC12003_37096"
0.0747146398581805,0.242306778525177,"YSZC12003_37097"
-0.111159198940147,0.107024358902547,"YSZC12003_37100"
0.199772276688169,0.109987907415124,"YSZC12003_37101"
0.172398644603326,0.154956614736095,"YSZC12003_37102"
0.0699394103257431,0.213025976912102,"YSZC12003_37103"
0.0128534810543541,0.131056300560498,"YSZC12003_37105"
0.223650617301927,0.0223326120501183,"YSZC12003_37126"
0.317243168191375,-0.0771673777004806,"YSZC12003_37127"
0.0533621338017563,0.29152172545073,"YSZC12003_37133"
0.00239797647757217,0.33507119117765,"YSZC12003_37134"
-0.158647023504574,0.293660104748519,"YSZC12003_37135"
0.101435677493394,0.225380997658018,"YSZC12003_37136"
0.0792530447626358,0.239961575758588,"YSZC12003_37137"
0.173442939638484,0.168943831535209,"YSZC12003_37138"
-0.0270174007633361,0.324097811251724,"YSZC12003_37171"
0.130776395454143,0.229073482632001,"YSZC12003_37172"
0.194853279404469,0.127909659930012,"YSZC12003_37173"
0.290870167013988,-0.132186247697705,"YSZC12003_37174"
0.189923904723954,0.0182302348147527,"YSZC12003_37175"
0.26271108865851,-0.0442803349878005,"YSZC12003_37176"
0.214207432770291,0.0030530613948838,"YSZC12003_37179"
0.0792967125135964,0.247532499783323,"YSZC12003_37181R1"
0.223641503551771,0.107197475555174,"YSZC12003_37182R1"
0.239590641960053,0.0142270940201334,"YSZC12003_37189R1"
0.215523713098054,-0.0625326529585215,"YSZC12003_37190R1"
0.109776626579696,0.256305637395301,"YSZC12003_37191R1"
0.157983888752048,0.207319305365372,"YSZC12003_37192R1"
0.221841534631122,0.0496740318062131,"YSZC12003_37193R1"
0.202856627794826,0.0168265940121262,"YSZC12003_37194"
0.214041547398535,-0.0406973534635201,"YSZC12003_37195"
0.0506375592286295,0.141171356526349,"YSZC12003_37196"
0.165585879201537,0.202716675463421,"YSZC12003_37197R1"
0.280111424940241,0.0348413139089841,"YSZC12003_37198R1"
-0.065896454597242,0.389218133677722,"YSZC12003_37199"
0.332355311611342,-0.109948264386376,"YSZC12003_37200R1"
-0.00729801883887423,0.260624094614729,"YSZC12003_37201"
0.251702001228926,-0.150425118446231,"YSZC12003_37202R1"
0.185756245782348,0.156755535695903,"YSZC12003_37205"
0.0387817873722459,0.0170650378970822,"YSZC12003_37206"
0.211886016737021,0.15024017382554,"YSZC12003_37207R1"
0.210550168025284,0.0209057256101645,"YSZC12003_37208R1"
0.207187866038403,0.139570156670875,"YSZC12003_37209"
-0.0122404208481879,0.321524768978656,"YSZC12003_37210"
0.126763447488734,0.180402198296879,"YSZC12003_37222"
-0.0482128272508911,0.305523377873335,"YSZC12003_37223"
0.0979337942706993,0.15011482695695,"YSZC12003_37228"
0.252245827408277,0.0656474040593709,"YSZC12003_37229"
0.258300744335222,-0.00420922236888506,"YSZC12003_37232"
-0.196076017171424,0.273824667962405,"YSZC12003_37233"
0.229751655787787,0.0498254732953641,"YSZC12003_37254"
0.182254584425523,0.0980356218273892,"YSZC12003_37255"
0.0985697149372124,0.204317094652811,"YSZC12003_37264"
0.0445885797008433,0.285875536715023,"YSZC12003_37265R1"
0.25197128802895,-0.0490023757341534,"YSZC12003_37268R1"
0.148814782008299,0.276766129859243,"YSZC12003_37269"
0.00520005781578097,0.219690672281145,"YSZC12003_37270"
0.260974724400481,0.00184557374865001,"YSZC12003_37271R1"
0.215887485214757,-0.0493101112928082,"YSZC12003_37276"
0.267232790222426,-0.150346112135767,"YSZC12003_37277"
0.22638857819435,0.0627550451485957,"YSZC12003_37282"
0.223318322580243,0.0265307196479553,"YSZC12003_37283"
-0.0453975315413289,0.154960536019198,"YSZC12003_37284"
0.306599828627478,-0.0598042594976258,"YSZC12003_37285"
0.00400697622694938,0.0232226207224993,"YSZC12003_37286"
0.187610913982245,0.0772992307757886,"YSZC12003_37287"
-0.193757444530053,0.0432751645222298,"YSZC12003_37292"
0.025659897591569,0.148536061390515,"YSZC12003_37293"
0.175403672793244,0.146670078182838,"YSZC12003_37296R1"
0.0799397940337993,0.126056341275561,"YSZC12003_37297R1"
0.291903639860646,0.0222769542049759,"YSZC12003_37298R1"
0.161844319771539,-0.106770406125248,"YSZC12003_37299R1"
-0.107901958220661,0.263577952544228,"YSZC12003_37304R1"
0.019334247444771,0.244539746636376,"YSZC12003_37305R1"
-0.25856844183577,-0.0752677729890715,"YSZC12003_37308R1"
-0.275354261112283,-0.0408035327299286,"YSZC12003_37309R1"
0.302504273455188,-0.0542986463537837,"YSZC12003_37314"
-0.170792947051228,-0.0732707724027722,"YSZC12003_37315"
0.0856382129194155,0.231394447861655,"YSZC12003_37316"
0.0313525743488643,0.247005315055865,"YSZC12003_37317"
0.0861135505499371,0.200123040100322,"YSZC12003_37322"
0.297859092962927,-0.149793631748198,"YSZC12003_37323"
0.0303196158367371,0.0277335863562416,"YSZC12003_37330"
-0.0727696361526564,-0.048173479484775,"YSZC12003_37331"
0.182083226196109,0.189512395168168,"YSZC12003_37332"
0.0893385331641091,0.186845574022377,"YSZC12003_37333"
0.161243571618155,0.161228061002114,"YSZC12003_37336"
0.0132196560547696,0.291371085716426,"YSZC12003_37337"
0.165314370190074,0.135057884013391,"YSZC12003_37348"
-0.0710072600306036,0.238940630351041,"YSZC12003_37349"
0.140733246647893,0.102511595451624,"YSZC12003_37352"
0.0105116534047041,0.269239282294405,"YSZC12003_37353"
0.20357118860505,0.0972303717444022,"YSZC12003_37393"
0.283745927091284,-0.0243939603992729,"YSZC12003_37394"
0.231232786384969,0.0233510605496278,"YSZC12003_37399"
0.255708314101654,-0.124580167200688,"YSZC12003_37400"
0.0199290074183382,0.332452993933707,"YSZC12003_37405"
-0.0767863470033456,0.242440109832839,"YSZC12003_37406"
-0.276226885320115,-0.109290709944877,"YSZC12003_37461"
0.149959167637119,0.243443655522666,"YSZC12003_37462"
-0.500818557301921,-0.0858750425474588,"YSZC12003_37543"
-0.0330453375049446,0.175904799835486,"YSZC12003_37544"
0.161130158998235,0.104127831353622,"YSZC12003_37545"
0.25091326593792,0.0534787991095619,"YSZC12003_37546"
0.0388860967324636,0.230821312292656,"YSZC12003_37583"
0.190163575237628,0.153632458089399,"YSZC12003_37584"
0.224078724580437,0.0344859288420465,"YSZC12003_37647"
0.162169624287032,0.131416334639275,"YSZC12003_37648"
0.304487674984891,0.0571029119539198,"YSZC12003_37651"
0.0944597691584084,0.170363356606412,"YSZC12003_37652"
-0.144556975893066,0.269260064321711,"YSZC12003_37753"
-0.0124679594410752,0.301843612791846,"YSZC12003_37754"
0.267249440291677,-0.0188640569528401,"YSZC12003_37797"
0.284802640647391,-0.0603575092173661,"YSZC12003_37798"
0.24325037212395,0.0818026878369953,"YSZC12003_37829"
0.190947959860216,0.117535107406778,"YSZC12003_37830"
0.199290188706907,0.0489468606425188,"YSZC12003_37877"
0.20101209051899,0.148077702693224,"YSZC12003_37878"
0.0831908697401145,0.149404147612052,"YSZC12003_37879"
0.117456414566681,0.0980295753540662,"YSZC12003_37880"
