feature,coef_log10,t_value,pval,padj,mean_Healthy,mean_IBD,prevalence
"PWY-7288: fatty acid &beta;-oxidation (peroxisome, yeast)",1.7389127207490254,12.193831725460319,4.9234779032125225e-31,2.1515598437038724e-28,0.0025598627090724774,0.017988888343785963,0.37592867756315007
PWY66-391: fatty acid &beta;-oxidation VI (peroxisome),1.7715429821562017,12.020964520652367,2.7750322115167254e-30,6.063445382164045e-28,0.003427206384679093,0.020950951803906125,0.37444279346210996
"P125-PWY: superpathway of (R,R)-butanediol biosynthesis",1.5599343342835719,11.759326334540111,3.689324675182626e-29,5.374116276849359e-27,0.00194441085546932,0.012220773275767732,0.34323922734026746
PYRIDNUCSAL-PWY: NAD salvage pathway I,1.771245446032537,10.436612526841188,9.864334469894188e-24,1.07767854083594e-21,0.041059499878062615,0.10487013513606354,0.6389301634472511
"PWY-7117: C4 photosynthetic carbon assimilation cycle, PEPCK type",1.5097159933927164,10.262708675408291,4.723726680764407e-23,4.128537118988092e-21,0.05026991140363475,0.12595950074465018,0.7786032689450223
"PWY-5138: unsaturated, even numbered fatty acid &beta;-oxidation",1.6168806647807004,10.088130652411476,2.2333134533295114e-22,1.626596631841661e-20,0.008784946738423402,0.0363784735595292,0.4933135215453195
"PWY-6318: L-phenylalanine degradation IV (mammalian, via side chain)",1.3863431321497568,9.925026105434386,9.370230275780159e-22,5.1184882881449114e-20,0.0021536606355639074,0.011256726299035767,0.34026745913818723
PWY-5913: TCA cycle VI (obligate autotrophs),1.4285708142884028,9.927170261097702,9.1962463262467e-22,5.1184882881449114e-20,0.04176591833132034,0.10811841076911308,0.7830609212481426
"PWY-241: C4 photosynthetic carbon assimilation cycle, NADP-ME type",1.4400962288153991,9.861864986396416,1.6253639868918223e-21,7.892045136352515e-20,0.04345756859019142,0.09466149380774419,0.7756315007429421
P621-PWY: nylon-6 oligomer degradation,1.3163599271215192,9.691819609363476,7.069616188791253e-21,3.0894222745017773e-19,0.0024990987013693336,0.013477787331853116,0.2704309063893016
FERMENTATION-PWY: mixed acid fermentation,1.4018216491675226,9.328842412454204,1.5301360160103559e-19,6.078813081786596e-18,0.05468009824262674,0.11027434790972752,0.7726597325408618
PWY-5677: succinate fermentation to butanoate,1.1947769653540277,9.172646384377469,5.592600666038561e-19,2.036638742549043e-17,0.0010816065923221578,0.006528352414554649,0.27191679049034173
PWY-7003: glycerol degradation to butanol,1.4513119189461159,8.93296859933217,3.956698038705158e-18,1.3300592637801182e-16,0.013286430304711914,0.03630196534159746,0.5943536404160475
P161-PWY: acetylene degradation,1.2796212548568395,8.844052281233155,8.094622779897472e-18,2.5266786820108535e-16,0.010653661567799849,0.049006128683972985,0.7087667161961367
PWY-6595: superpathway of guanosine nucleotides degradation (plants),1.367360709315772,8.823282541840552,9.560199162640725e-18,2.7852046893826644e-16,0.009876549951266286,0.029456288674029676,0.612184249628529
PWY-4722: creatinine degradation II,0.7666823503740111,8.811732396486333,1.0485770005192693e-17,2.8639259326682544e-16,5.197571447378856e-05,0.0013416160277982235,0.12184249628528974
P124-PWY: Bifidobacterium shunt,1.4885333286276505,8.802547345990599,1.1284618023066108e-17,2.90081063298817e-16,0.021841779574276885,0.04815439142812614,0.524517087667162
PWY-5173: superpathway of acetyl-CoA biosynthesis,1.3355562643604642,8.750145566650374,1.7136167998202963e-17,4.160280786230386e-16,0.0067004904446278084,0.026684680162169214,0.4739970282317979
PWY-5918: superpathay of heme biosynthesis from glutamate,1.3824923632937938,8.699398487355715,2.5633941788282957e-17,5.601016280739827e-16,0.007896320731120635,0.02897143868422367,0.4635958395245171
PWY4LZ-257: superpathway of fermentation (Chlamydomonas reinhardtii),1.2826405484358214,8.699790939586915,2.5554406927657783e-17,5.601016280739827e-16,0.011894401650367415,0.04766968894108002,0.7028231797919762
PWY-6588: pyruvate fermentation to acetone,1.30936037370935,8.670168834604947,3.229979212579491e-17,6.721432932843988e-16,0.009927923652213408,0.029405208674623963,0.6523031203566122
P163-PWY: L-lysine fermentation to acetate and butanoate,0.885575596935514,8.588532277185976,6.140166186280551e-17,1.2196602833657276e-15,0.0001413633333215515,0.004659754524246124,0.1411589895988113
PWY-5136: fatty acid &beta;-oxidation II (peroxisome),1.2548371441040684,8.322554557132156,4.817520863641044e-16,9.153289640917983e-15,0.02121675270234122,0.054012473731214726,0.7191679049034175
FAO-PWY: fatty acid &beta;-oxidation I,1.249645707094983,8.2189806588378,1.0597996898314025e-15,1.9297186019013456e-14,0.023173620679515256,0.05928744315226746,0.7206537890044576
PWY-5189: tetrapyrrole biosynthesis II (from glycine),1.2720202271354377,8.177254862531239,1.4528027479098292e-15,2.5151931919845492e-14,0.010269494652747888,0.023164706437620242,0.5423476968796433
PWY-821: superpathway of sulfur amino acid biosynthesis (Saccharomyces cerevisiae),1.3258882761307744,8.173330023240796,1.4964536153683817e-15,2.5151931919845492e-14,0.012355057956277227,0.025555175531556555,0.45468053491827637
PWY-622: starch biosynthesis,1.436868631249196,8.152528267589943,1.7503386272935792e-15,2.832955481952941e-14,0.023710757614078985,0.06586688675523551,0.4725111441307578
"PWY-7115: C4 photosynthetic carbon assimilation cycle, NAD-ME type",1.2483739791570452,8.126143253016618,2.134275457663991e-15,3.330994196425586e-14,0.03179901067492731,0.06458620576441261,0.7355126300148589
PWY-6612: superpathway of tetrahydrofolate biosynthesis,1.2716032276146176,8.046973546335092,3.857919672034133e-15,5.813485850616953e-14,0.021450719460558598,0.04613931231163809,0.6760772659732541
FOLSYN-PWY: superpathway of tetrahydrofolate biosynthesis and salvage,1.3111045529617142,8.015053011539745,4.89157244720492e-15,7.125390531428501e-14,0.03119163348748436,0.06395696548587372,0.6760772659732541
P122-PWY: heterolactic fermentation,1.1059905632797418,7.830921215217904,1.8956288538329042e-14,2.58871815351556e-13,0.003037031658688337,0.01526882114025571,0.3150074294205052
PWY-7560: methylerythritol phosphate pathway II,1.33594042215588,7.834843051140423,1.842201375914286e-14,2.58871815351556e-13,0.04091048457662593,0.09159425447379059,0.6537890044576523
PWY-6270: isoprene biosynthesis I,1.336929066668236,7.811958915631601,2.176286125561368e-14,2.8819304147585386e-13,0.04394818498532995,0.09631245977252029,0.6537890044576523
"PWY-5464: superpathway of cytosolic glycolysis (plants), pyruvate dehydrogenase and TCA cycle",1.2439092843513115,7.746372369565283,3.5011673989759376e-14,4.5000298628014256e-13,0.0075288083844311324,0.019131685814126286,0.4086181277860327
NONMEVIPP-PWY: methylerythritol phosphate pathway I,1.3995344502943152,7.697465951049579,4.9805845557748706e-14,6.218615573924624e-13,0.08763447106877181,0.17714548184340506,0.6597325408618128
PWY-6876: isopropanol biosynthesis,0.994294086501854,7.569506231136839,1.2418270249519716e-13,1.5074400275111433e-12,0.0023011565415305725,0.007072991715555292,0.2674591381872214
PWY-7046: 4-coumarate degradation (anaerobic),1.1010710704902729,7.468691951948289,2.5285282957226526e-13,2.986396933056214e-12,0.0047140852761340364,0.00838298848753594,0.46953937592867756
"7ALPHADEHYDROX-PWY: cholate degradation (bacteria, anaerobic)",0.5646021215010694,7.253038937303211,1.1274296307423025e-12,1.296544075353648e-11,8.667636578014037e-05,0.0017493369131653261,0.08172362555720654
GLUCARDEG-PWY: D-glucarate degradation I,1.0753244374889441,7.142741737775896,2.3884016132420225e-12,2.6762346281711893e-11,0.0075095910936125556,0.022905934878053463,0.6181277860326895
PWY-5265: peptidoglycan biosynthesis II (staphylococci),1.1118939451891399,7.1042487435700785,3.096832628841524e-12,3.383289647009365e-11,0.013481227999666629,0.027317681925845747,0.2823179791976226
PWY-5910: superpathway of geranylgeranyldiphosphate biosynthesis I (via mevalonate),0.7844940865459468,7.079798219491808,3.650171852962025e-12,3.7979169041533455e-11,0.00093195550720821,0.006756033369592071,0.1575037147102526
PWY-7392: taxadiene biosynthesis (engineered),1.2057284924428022,7.082777097456416,3.577880561107156e-12,3.7979169041533455e-11,0.024515204376537498,0.05793327946254233,0.6210995542347697
PWY-922: mevalonate pathway I,0.7683008001579407,7.0261136169067315,5.228290636219985e-12,5.19264320006394e-11,0.0008271937643747417,0.006863046816873602,0.16047548291233285
PWY3O-355: stearate biosynthesis III (fungi),0.8902477570073121,7.027675212159818,5.174095534077844e-12,5.19264320006394e-11,0.0021331496415746675,0.006309555821232586,0.23328380386329867
PWY0-881: superpathway of fatty acid biosynthesis I (E. coli),0.9446144410771681,6.998012790208717,6.304487897246188e-12,6.122358246881297e-11,0.003640096031268911,0.015288002899991203,0.21545319465081725
HEMESYN2-PWY: heme biosynthesis II (anaerobic),0.9312543582629456,6.959045729101316,8.164465775905265e-12,7.756242487110002e-11,0.01857776024022956,0.039585683594770354,0.799405646359584
PWY-5121: superpathway of geranylgeranyl diphosphate biosynthesis II (via MEP),1.213815810874569,6.926125879020121,1.0147918117898384e-11,9.435404718131051e-11,0.040025362978422636,0.08246871420505013,0.6404160475482912
PWY66-367: ketogenesis,0.6351009436914656,6.895864383823401,1.2384304467256786e-11,1.1274877192065033e-10,0.00021876873786883042,0.0013499304207837447,0.12927191679049035
P162-PWY: L-glutamate degradation V (via hydroxyglutarate),1.038864637557992,6.698447809650452,4.460659527036534e-11,3.9781800271733987e-10,0.0055195376858287355,0.017346524155161712,0.3699851411589896
"GOLPDLCAT-PWY: superpathway of glycerol degradation to 1,3-propanediol",0.7683222971124645,6.551556953780868,1.1342974042962681e-10,9.913759313549382e-10,0.029048719572667803,0.05981405022384589,0.8707280832095097
GLYCOCAT-PWY: glycogen degradation I (bacterial),1.0871437294058812,6.516827123627985,1.4107798344772164e-10,1.208844681699105e-09,0.057872467669854016,0.10049292516205569,0.7043090638930164
PWY0-1298: superpathway of pyrimidine deoxyribonucleosides degradation,0.8629796137507398,6.477542130189869,1.8034635172429855e-10,1.4798336528926299e-09,0.032661531336810844,0.0768790510468318,0.8291233283803864
"ARGORNPROST-PWY: arginine, ornithine and proline interconversion",1.0283332172232367,6.476406764583172,1.816274657011805e-10,1.4798336528926299e-09,0.016268435629111365,0.030080684978711317,0.6612184249628529
HEME-BIOSYNTHESIS-II: heme biosynthesis I (aerobic),0.9512998719851115,6.475319425526715,1.8286273971670941e-10,1.4798336528926299e-09,0.00941609109550803,0.03220868112720951,0.6894502228826151
"P461-PWY: hexitol fermentation to lactate, formate, ethanol and acetate",0.7840752171677731,6.416190721400369,2.6398296999048173e-10,2.097464688833464e-09,0.05805725642300546,0.10690249289173204,0.87518573551263
PWY0-1415: superpathway of heme biosynthesis from uroporphyrinogen-III,0.9494433934458626,6.236306598399694,7.926478023269255e-10,5.972191200290801e-09,0.00507837499969032,0.015342791560529425,0.38930163447251115
GALACTARDEG-PWY: D-galactarate degradation I,0.9358375124163408,6.2390931486849,7.794185244718645e-10,5.972191200290801e-09,0.01332114281808574,0.03488015019189037,0.6953937592867756
GLUCARGALACTSUPER-PWY: superpathway of D-glucarate and D-galactarate degradation,0.9358375124163408,6.2390931486849,7.794185244718645e-10,5.972191200290801e-09,0.01332114281808574,0.03488015019189037,0.6953937592867756
GLUCOSE1PMETAB-PWY: glucose and glucose-1-phosphate degradation,0.9711955643174227,6.187048182255246,1.0661952072040862e-09,7.897072975392976e-09,0.03240607694535816,0.06342668738133937,0.7161961367013373
PWY-6823: molybdenum cofactor biosynthesis,0.7149794347882903,6.150325925257219,1.3281982837884266e-09,9.673710833592374e-09,0.001198747543058231,0.0032252874714528462,0.20208023774145617
PWY-7209: superpathway of pyrimidine ribonucleosides degradation,0.9726980275704076,6.1242029528852715,1.5518620821908543e-09,1.1117438195367268e-08,0.007227205438574161,0.015298492259427705,0.42199108469539376
LACTOSECAT-PWY: lactose and galactose degradation I,0.7528980996689445,6.112159629750771,1.6669853381660973e-09,1.1749557948041688e-08,0.047203673264291854,0.09950532938456956,0.8692421991084696
P562-PWY: myo-inositol degradation I,0.5344988411493177,6.106770312883408,1.7211650280896478e-09,1.1938874877383747e-08,0.00019073766393980872,0.002750569243131186,0.09806835066864784
P441-PWY: superpathway of N-acetylneuraminate degradation,0.7965323209026726,6.0982984960364925,1.8098278600379743e-09,1.2249874582947503e-08,0.08495558493977094,0.15841995686436292,0.8677563150074294
PWY-5384: sucrose degradation IV (sucrose phosphorylase),0.793632816934541,6.097161304079773,1.8220637251523745e-09,1.2249874582947503e-08,0.047704103807390576,0.0781082334872917,0.8454680534918276
RUMP-PWY: formaldehyde oxidation I,0.9678638040275731,6.041877358223886,2.525023521331352e-09,1.671871634578486e-08,0.015708853794053727,0.02374941859829023,0.6151560178306092
PWY-5994: palmitate biosynthesis I (animals and fungi),0.8443122864691905,5.993148800408465,3.359357675657917e-09,2.1911034391977755e-08,0.007165723402693544,0.02027246152321998,0.19316493313521546
"PWY-7013: L-1,2-propanediol degradation",0.8024990728385858,5.92858446575791,4.889077965690413e-09,3.141951575009868e-08,0.040233426554366035,0.06750212753842054,0.8246656760772659
P221-PWY: octane oxidation,0.6738414673589902,5.916796993785656,5.233815130484648e-09,3.314749582640277e-08,0.0008994366236256654,0.002714008137372496,0.26151560178306094
PWY-2723: trehalose degradation V,0.926619071266998,5.726819079778535,1.544585836109057e-08,9.6426287197094e-08,0.03332725509236409,0.05810516763289978,0.687964338781575
PWY-4041: &gamma;-glutamyl cycle,0.44700451050996215,5.70700346715347,1.726158638432403e-08,1.0624384859083945e-07,0.12043021498662684,0.18245289797881845,0.9613670133729569
"P4-PWY: superpathway of L-lysine, L-threonine and L-methionine biosynthesis I",0.9130239552636249,5.6889636721423456,1.9094109527931777e-08,1.1589063699591926e-07,0.0558913313327993,0.10488107816075395,0.7518573551263001
PWY0-781: aspartate superpathway,0.8983070463678162,5.551740920842562,4.076877048661643e-08,2.4405414661166274e-07,0.05546412301295323,0.10334446238398177,0.7473997028231798
PWY-3781: aerobic respiration I (cytochrome c),0.788964623855045,5.5118946670678834,5.0663523756261535e-08,2.99188647047112e-07,0.0036933484250752427,0.013397633438259296,0.3016344725111441
PWY-5840: superpathway of menaquinol-7 biosynthesis,0.9635698408832084,5.486779795863216,5.8059817820280473e-08,3.3829520516616756e-07,0.021687995376342844,0.0371303221948445,0.5037147102526003
"PWY-5837: 1,4-dihydroxy-2-naphthoate biosynthesis I",0.8880258058840835,5.419556836742028,8.33946876881384e-08,4.732919288274868e-07,0.01147107178336109,0.030969989323149132,0.5468053491827637
"PWY-5791: 1,4-dihydroxy-2-naphthoate biosynthesis II (plants)",0.8880258058840835,5.419556836742028,8.33946876881384e-08,4.732919288274868e-07,0.01147107178336109,0.030969989323149132,0.5468053491827637
PWY-5415: catechol degradation I (meta-cleavage pathway),0.3639476535299286,5.379766093680079,1.031435283527229e-07,5.77868229360768e-07,5.4948840951154826e-05,0.000817275348491875,0.06537890044576523
PWY-5392: reductive TCA cycle II,0.49260925257369537,5.3730581627268,1.0689196341427249e-07,5.912884558485706e-07,0.0003261827150161798,0.0012315177833054569,0.12184249628528974
PWY-7094: fatty acid salvage,0.6235728134656706,5.340554948205071,1.2700765523120512e-07,6.93779316700458e-07,0.001687586673350235,0.0068126042793728225,0.18722139673105498
PWY-5897: superpathway of menaquinol-11 biosynthesis,0.9296426535436391,5.202504483082506,2.615373394163363e-07,1.3770098472884212e-06,0.029492930629046742,0.05179154284487291,0.5453194650817236
PWY-5898: superpathway of menaquinol-12 biosynthesis,0.9296426535436391,5.202504483082506,2.615373394163363e-07,1.3770098472884212e-06,0.029492930629046742,0.05179154284487291,0.5453194650817236
PWY-5899: superpathway of menaquinol-13 biosynthesis,0.9296426535436391,5.202504483082506,2.615373394163363e-07,1.3770098472884212e-06,0.029492930629046742,0.05179154284487291,0.5453194650817236
DAPLYSINESYN-PWY: L-lysine biosynthesis I,0.5874850049108722,5.139875524801974,3.610107914688859e-07,1.8781156651417042e-06,0.10273293776876832,0.16642751345140713,0.9063893016344725
PWY66-398: TCA cycle III (animals),0.7879467264794039,5.132665101618345,3.7457872317451206e-07,1.9257753179677855e-06,0.005081839646622645,0.009783059993036705,0.35809806835066865
PWY-6731: starch degradation III,0.8401669986395383,5.103096828974097,4.3555899385551356e-07,2.213247445521621e-06,0.0346923312591559,0.05012158866844756,0.6775631500742942
PWY-5863: superpathway of phylloquinol biosynthesis,0.8332633556907414,5.05768603295087,5.482936160529083e-07,2.7540725312082863e-06,0.012417244252553125,0.024655149628172217,0.5423476968796433
PWY-5860: superpathway of demethylmenaquinol-6 biosynthesis I,0.7230898966698406,5.0387270086610165,6.03283598684541e-07,2.995851507103914e-06,0.005415900819033304,0.014966953170459497,0.2451708766716196
PWY-6606: guanosine nucleotides degradation II,0.542416215704461,5.0340116002659165,6.177666492940304e-07,3.033303660016756e-06,0.06058397735944861,0.11388334836120206,0.9108469539375929
PWY-5896: superpathway of menaquinol-10 biosynthesis,0.7456012594909397,5.024486179870765,6.480547770606755e-07,3.1120872261045623e-06,0.007595821208395691,0.01942389195046643,0.2451708766716196
PWY-5850: superpathway of menaquinol-6 biosynthesis I,0.7456012594909397,5.024486179870765,6.480547770606755e-07,3.1120872261045623e-06,0.007595821208395691,0.01942389195046643,0.2451708766716196
P185-PWY: formaldehyde assimilation III (dihydroxyacetone cycle),0.6241734661392808,4.977539962974668,8.195336191736691e-07,3.892784691074928e-06,0.028440545441656417,0.04623697173015895,0.8469539375928677
PROPFERM-PWY: L-alanine fermentation to propanoate and acetate,0.6820921946741991,4.9657151481910775,8.691951070013137e-07,4.084282384511549e-06,0.0024331493402441613,0.00427107996566387,0.29420505200594355
REDCITCYC: TCA cycle VIII (helicobacter),0.7064714296165437,4.920852811420829,1.0853695221201218e-06,5.045813629430779e-06,0.0032416541225555894,0.0075280891318867645,0.3387815750371471
"PWY-7385: 1,3-propanediol biosynthesis (engineered)",0.6540825659078099,4.9053583405611905,1.1714337106919419e-06,5.388595069182933e-06,0.0020902286418837293,0.00892049515409988,0.24665676077265974
PWY-101: photosynthesis light reactions,0.4128897033968946,4.877057021214838,1.3459133624375485e-06,6.126709785262591e-06,0.00016346965975389455,0.0008963161742209921,0.11441307578008915
PWY-7328: superpathway of UDP-glucose-derived O-antigen building blocks biosynthesis,0.7501020017501149,4.8663274998095245,1.4184011473589093e-06,6.3901165092354985e-06,0.035066022388717845,0.05598684793725757,0.7429420505200595
ENTBACSYN-PWY: enterobactin biosynthesis,0.6454414187934377,4.854336014678083,1.5038669647722555e-06,6.706019016382405e-06,0.006115450481147146,0.020828148606177203,0.1649331352154532
PWY-7446: sulfoglycolysis,0.49852801439815514,4.851518708162808,1.5246548823165186e-06,6.7300422583062495e-06,0.0008302567411115039,0.0033614169460832906,0.15453194650817237
PWY-6803: phosphatidylcholine acyl editing,0.7384192209619015,4.838364145394008,1.625438151718749e-06,7.103164723010932e-06,0.007553888559417217,0.019716403541849455,0.34026745913818723
PWY-6785: hydrogen production VIII,0.4226276965923411,4.832384797401679,1.6733424210190989e-06,7.240105326587586e-06,0.00037822274816330534,0.0013839363900093986,0.10698365527488855
PWY490-3: nitrate reduction VI (assimilatory),0.61710486132836,4.818818172415647,1.7871290177266888e-06,7.656621379868264e-06,0.0009683535745963316,0.0026039592603287246,0.29420505200594355
SULFATE-CYS-PWY: superpathway of sulfate assimilation and cysteine biosynthesis,0.781765259439872,4.800459675696816,1.9530276869481602e-06,8.286146594139281e-06,0.05480187440363517,0.07416370990283835,0.7265973254086181
SO4ASSIM-PWY: sulfate reduction I (assimilatory),0.7332917535926922,4.774214299759643,2.216169446341222e-06,9.312173538953019e-06,0.03118127572788748,0.0453380606531182,0.7265973254086181
PWY-5861: superpathway of demethylmenaquinol-8 biosynthesis,0.8318507237022063,4.751366863573111,2.472744688470342e-06,1.0291327893919424e-05,0.023069354058513368,0.03797999073080717,0.5349182763744428
PWY-5345: superpathway of L-methionine biosynthesis (by sulfhydrylation),0.7863664277289698,4.744242284288317,2.5584380769031484e-06,1.0547523015157319e-05,0.06497165222656276,0.08106575331435426,0.7236255572065379
PWY-5838: superpathway of menaquinol-8 biosynthesis I,0.853271681471264,4.725017648684997,2.8041632987132723e-06,1.1452517397548599e-05,0.03229114428007588,0.04943636756944358,0.5349182763744428
PWY0-42: 2-methylcitrate cycle I,0.556960489136324,4.7167240195364375,2.917040751763264e-06,1.1803211190005058e-05,0.0016900420477274612,0.005083325565668244,0.19167904903417535
PWY0-1533: methylphosphonate degradation I,0.3666365179933063,4.694817807194442,3.2365922902201916e-06,1.2976062668130492e-05,0.00020525417560207347,0.0018068928585697917,0.09212481426448738
PWY66-389: phytol degradation,0.686645718057888,4.690642735036821,3.30119868913369e-06,1.3114762065012931e-05,0.006051417536852001,0.014661098459192364,0.48291233283803864
PWY-5182: toluene degradation II (aerobic) (via 4-methylcatechol),0.3137150329692771,4.683191737001255,3.41959023415334e-06,1.3342508324330442e-05,5.222818204790723e-05,0.003653490327371452,0.04606240713224369
PWY-5180: toluene degradation I (aerobic) (via o-cresol),0.3137150329692771,4.683191737001255,3.41959023415334e-06,1.3342508324330442e-05,5.222818204790723e-05,0.003653490327371452,0.04606240713224369
ECASYN-PWY: enterobacterial common antigen biosynthesis,0.531679405559666,4.654757741824155,3.910006013781884e-06,1.5120996708165338e-05,0.0015099464304973277,0.007206651397169457,0.17087667161961367
PWY-5920: superpathway of heme biosynthesis from glycine,0.6296336813375504,4.633398116068005,4.322140622554353e-06,1.6568205719791687e-05,0.0029832454587625165,0.012151207674880942,0.23179791976225855
PWY-6285: superpathway of fatty acids biosynthesis (E. coli),0.695322515641483,4.559526146838936,6.093780832638485e-06,2.295674330916395e-05,0.009064262620092368,0.02953095388510371,0.23328380386329867
"PWY-7237: myo-, chiro- and scillo-inositol degradation",0.8253623113272841,4.56015946122138,6.0759837217947275e-06,2.295674330916395e-05,0.4036321710573363,0.5010885681178772,0.7800891530460624
PWY-5656: mannosylglycerate biosynthesis I,0.5525722847041377,4.552745240550574,6.287495179957079e-06,2.3484063193514902e-05,0.0027802661822549707,0.0059405538129901235,0.1961367013372957
PWY0-1277: 3-phenylpropanoate and 3-(3-hydroxyphenyl)propanoate degradation,0.5317549648696456,4.524626338946816,7.155662845783246e-06,2.6500209013621003e-05,0.0018392042728538468,0.008762107160570496,0.1575037147102526
PWY-5676: acetyl-CoA fermentation to butanoate II,0.5152028922290973,4.499020533378362,8.045275913476437e-06,2.954441658982523e-05,0.06118879204440063,0.11667112168353391,0.8989598811292719
HEXITOLDEGSUPER-PWY: superpathway of hexitol degradation (bacteria),0.5210968839142641,4.47912053689102,8.808866635273596e-06,3.207895599678801e-05,0.148843864536616,0.20135568874970033,0.9078751857355126
PWY-7210: pyrimidine deoxyribonucleotides biosynthesis from CTP,0.7594433483211214,4.360309914337886,1.502787688585142e-05,5.42742330505543e-05,0.02991541445360387,0.05248191835721867,0.5928677563150074
METHGLYUT-PWY: superpathway of methylglyoxal degradation,0.6829732589444688,4.3366186285492985,1.6692164047164808e-05,5.9790784332877226e-05,0.019074012569924498,0.02869647567241665,0.674591381872214
PWY-7254: TCA cycle VII (acetate-producers),0.6651280719550331,4.295499233274492,2.0006722120825736e-05,6.96366724178888e-05,0.010012654493099484,0.021851005673725735,0.31203566121842496
ALLANTOINDEG-PWY: superpathway of allantoin degradation in yeast,0.529705111464079,4.2970938525959195,1.9867232403247388e-05,6.96366724178888e-05,0.0013944062076163709,0.0027638129612578308,0.2303120356612184
PWY-6471: peptidoglycan biosynthesis IV (Enterococcus faecium),0.5635576141006162,4.29468498951452,2.007830829440272e-05,6.96366724178888e-05,0.1985884736708705,0.30180796283176203,0.8870728083209509
PWY-5747: 2-methylcitrate cycle II,0.5386389124301356,4.299615574058163,1.9648537039610152e-05,6.96366724178888e-05,0.0020591838828827556,0.00526637731410575,0.23328380386329867
PWY-6608: guanosine nucleotides degradation III,0.3683585440572165,4.289187394775526,2.0568078286871716e-05,7.077362371151921e-05,0.1393303166411268,0.23339388915245202,0.9539375928677564
KETOGLUCONMET-PWY: ketogluconate metabolism,0.6320237553235083,4.2809539164643375,2.132295895861775e-05,7.279791456965592e-05,0.007049456249991387,0.01271602873325055,0.31203566121842496
TCA-GLYOX-BYPASS: superpathway of glyoxylate bypass and TCA,0.6726363214478306,4.271605212679026,2.2212128665527194e-05,7.524573819252236e-05,0.01094145267305524,0.02481021784135658,0.3135215453194651
PWY-6703: preQ0 biosynthesis,-0.1573660108306988,-4.261520518222054,2.32109185683278e-05,7.802439549507114e-05,0.6971956648721763,0.5507331455197751,0.9940564635958395
PWY-5005: biotin biosynthesis II,0.6100634131411448,4.233993473203324,2.6159878963946387e-05,8.726616112400437e-05,0.03953001700841306,0.056077420202644036,0.7979197622585439
P164-PWY: purine nucleobases degradation I (anaerobic),0.5242804778947915,4.230457992138683,2.656355549293018e-05,8.794146780614006e-05,0.08061644948437464,0.1402170414605663,0.8841010401188707
PWY-5675: nitrate reduction V (assimilatory),0.6366762379931248,4.22727120472848,2.693250024301034e-05,8.842072246961722e-05,0.007123482779748791,0.018969660421924415,0.34323922734026746
SALVADEHYPOX-PWY: adenosine nucleotides degradation II,0.4644661391831853,4.225727333516556,2.7112990414024503e-05,8.842072246961722e-05,0.07597410104639267,0.1304462463288509,0.9108469539375929
PWY-6549: L-glutamine biosynthesis III,0.5423898184589513,4.2134864217636325,2.858540819842216e-05,9.25320250571147e-05,0.05963300815142988,0.0828566997879178,0.861812778603269
AST-PWY: L-arginine degradation II (AST pathway),0.49993219017162016,4.187356207710631,3.198745068272911e-05,0.0001027832055025928,0.0018948229987672531,0.007872129555510516,0.18424962852897475
"GLYCOLYSIS-TCA-GLYOX-BYPASS: superpathway of glycolysis, pyruvate dehydrogenase, TCA, and glyoxylate bypass",0.6917384036445621,4.175438996828806,3.36639663631656e-05,0.00010738068102703189,0.017538055132974666,0.03583138749644406,0.31203566121842496
PWY-7234: inosine-5'-phosphate biosynthesis III,0.4914609943559674,4.158094403118165,3.6254156358217297e-05,0.00011480482846768811,0.14444504518060206,0.17192996995259685,0.9034175334323923
PWY-6690: cinnamate and 3-hydroxycinnamate degradation to 2-oxopent-4-enoate,0.47088384881614537,4.130376725450387,4.079101379621961e-05,0.00012642321297126217,0.0012642698084868345,0.006700048164891058,0.16790490341753342
PWY-6353: purine nucleotides degradation II (aerobic),0.4724311915846331,4.131713190450424,4.056039788102275e-05,0.00012642321297126217,0.11368108888611567,0.18799598369496962,0.9093610698365527
HCAMHPDEG-PWY: 3-phenylpropanoate and 3-(3-hydroxyphenyl)propanoate degradation to 2-oxopent-4-enoate,0.47088384881614537,4.130376725450387,4.079101379621961e-05,0.00012642321297126217,0.0012642698084868345,0.006700048164891058,0.16790490341753342
"GLCMANNANAUT-PWY: superpathway of N-acetylglucosamine, N-acetylmannosamine and N-acetylneuraminate degradation",0.3135863493553341,4.122727702884676,4.213508248662055e-05,0.00012966923272290972,0.14648667777086427,0.22659813359680916,0.9643387815750372
PWY-7279: aerobic respiration II (cytochrome c) (yeast),0.3320544865940736,4.108005381011982,4.4841466411590725e-05,0.00013703301274031572,0.00019296155443855871,0.0017181914943806909,0.0950965824665676
UDPNACETYLGALSYN-PWY: UDP-N-acetyl-D-glucosamine biosynthesis II,0.25603712002401197,4.081171623215117,5.0204618396555415e-05,0.0001523570711062133,5.033222282714488e-05,0.0006847501460786992,0.05646359583952452
PWY-6700: queuosine biosynthesis,-0.08272450941557714,-4.074964683585532,5.152920102284673e-05,0.00015529835066885534,1.2092970419374802,0.9721814556792485,0.9985141158989599
GLYOXYLATE-BYPASS: glyoxylate cycle,0.6445529659019312,4.048494370344734,5.7559843501280896e-05,0.00017228528500040928,0.010213254453855403,0.02007160319378945,0.399702823179792
P23-PWY: reductive TCA cycle I,0.5445677956830514,3.9917754020203597,7.281295714599028e-05,0.00021645756648161734,0.002643638980613082,0.004766949279905789,0.2986627043090639
PWY-561: superpathway of glyoxylate cycle and fatty acid degradation,0.6073524577208405,3.989369417263944,7.353802318397441e-05,0.00021713591980673523,0.009011397239864131,0.021169678221571838,0.27191679049034173
PWY-6435: 4-hydroxybenzoate biosynthesis V,0.3726051427088361,3.978064248618924,7.703752992338943e-05,0.0002259422857484643,0.0007140802484893054,0.0016921925183012712,0.11292719167904904
PWY-5723: Rubisco shunt,0.6497134866251494,3.9258621564438965,9.53446272474616e-05,0.00027777068071427145,0.014209736287513491,0.035013428920012864,0.3789004457652303
PWY-6507: 4-deoxy-L-threo-hex-4-enopyranuronate degradation,0.3626930229500638,3.917426827950341,9.866435237931208e-05,0.00028553855622357203,0.07998055024205292,0.11809225691215303,0.9390787518573551
PWY-7204: pyridoxal 5'-phosphate salvage II (plants),0.5032155789467856,3.883007888846501,0.00011337759010471753,0.0003259605715510629,0.0035561131863116194,0.008423735525500691,0.2213967310549777
PWY-1861: formaldehyde assimilation II (RuMP Cycle),0.5271613091581765,3.8751899909211636,0.00011699720927327923,0.00033416849968903936,0.09392725304861461,0.14885927123315107,0.8573551263001485
PWY0-1297: superpathway of purine deoxyribonucleosides degradation,0.48283945008532086,3.872203184825116,0.00011840869357035513,0.00033600389019639736,0.10209922631361804,0.11807129409133928,0.8811292719167905
PWY66-409: superpathway of purine nucleotide salvage,0.5441759523149999,3.846559444434398,0.00013120712541595883,0.000369919443914671,0.1654113199330918,0.19028935688995194,0.8558692421991084
TRNA-CHARGING-PWY: tRNA charging,-0.07649113147436702,-3.8375607862251555,0.00013600000561330897,0.0003809743746988206,1.389468169307606,1.1242696167066908,0.9985141158989599
PWY-5083: NAD/NADH phosphorylation and dephosphorylation,0.5667323853193853,3.81676550593676,0.00014771601767061721,0.0004111585969557944,0.033860160622966436,0.05379483998868244,0.7711738484398217
PPGPPMET-PWY: ppGpp biosynthesis,0.4278304374944657,3.7649727499890586,0.00018117107146815552,0.0005010870774150883,0.051393097358738885,0.07959723204943121,0.8959881129271917
3-HYDROXYPHENYLACETATE-DEGRADATION-PWY: 4-hydroxyphenylacetate degradation,0.336827501247771,3.747294748551121,0.00019413980068121091,0.0005335792006143973,0.0005951767978554688,0.003816449216791573,0.0950965824665676
P105-PWY: TCA cycle IV (2-oxoglutarate decarboxylase),0.5884417822758108,3.7378206709129773,0.0002014450476897962,0.000547760542358283,0.012204746777947199,0.023546144387212888,0.274888558692422
LPSSYN-PWY: superpathway of lipopolysaccharide biosynthesis,0.3693071462308356,3.7373603328499163,0.0002018065156056832,0.000547760542358283,0.0011567023510909574,0.002603346682725713,0.1263001485884101
PWY-5862: superpathway of demethylmenaquinol-9 biosynthesis,0.6305824395280027,3.709752604377536,0.00022463637661019692,0.0006059635591275065,0.014518683978006614,0.02384086089010734,0.4442793462109955
ARGININE-SYN4-PWY: L-ornithine de novo  biosynthesis,-0.3180049148224473,-3.706114340681389,0.00022782012237313918,0.0006107815550739988,0.4233457265803829,0.3491116037164994,0.9613670133729569
KDO-NAGLIPASYN-PWY: superpathway of (Kdo)2-lipid A biosynthesis,0.4088795081037283,3.698012171159335,0.00023506326634475578,0.0006263576060527943,0.0015481714700294321,0.002746653965608909,0.1723625557206538
PWY-5845: superpathway of menaquinol-9 biosynthesis,0.6492454414754887,3.6942714356373236,0.00023847997478262047,0.000631610599878819,0.020663576464488645,0.031187277519001265,0.4442793462109955
PWY-7456: mannan degradation,-0.33107301707132675,-3.6827316822075797,0.0002493167270930681,0.0006543041869737957,0.20202408278805406,0.1857419087064831,0.9494799405646359
"PWY-6953: dTDP-3-acetamido-3,6-dideoxy-&alpha;-D-galactose biosynthesis",-0.4377886766586736,-3.6819752358674718,0.0002500430188206496,0.0006543041869737957,0.010151167353494047,0.003218366792525678,0.150074294205052
URDEGR-PWY: superpathway of allantoin degradation in plants,0.3116616680428594,3.647917512259173,0.0002848820019458077,0.0007366475434930057,0.00025920368157618157,0.0007231990222394562,0.13670133729569092
PWY-5692: allantoin degradation to glyoxylate II,0.3116616680428594,3.647917512259173,0.0002848820019458077,0.0007366475434930057,0.00025920368157618157,0.0007231990222394562,0.13670133729569092
PWY-5022: 4-aminobutanoate degradation V,0.5235772963072656,3.6444027036201554,0.00028872604541514755,0.0007421957755671734,0.03850839894314254,0.04276854600460821,0.7919762258543833
PWY-7616: methanol oxidation to carbon dioxide,0.357053269541858,3.6404885169069714,0.0002930641718077033,0.000748941772397464,0.00040879640671184433,0.001219175786339081,0.15453194650817237
HOMOSER-METSYN-PWY: L-methionine biosynthesis I,0.294558054047653,3.6373877811660957,0.000296544102776469,0.0007534289122867265,0.07471587623921176,0.14600531917449122,0.9569093610698366
UBISYN-PWY: superpathway of ubiquinol-8 biosynthesis (prokaryotic),0.39388092702560934,3.6241357533790968,0.0003118585169782341,0.0007877582191877936,0.001122307204853791,0.004523312682270864,0.16790490341753342
PWY-6630: superpathway of L-tyrosine biosynthesis,0.6225182930812719,3.593305561069753,0.00035040574503482987,0.0008800420148288543,0.018620850380194526,0.033974794771597025,0.4442793462109955
PWY0-1338: polymyxin resistance,0.38237473689276363,3.57841758080063,0.0003705795443224767,0.0009253900621081276,0.0012397783111406267,0.005229824128788528,0.1649331352154532
PWY-6138: CMP-N-acetylneuraminate biosynthesis I (eukaryotes),0.1531869675743747,3.5695300817786357,0.00038313593204117785,0.0009513091039886064,4.3848653219701506e-05,0.00016894710691645393,0.02526002971768202
PWY-7242: D-fructuronate degradation,0.3489786444781777,3.5646160207329283,0.00039024857913551086,0.0009634950795605552,0.0947634762840962,0.133964034669815,0.9331352154531947
PWY-6708: ubiquinol-8 biosynthesis (prokaryotic),0.38990740719971106,3.5420859045308104,0.00042447071062358415,0.0010248270748204767,0.0010252821061491084,0.004513611554050914,0.18722139673105498
PWY-5855: ubiquinol-7 biosynthesis (prokaryotic),0.38990740719971106,3.5420859045308104,0.00042447071062358415,0.0010248270748204767,0.0010252821061491084,0.004513611554050914,0.18722139673105498
PWY-5856: ubiquinol-9 biosynthesis (prokaryotic),0.38990740719971106,3.5420859045308104,0.00042447071062358415,0.0010248270748204767,0.0010252821061491084,0.004513611554050914,0.18722139673105498
PWY-5857: ubiquinol-10 biosynthesis (prokaryotic),0.38990740719971106,3.5420859045308104,0.00042447071062358415,0.0010248270748204767,0.0010252821061491084,0.004513611554050914,0.18722139673105498
PWY-4702: phytate degradation I,0.4756489191048596,3.5345530055532834,0.00043652577501126426,0.0010481415586808928,0.004829629381859885,0.00899301191748039,0.2526002971768202
DENITRIFICATION-PWY: nitrate reduction I (denitrification),0.1747393949224175,3.4902603752496937,0.0005141375134303487,0.0012277491440932371,1.9221802314349697e-05,0.0007558739681693074,0.03268945022288262
PWY-5304: superpathway of sulfur oxidation (Acidianus ambivalens),-0.42862648215347293,-3.4855749438614834,0.0005230617858193795,0.0012422717413210264,0.06005975645759092,0.05874886468677566,0.8722139673105498
"PWY-6837: fatty acid beta-oxidation V (unsaturated, odd number, di-isomerase-dependent)",0.37499264798839665,3.452101221423846,0.0005911534406919444,0.0013964002896344847,0.0008758889982484093,0.004535551451729959,0.18722139673105498
PWY-7269: NAD/NADP-NADH/NADPH mitochondrial interconversion (yeast),0.3515893121975513,3.372159107946134,0.000788636373330583,0.0018528714792766924,0.0013633450498381538,0.004683998327254305,0.14413075780089152
"PRPP-PWY: superpathway of histidine, purine, and pyrimidine biosynthesis",0.505543005304399,3.3479921839489712,0.0008594738147308604,0.002008502978809551,0.1756606700069731,0.21616806773756145,0.8380386329866271
GLYCOL-GLYOXDEG-PWY: superpathway of glycol metabolism and degradation,0.3837727053905371,3.3133325802528546,0.000971435156153257,0.0022580700172285815,0.0011037427610246394,0.002194802723852467,0.2436849925705795
PWY-7198: pyrimidine deoxyribonucleotides de novo biosynthesis IV,0.30983092519926336,3.3015082890555294,0.001012629791333706,0.002341371528110209,0.12248277486954448,0.15732527501280005,0.9420505200594353
"PWY-7371: 1,4-dihydroxy-6-naphthoate biosynthesis II",-0.4266071363859011,-3.293528604187931,0.001041339808108602,0.0023950815586497847,0.005482799348075124,0.003373662658793225,0.2199108469539376
PWY-5973: cis-vaccenate biosynthesis,-0.1145722690877535,-3.2790554438875694,0.0010953473654921194,0.002506108893822284,0.7728015720377253,0.6523089797589607,0.9955423476968797
AEROBACTINSYN-PWY: aerobactin biosynthesis,0.18570152909932888,3.2380400425027673,0.0012628244744475367,0.0028593486804848367,0.00025912450224529186,0.000555548386845801,0.041604754829123326
PWY-6470: peptidoglycan biosynthesis V (&beta;-lactam resistance),0.4610022018360293,3.2388302444344843,0.0012593854217567023,0.0028593486804848367,0.11389201629640675,0.17125973588985025,0.849925705794948
GALACTUROCAT-PWY: D-galacturonate degradation I,0.3488208068363706,3.2281775936414414,0.0013064843569260873,0.0029429570308077326,0.08376348263618127,0.1233836888209496,0.9153046062407132
PWY-7663: gondoate biosynthesis (anaerobic),-0.10193163507355527,-3.2173608128770375,0.0013559716238405897,0.003038767177529937,0.7076521323070333,0.6066572480309874,0.9970282317979198
PWY-7219: adenosine ribonucleotides de novo biosynthesis,-0.06253650685208832,-3.1695593373293804,0.0015961127475323756,0.003558679952406368,1.4495624093493804,1.2162341593123727,0.9985141158989599
METSYN-PWY: L-homoserine and L-methionine biosynthesis,0.2644817585523857,3.14271017417381,0.0017476353050297337,0.003857154688373705,0.13451747854537846,0.23512309406153958,0.9569093610698366
PWY-7399: methylphosphonate degradation II,0.13540612186920228,3.143859147982885,0.0017408886233870997,0.003857154688373705,1.8563785365979818e-05,0.00013386582576977623,0.029717682020802376
"PWY-7384: anaerobic energy metabolism (invertebrates, mitochondrial)",0.1528930471672471,3.135452978978305,0.0017908086889228856,0.003932579884720106,4.321542079863253e-05,0.0005310220717063338,0.029717682020802376
PWY-6629: superpathway of L-tryptophan biosynthesis,0.5546936722315483,3.133451787330164,0.0018028855130720214,0.003939304846062366,0.02827381769474304,0.04452671409209979,0.4160475482912333
PWY0-41: allantoin degradation IV (anaerobic),0.2862664945868193,3.1273800797051527,0.0018399877524432025,0.00400037138217751,0.0005517022164679702,0.0012855789503746888,0.1352154531946508
PWY-6628: superpathway of L-phenylalanine biosynthesis,0.5611937056258695,3.0836101247147414,0.0021289661768870163,0.00460573375890904,0.043442976333239174,0.06000385176787252,0.5482912332838039
PWY3DJ-35471: L-ascorbate biosynthesis IV,0.320522579528737,3.074319067623862,0.0021954407270684396,0.004726145801620237,0.001903996719878215,0.005726199695751193,0.12481426448736999
PWY-7539: 6-hydroxymethyl-dihydropterin diphosphate biosynthesis III (Chlamydia),-0.17285109854446096,-3.0486814426721973,0.002388882719199527,0.005117361511226438,0.4682410446459076,0.4238036889464035,0.9851411589895989
PWY-7294: xylose degradation IV,0.1624587186686266,3.0211549539921885,0.002613890475290381,0.005572049452204374,0.000105467986667481,0.0003333422884609598,0.03863298662704309
PWY-7199: pyrimidine deoxyribonucleosides salvage,-0.07914002108781575,-2.980565604081949,0.0029812472897263035,0.006324296435001916,0.8758885222576579,0.7327855701870474,0.9970282317979198
PWY1G-0: mycothiol biosynthesis,0.1922686183806831,2.9771001839324556,0.0030147028365788532,0.006341790779147962,0.00020162133512068644,0.001001259593055769,0.04903417533432392
MET-SAM-PWY: superpathway of S-adenosyl-L-methionine biosynthesis,0.25180079206121975,2.9767072073341008,0.003018518265589877,0.006341790779147962,0.14857878932105778,0.2495533397889352,0.9569093610698366
PWY-7389: superpathway of anaerobic energy metabolism (invertebrates),0.1481881990735998,2.972373537894059,0.0030608878288596823,0.006400038187615699,7.157866804719849e-05,0.000722914035694279,0.02823179791976226
DTDPRHAMSYN-PWY: dTDP-L-rhamnose biosynthesis I,-0.06395332240337406,-2.948927367844103,0.003299690418514679,0.00686649863281388,1.5468247755430002,1.3102074202003617,0.9985141158989599
PWY-5705: allantoin degradation to glyoxylate III,0.31044512311849587,2.9467061928536222,0.0033231734112880848,0.00688259137788101,0.001051241684041049,0.0018173309521022085,0.1827637444279346
PWY-6545: pyrimidine deoxyribonucleotides de novo biosynthesis III,-0.16859640918792052,-2.9429172085044657,0.0033635841241400712,0.006933425765326468,0.3299143490579579,0.2823250340704089,0.9821693907875185
PWY-5754: 4-hydroxybenzoate biosynthesis I (eukaryotes),0.09834940543231861,2.9353445562308216,0.003445695636853261,0.0070693379967365026,2.296984470668976e-06,8.583536123703929e-05,0.017830609212481426
PWY3O-1109: superpathway of 4-hydroxybenzoate biosynthesis (yeast),0.10042667780567772,2.933339361388272,0.003467742393470418,0.007081324420311087,2.7444768103620482e-06,0.00010250897137319182,0.017830609212481426
"ARGDEG-PWY: superpathway of L-arginine, putrescine, and 4-aminobutanoate degradation",0.35078858192390716,2.9253466186731116,0.003556905658998902,0.007162985128951705,0.002593621018761659,0.008227842820205269,0.1664190193164933
ORNARGDEG-PWY: superpathway of L-arginine and L-ornithine degradation,0.35078858192390716,2.9253466186731116,0.003556905658998902,0.007162985128951705,0.002593621018761659,0.008227842820205269,0.1664190193164933
PWY-5347: superpathway of L-methionine biosynthesis (transsulfuration),0.24705348723333484,2.9277564664187596,0.0035298048686899534,0.007162985128951705,0.14623393529649026,0.24283560294517573,0.9569093610698366
PWY-6147: 6-hydroxymethyl-dihydropterin diphosphate biosynthesis I,-0.15681686801607686,-2.8775810624753557,0.004134743405740297,0.0082625703936291,0.47707430263734696,0.43200500737487374,0.986627043090639
"PWY-7039: phosphatidate metabolism, as a signaling molecule",0.1421732721927133,2.877118144212052,0.004140738938683691,0.0082625703936291,0.000161571820897322,0.0006784186497180245,0.02823179791976226
PWY-7187: pyrimidine deoxyribonucleotides de novo biosynthesis II,-0.12022904230538785,-2.8593615079523937,0.0043767698782395115,0.008693856530866665,0.5065001708283353,0.4379086691387134,0.9910846953937593
PWY-5505: L-glutamate and L-glutamine biosynthesis,-0.29501507116614784,-2.842867152115988,0.004606904353778589,0.00910958010226807,0.1315205975763083,0.1427603209013349,0.9271916790490342
PWY66-388: fatty acid &alpha;-oxidation III,0.2720417819124873,2.805810594655188,0.005164478555224746,0.010166113192041503,0.0006886527024296308,0.0008814094321165812,0.1589895988112927
PWY-1269: CMP-3-deoxy-D-manno-octulosonate biosynthesis I,-0.18417551167396906,-2.7869531907648897,0.0054710755673739436,0.010721345394360598,0.28842082332014796,0.2399829204309088,0.9777117384843982
CODH-PWY: reductive acetyl coenzyme A pathway,0.08817584150312789,2.7651933485103433,0.005845259008064989,0.01140347404698393,0.0,0.0010942377403706065,0.01188707280832095
PWY-6562: norspermidine biosynthesis,0.22745795660693394,2.7583600055157618,0.005967448618648205,0.011590111317107847,0.00026307450894275965,0.0018538872203358572,0.09658246656760773
PWY-5088: L-glutamate degradation VIII (to propanoate),0.22402235257054512,2.749864925985418,0.006122566540285624,0.011838768044711583,0.0004648243484369356,0.0016541994078272005,0.08023774145616643
PWY-6305: putrescine biosynthesis IV,0.24920268938770543,2.732883085795177,0.006443606198842439,0.01240465158103148,0.19336772935775237,0.2537580507723776,0.9494799405646359
ORNDEG-PWY: superpathway of ornithine degradation,0.3697195769818502,2.7024155801036183,0.007057847473209454,0.01352754099031812,0.0069055617865778065,0.017441211107960063,0.1827637444279346
THREOCAT-PWY: superpathway of L-threonine metabolism,0.27549181699026654,2.698090572565827,0.007149187421416015,0.01364277250287685,0.0018216634764814472,0.005225171538325793,0.1099554234769688
PWY0-321: phenylacetate degradation I (aerobic),0.15311893848831892,2.6894487169376204,0.007334886993285343,0.013936285287242153,0.0001796244238957518,0.0004424358838112444,0.0475482912332838
PWY0-1479: tRNA processing,0.3095231488975402,2.687218610762028,0.007383507142140246,0.013967933424741504,0.09066418163510574,0.12175132408866433,0.9034175334323923
PWY-6071: superpathway of phenylethylamine degradation,0.1548457135376174,2.6827085374929434,0.007482720967735689,0.01409460802974352,0.00020241958698378524,0.0004973892280523127,0.0475482912332838
PWY-6143: CMP-pseudaminate biosynthesis,-0.4482862535879029,-2.6537081759525467,0.008149805800053554,0.01528525808851246,0.02307371437876123,0.01531720582957316,0.4606240713224368
THISYN-PWY: superpathway of thiamin diphosphate biosynthesis I,-0.1733832078526731,-2.6366171708155965,0.008567479377990307,0.01599995080419557,0.49620723967791663,0.4650131115712783,0.9777117384843982
PWY-7391: isoprene biosynthesis II (engineered),0.11865259027993869,2.6298432989666294,0.008738259179930215,0.01618059009165044,6.175884952135783e-05,0.0010646663363771422,0.02526002971768202
GLUCUROCAT-PWY: superpathway of &beta;-D-glucuronide and D-glucuronate degradation,0.27073896865790725,2.6304940051628742,0.008721722502261607,0.01618059009165044,0.12040898681457128,0.1578464486184543,0.9286775631500743
METH-ACETATE-PWY: methanogenesis from acetate,0.3327232044719866,2.580344034495208,0.010081563380600666,0.018589211803048483,0.09200448296058994,0.16236096599177832,0.8781575037147102
ARG+POLYAMINE-SYN: superpathway of arginine and polyamine biosynthesis,0.33367654790334306,2.566562729490613,0.010486990326568083,0.01925552425508509,0.1053649604246542,0.12328853845242438,0.8736998514115899
PWY-3801: sucrose degradation II (sucrose synthase),0.16117664084863104,2.55865572213918,0.010726110381769498,0.01961217672315176,0.0009293079165781484,0.0030577040239585258,0.03417533432392273
PWY-7345: superpathway of anaerobic sucrose degradation,0.16018344293260414,2.557013372371043,0.010776382706315726,0.01962199684441655,0.0008793308123520847,0.0029200121519263786,0.03417533432392273
PWY-6531: mannitol cycle,0.3792811531036366,2.5540147905839303,0.010868711105654565,0.01970799482643587,0.022104174850722812,0.030905888794371075,0.7473997028231798
PWY-841: superpathway of purine nucleotides de novo biosynthesis I,-0.10895158585679138,-2.5475443226543604,0.011070345811539184,0.019908399669311207,0.6563407895839712,0.591609683271721,0.9910846953937593
PANTO-PWY: phosphopantothenate biosynthesis I,-0.0493611417704561,-2.547906327849771,0.011058977544239974,0.019908399669311207,0.832443313481119,0.7299449235956676,0.9985141158989599
RIBOSYN2-PWY: flavin biosynthesis I (bacteria and plants),-0.06772235232894848,-2.54074554295184,0.011285793430341062,0.020212671020733788,0.952642603206685,0.8327698185139066,0.9970282317979198
METHANOGENESIS-PWY: methanogenesis from H2 and CO2,-0.2898702455091036,-2.514580042545619,0.012150179646130735,0.021671953083098494,0.007633880574696235,0.004009345899719726,0.13967310549777118
PWY-6167: flavin biosynthesis II (archaea),-0.28346756081609076,-2.5009965458845067,0.012621701813661571,0.022421478425081735,0.011926059884880328,0.005901127577176803,0.1099554234769688
PWY-4984: urea cycle,-0.22571821665451758,-2.4964114705706635,0.01278448918436787,0.022618711633881617,0.29508206719953883,0.2502022914010341,0.9539375928677564
PWY-7286: 7-(3-amino-3-carboxypropyl)-wyosine biosynthesis,-0.2728200236221157,-2.444690030620148,0.014753887756283083,0.025997778022160113,0.006376084491247296,0.003374688426877233,0.13224368499257058
HISTSYN-PWY: L-histidine biosynthesis,-0.06370588772949033,-2.4119017566909013,0.016136974322674514,0.028207431116035048,0.9412090624557298,0.824518015489643,0.9970282317979198
DENOVOPURINE2-PWY: superpathway of purine nucleotides de novo biosynthesis II,-0.10276463551592702,-2.413310575198953,0.016075276984578012,0.028207431116035048,0.6366937234740593,0.5814968751391097,0.9910846953937593
SER-GLYSYN-PWY: superpathway of L-serine and glycine biosynthesis I,0.04666367186363696,2.409563847002464,0.016239820359411076,0.028274109550050358,0.610731584268215,0.6534153163409654,0.9985141158989599
GALACT-GLUCUROCAT-PWY: superpathway of hexuronide and hexuronate degradation,0.28284146293832013,2.4018961916845303,0.016581187871092216,0.028753885316140072,0.09873980988792236,0.13531219799445715,0.9004457652303121
PWY-5154: L-arginine biosynthesis III (via N-acetyl-L-citrulline),-0.12535444283316222,-2.378544276705824,0.017660040108638437,0.030503705642193662,0.4922715416476798,0.4546858843553305,0.986627043090639
FASYN-INITIAL-PWY: superpathway of fatty acid biosynthesis initiation (E. coli),0.291959213740007,2.3744553568277023,0.01785516245051149,0.030719314924698902,0.09720579409655442,0.13853214480079262,0.8900445765230312
PWY-7197: pyrimidine deoxyribonucleotide phosphorylation,-0.10480027293371923,-2.3536392060618843,0.018878135302597496,0.03235194167543179,0.2890377075780047,0.2497165290972601,0.9895988112927192
PWY-5198: factor 420 biosynthesis,-0.2517549017310105,-2.3504124891653597,0.019041221714531778,0.03250396050488433,0.005687714221970436,0.00259284679256296,0.12332838038632987
"PWY-7388: octanoyl-[acyl-carrier protein] biosynthesis (mitochondria, yeast)",0.2864136298216397,2.321102615169886,0.02058004464520127,0.034994083696315,0.10187856593958236,0.14443498019268494,0.8900445765230312
PYRIDNUCSYN-PWY: NAD biosynthesis I (from aspartate),-0.07171495197583863,-2.2924215096501808,0.022189973651660228,0.037585342968122167,0.7447376998188461,0.6663164059349418,0.9955423476968797
PWY0-166: superpathway of pyrimidine deoxyribonucleotides de novo biosynthesis (E. coli),-0.10237241201552351,-2.2496366197725286,0.024795358020552816,0.04183618322386711,0.5177897301839177,0.45150010987015854,0.9895988112927192
PWY-7228: superpathway of guanosine nucleotides de novo biosynthesis I,-0.08161137895184108,-2.2469796719694783,0.02496557019878499,0.04196136221872709,0.5875957042839647,0.525168927846918,0.9940564635958395
PWY-6891: thiazole biosynthesis II (Bacillus),0.3114850971567351,2.2311286725508372,0.026002251458190802,0.04337016750850909,0.05030397260638174,0.06733624614961252,0.826151560178306
PWY-7200: superpathway of pyrimidine deoxyribonucleoside salvage,0.17824419008384249,2.232106701031709,0.025937223710851814,0.04337016750850909,0.0010125394484426225,0.0045067124447725985,0.05943536404160475
PWY-3841: folate transformations II,-0.04242016002313535,-2.2164040228200284,0.02699847978066198,0.04486059187889462,1.137300813770789,0.9953878121470585,0.9985141158989599
"PWY-5509: adenosylcobalamin biosynthesis from cobyrinate a,c-diamide I",0.05682492468794056,2.2135747318823924,0.027193638256418805,0.045013711810814455,0.0,0.00013304169232235366,0.007429420505200594
PWY1F-823: leucopelargonidin and leucocyanidin biosynthesis,0.04513826673522953,2.2100962658029033,0.02743524670310599,0.045242274751914405,0.0,2.2355035393489445e-05,0.007429420505200594
PWY-6797: 6-hydroxymethyl-dihydropterin diphosphate biosynthesis II (archaea),0.05291389271736741,2.190098211027,0.0288605922677261,0.04741383015412145,0.0,0.00018190325640381818,0.007429420505200594
PWY-6349: CDP-archaeol biosynthesis,-0.22901202900711315,-2.181205373926817,0.02951467126673753,0.04830678405829326,0.005632083380283101,0.002686411981968367,0.11144130757800892
PWY-7184: pyrimidine deoxyribonucleotides de novo biosynthesis I,-0.09875868090190888,-2.1781060823887284,0.029745611545534983,0.04850310539327906,0.41275882217291376,0.36509332589954785,0.9895988112927192
PWY0-1061: superpathway of L-alanine biosynthesis,0.25711463553795294,2.1753244044800946,0.02995420956343624,0.0486616712982217,0.11199823192200928,0.13974724669625704,0.9019316493313522
POLYAMSYN-PWY: superpathway of polyamine biosynthesis I,0.2633191638809025,2.1733453861207144,0.03010338230630327,0.04872288173279455,0.06653775533893165,0.0798587125821744,0.8826151560178306
PWY-5367: petroselinate biosynthesis,0.35123643126988413,2.162309806432624,0.03094699782668029,0.04990346144007117,0.01203382834210251,0.024459028958071304,0.5824665676077266
PWY-6215: 4-chlorobenzoate degradation,0.06046433174107719,2.1361689416552037,0.03302686981696359,0.053061551875048116,4.19461646866235e-06,7.536888118001554e-05,0.01188707280832095
PWY-6284: superpathway of unsaturated fatty acids biosynthesis (E. coli),0.37329168286333814,2.1333284897157823,0.03325993031514573,0.053240254753548294,0.020177773700122796,0.037566883565690774,0.5572065378900446
PWY-5989: stearate biosynthesis II (bacteria and plants),0.2385657331573233,2.122443039637484,0.034166192317479124,0.05440321900532807,0.11112192394169663,0.14616528442172025,0.912332838038633
PWY-7165: L-ascorbate biosynthesis VI (engineered pathway),0.12533658027150718,2.12162155008985,0.03423543530083574,0.05440321900532807,0.0005037176015778783,0.0022615912688068243,0.03268945022288262
FASYN-ELONG-PWY: fatty acid elongation -- saturated,0.2669413985068038,2.1103282805829022,0.035199590555331485,0.05573268504594152,0.13235558395640215,0.17417387480937818,0.888558692421991
PWY-5188: tetrapyrrole biosynthesis I (from glutamate),0.10610842927003648,2.0776225352519218,0.03812386214914647,0.06014486555659569,0.2428037113152483,0.3032597178668907,0.986627043090639
PWY-5104: L-isoleucine biosynthesis IV,0.20432531842401616,2.05071248339341,0.04068284629859719,0.06375780099199677,0.20439335571933823,0.29321873977833685,0.9405646359583952
PWY0-862: (5Z)-dodec-5-enoate biosynthesis,0.2572183658238618,2.0504778870197025,0.04070578141136636,0.06375780099199677,0.10835326914366952,0.15143953739920707,0.8870728083209509
PWY-6125: superpathway of guanosine nucleotides de novo biosynthesis II,-0.0731499362578341,-2.038743409268648,0.04186709064139858,0.06534256646532564,0.583918710678784,0.5314004739532014,0.9940564635958395
PWY-6609: adenine and adenosine salvage III,-0.04059114020897903,-2.033749667973448,0.04236975812773613,0.0658917590812124,1.334521676316897,1.1759290579410833,0.9985141158989599
PWY-6282: palmitoleate biosynthesis I (from (5Z)-dodec-5-enoate),0.25434569539343915,2.030562924113239,0.042693201140040486,0.06615932233403436,0.10831237508888758,0.14788472869419436,0.8870728083209509
PWY-5097: L-lysine biosynthesis VI,-0.05252288592733129,-2.014965492160723,0.044306624834195875,0.06824914708528072,1.0750770002830292,0.959742075674638,0.9970282317979198
PWY-7323: superpathway of GDP-mannose-derived O-antigen building blocks biosynthesis,-0.1472901445981936,-2.0145135139394448,0.04435413677853484,0.06824914708528072,0.22035351408024723,0.2122791269763419,0.9687964338781575
PWY-7664: oleate biosynthesis IV (anaerobic),0.2510802623978085,1.9861064734100888,0.04742795945192524,0.0727228711596187,0.12076672151263211,0.16194274413593493,0.8870728083209509
"PWY-7409: phospholipid remodeling (phosphatidylethanolamine, yeast)",0.09558983131705284,1.9756150224673699,0.0486077113864553,0.07427122334224115,3.9465171967194285e-05,0.0006234570440028883,0.02823179791976226
PWY-4981: L-proline biosynthesis II (from arginine),-0.12541312304657015,-1.9651673634738236,0.04980698499949302,0.07583851026055209,0.25994617232176315,0.235869975410318,0.9777117384843982
PWY-4321: L-glutamate degradation IV,0.09574933603450902,1.9482546407613015,0.051801045187846194,0.07860089148294717,0.0001771164017172795,0.0007958117676875498,0.02823179791976226
PWY-5971: palmitate biosynthesis II (bacteria and plants),0.3772285947794299,1.9460541880369173,0.0520653408152676,0.07872856033312091,0.06941360324381639,0.09849890673286295,0.5586924219910847
PWY-6572: chondroitin sulfate degradation I (bacterial),0.32489575626255673,1.942453516114815,0.05250025420098132,0.07911245202009944,0.013596288319243787,0.01810071214296103,0.5141158989598811
PWY-7031: protein N-glycosylation (bacterial),-0.13936753118783496,-1.8728499858530967,0.06152369305607552,0.0923912503969244,0.0010856604271074239,0.00044282345931888204,0.06537890044576523
PANTOSYN-PWY: pantothenate and coenzyme A biosynthesis I,-0.03455959935678359,-1.8197727063225202,0.06923906624593247,0.10362147927901538,0.8463691723376267,0.7655460717638098,0.9985141158989599
PWY-6174: mevalonate pathway II (archaea),-0.08393527635518286,-1.799672961384979,0.07236140356611373,0.10792468723000581,0.0003965648246611283,0.00010505831043949004,0.02526002971768202
PWY-6113: superpathway of mycolate biosynthesis,0.3354240699740142,1.7880426347917555,0.07422024854953903,0.1103205735243148,0.04436764747445228,0.06672856761007086,0.5527488855869243
PWY-6210: 2-aminophenol degradation,0.06544231213597981,1.7863005252401658,0.07450202435483205,0.11036401573919188,7.26643354459512e-05,0.0001644249803715613,0.019316493313521546
PWY-6478: GDP-D-glycero-&alpha;-D-manno-heptose biosynthesis,-0.26027635170956304,-1.7799112793293972,0.07554295339292166,0.11152794132671204,0.007198584468026234,0.0058607710909237476,0.3164933135215453
PWY-7357: thiamin formation from pyrithiamine and oxythiamine (yeast),0.046380443922889945,1.759406056510521,0.07896425671622845,0.11618646526933277,0.5752122274403573,0.6392937822121761,0.9970282317979198
PEPTIDOGLYCANSYN-PWY: peptidoglycan biosynthesis I (meso-diaminopimelate containing),-0.033992521984591156,-1.7549581173035584,0.07972282681427674,0.11690897757664072,1.2297364402667856,1.094243461583989,0.9985141158989599
PWY-6895: superpathway of thiamin diphosphate biosynthesis II,0.2675807933642323,1.7288037252099877,0.0843042068942396,0.12321384084542711,0.14854905164300047,0.15581039172334316,0.8202080237741456
COBALSYN-PWY: adenosylcobalamin salvage from cobinamide I,0.11373787437931823,1.7130079634346125,0.08717301259186434,0.1269820216754824,0.3151290486587402,0.3852273753780385,0.9762258543833581
PWY-5667: CDP-diacylglycerol biosynthesis I,-0.03303431105526924,-1.7079484595997119,0.08810843534934137,0.1274946564492125,1.0827128254332938,0.9702121786486516,0.9985141158989599
PWY-6344: L-ornithine degradation II (Stickland reaction),0.039232318300607825,1.7080009353645558,0.08809869193954796,0.1274946564492125,0.0,0.0003535716986392258,0.004457652303120356
1CMET2-PWY: N10-formyl-tetrahydrofolate biosynthesis,-0.03194436194304564,-1.7034538072144279,0.08894621447951179,0.1282821641173157,1.0313100003968791,0.928595399463076,0.9985141158989599
PWY0-1319: CDP-diacylglycerol biosynthesis II,-0.032867250202667425,-1.69964784786879,0.0896606440360708,0.12888717580185177,1.0827128254332938,0.9704724115721528,0.9985141158989599
PWYG-321: mycolate biosynthesis,0.2215849459031845,1.6948253118232555,0.09057254190367087,0.12977115020296448,0.12331668876980732,0.16304239937837617,0.8781575037147102
PWY-5695: urate biosynthesis/inosine 5'-phosphate degradation,-0.03240240479961882,-1.6805609170535345,0.09331364502396249,0.13326164338389415,1.049050401006299,0.9348591506924283,0.9985141158989599
PWY-2942: L-lysine biosynthesis III,-0.0318331735086104,-1.676381504815604,0.09412929431847944,0.1339886046162069,1.0202704142857408,0.917124710368924,0.9985141158989599
PWY-7118: chitin degradation to ethanol,0.02914683444309931,1.657510215791229,0.09788378398149446,0.1384311119738287,0.0,0.00010262855643716332,0.004457652303120356
PWY-6519: 8-amino-7-oxononanoate biosynthesis I,0.21439790370959017,1.658257477001827,0.0977328677989986,0.1384311119738287,0.1188808280991785,0.14434024221535538,0.8796433878157504
PWY-5004: superpathway of L-citrulline metabolism,0.16726946996908598,1.6369605361004058,0.10210759252948477,0.1439387675334995,0.0010176178959822445,0.0014159461401407438,0.13670133729569092
PWY-6387: UDP-N-acetylmuramoyl-pentapeptide biosynthesis I (meso-diaminopimelate containing),-0.03131684999247626,-1.6183077124620606,0.10606622587780976,0.14903839456142398,1.237312484285477,1.1080057380214656,0.9985141158989599
PWY-6385: peptidoglycan biosynthesis III (mycobacteria),-0.031073086529430267,-1.6160569922243473,0.1065520269821552,0.14924114035641609,1.2004065897188814,1.07498617283598,0.9985141158989599
BIOTIN-BIOSYNTHESIS-PWY: biotin biosynthesis I,0.21049877398815814,1.6140558982853657,0.10698543103736496,0.14936943566558622,0.13261984766426824,0.15701943535113774,0.8796433878157504
GLYCOLYSIS-E-D: superpathway of glycolysis and Entner-Doudoroff,0.1838846291966861,1.6071112810268773,0.10850038905035757,0.15100213380575242,0.15710437092296414,0.19568203409032991,0.9138187221396731
PWY0-1261: anhydromuropeptides recycling,-0.15776614981923914,-1.6020557259722321,0.10961391324736296,0.15206755583840512,0.3025125935063339,0.2979096521076809,0.9435364041604755
GLYCOGENSYNTH-PWY: glycogen biosynthesis I (from ADP-D-Glucose),0.05032312414871489,1.5656193259854596,0.1179092207875133,0.16305800469665604,0.597146401371755,0.6934177511584516,0.9955423476968797
CITRULBIO-PWY: L-citrulline biosynthesis,-0.11492013210253778,-1.5273457817811544,0.12714627271903806,0.17527735387450988,0.3410278832024891,0.3062369617348947,0.9702823179791976
PWY-7268: NAD/NADP-NADH/NADPH cytosolic interconversion (yeast),0.06053098259025278,1.5254923861209952,0.12760751254871167,0.175360009382978,0.0003983658041360467,0.0009101012809932418,0.01337295690936107
PWY-5101: L-isoleucine biosynthesis II,0.22885691634359764,1.5069647109023743,0.13229033125129194,0.1812253127172871,0.014614817772376746,0.010481500894366537,0.2971768202080238
PWY-7208: superpathway of pyrimidine nucleobases salvage,-0.039691929902924285,-1.4839723035889525,0.13828583591983765,0.18884659467802828,0.45227958832400045,0.4130130126522226,0.9970282317979198
PWY-5181: toluene degradation III (aerobic) (via p-cresol),0.08070294722240802,1.4768725491500838,0.14017896064686655,0.19083553209557846,0.00047752473815160663,0.0017761678871162224,0.02674591381872214
COA-PWY-1: coenzyme A biosynthesis II (mammalian),-0.02783649523183913,-1.4607928661844005,0.14454037230976033,0.19616193384896047,1.1349588105436208,1.0343856818701973,0.9985141158989599
PWY-6185: 4-methylcatechol degradation (ortho cleavage),0.08196398776449614,1.4478581418324183,0.14812379239402376,0.2004027779448557,0.0005052999390475129,0.0017921288432341195,0.029717682020802376
PWY-1042: glycolysis IV (plant cytosol),-0.038032701745416515,-1.4333829069027926,0.1522142152465761,0.20466957557770385,1.4435269158856072,1.3330538645898269,0.9970282317979198
COLANSYN-PWY: colanic acid building blocks biosynthesis,-0.10449297176271236,-1.4341755335271162,0.15198802673933592,0.20466957557770385,0.22897800669202312,0.22716165530993798,0.9687964338781575
TEICHOICACID-PWY: teichoic acid (poly-glycerol) biosynthesis,-0.11501920192508164,-1.4024993372176413,0.16122866875696934,0.21612554676931164,0.1711931627955287,0.16756369295123033,0.9583952451708767
PWY-7221: guanosine ribonucleotides de novo biosynthesis,-0.026490655117711658,-1.386794404527769,0.16596498774290344,0.22179418851268745,1.2695240231900022,1.1583361299157897,0.9985141158989599
PWY-5030: L-histidine degradation III,-0.13904980916862175,-1.3755036906574625,0.16943434352520778,0.22517942636678956,0.23558656584805454,0.22898278705766908,0.9390787518573551
ANAEROFRUCAT-PWY: homolactic fermentation,-0.05841142119686605,-1.3751991335005789,0.16952867568575233,0.22517942636678956,0.5902223788473765,0.5593013212305985,0.9910846953937593
PWY-6168: flavin biosynthesis III (fungi),-0.03548795171357164,-1.3687995721490476,0.17151998610863523,0.22713404221052605,0.7332928852531304,0.6892092150938129,0.9970282317979198
PWY-5431: aromatic compounds degradation via &beta;-ketoadipate,0.08263614424260757,1.3633410550711376,0.17323230189550942,0.22801962629017355,0.0005633251389700967,0.0018572735248458322,0.03566121842496285
PWY-5417: catechol degradation III (ortho-cleavage pathway),0.08263614424260757,1.3633410550711376,0.17323230189550942,0.22801962629017355,0.0005633251389700967,0.0018572735248458322,0.03566121842496285
PWY-1541: superpathway of taurine degradation,0.045788758520855455,1.3374051486734035,0.18154358085580816,0.23824187637834285,0.00011268735345731928,0.00039422111358343,0.01188707280832095
CALVIN-PWY: Calvin-Benson-Bassham cycle,-0.04217989700127541,-1.3333993440479297,0.18285326653360462,0.23924214812929706,0.9748671637351066,0.9251868841261143,0.9955423476968797
PWY-6165: chorismate biosynthesis II (archaea),-0.10813231519753805,-1.31118459985372,0.19024391555070427,0.24776370098331338,0.0014986296610559314,0.0012149777824440383,0.07280832095096583
PWY-7245: superpathway NAD/NADP - NADH/NADPH interconversion (yeast),0.04780782886573539,1.3104256910765248,0.19050023691165513,0.24776370098331338,0.00023872274093324216,0.0006853442573011801,0.01188707280832095
"PWY-724: superpathway of L-lysine, L-threonine and L-methionine biosynthesis II",-0.03118154055199505,-1.227948122724387,0.21989700863005274,0.28514834650247195,0.8589324971890121,0.8042734775759631,0.9970282317979198
PWY-7332: superpathway of UDP-N-acetylglucosamine-derived O-antigen building blocks biosynthesis,-0.2303981019386661,-1.2220824300673212,0.22210558242543868,0.2871601760944281,0.056447408867505405,0.051302166613785775,0.5274888558692422
FUC-RHAMCAT-PWY: superpathway of fucose and rhamnose degradation,0.15861347123648156,1.2130200647629699,0.22554900708730888,0.29075196488835986,0.07887339006937368,0.09319871975518979,0.8662704309063893
PWY-621: sucrose degradation III (sucrose invertase),0.06327923537434087,1.1978690991388923,0.231390931859976,0.29740540359649853,0.23569550600058806,0.2785515352606132,0.9851411589895989
PWY-5659: GDP-mannose biosynthesis,-0.04683587248062551,-1.193607836579048,0.23305323312158782,0.29866352749012864,0.3101194870091512,0.30625617785238374,0.9925705794947994
PWY-5941: glycogen degradation II (eukaryotic),-0.16399304486463284,-1.1844440478093998,0.2366567027736953,0.3023946757663884,0.09688222983351275,0.10545329013741071,0.849925705794948
PWY-6386: UDP-N-acetylmuramoyl-pentapeptide biosynthesis II (lysine-containing),-0.02252520604555342,-1.1649269821821022,0.2444625229806739,0.31145808321444457,1.2086278571388347,1.1055281274895308,0.9985141158989599
POLYISOPRENSYN-PWY: polyisoprenoid biosynthesis (E. coli),-0.09820107044240806,-1.1268441134397609,0.2602112088586952,0.33055900660247034,0.15378017296903862,0.15438680172377245,0.9524517087667161
PWY-5654: 2-amino-3-carboxymuconate semialdehyde degradation to 2-oxopentenoate,0.035408468094630205,1.094154066278364,0.2742800285064069,0.34742136944144875,7.26643354459512e-05,0.0001411162198747088,0.014858841010401188
PWY-2941: L-lysine biosynthesis II,0.08099103515143831,1.0828597753032831,0.2792596361455614,0.352706534669394,0.2666368707745416,0.28352113423742287,0.9687964338781575
PWY-6182: superpathway of salicylate degradation,0.05417158406289138,1.0640606578603273,0.2876839842805418,0.36229942688932787,0.00042650339820454465,0.0011982867204474836,0.0237741456166419
PWY-5686: UMP biosynthesis,-0.02015788219653316,-1.0490246120562663,0.2945444754112977,0.36987337860556635,1.2717892825240702,1.1790216850791722,0.9985141158989599
"PWY-7383: anaerobic energy metabolism (invertebrates, cytosol)",-0.1169253281212939,-1.0398868005653523,0.2987670461751578,0.37410085724511166,0.1591262459856346,0.13749775591792787,0.9153046062407132
PWY-7222: guanosine deoxyribonucleotides de novo biosynthesis II,0.026531258495802807,1.0150576562309026,0.3104442072195657,0.3854094277129268,0.6669147296365874,0.7141008062328724,0.9970282317979198
UDPNAGSYN-PWY: UDP-N-acetyl-D-glucosamine biosynthesis I,0.05756807690278353,1.0177356690104018,0.3091704028047836,0.3854094277129268,0.3699740949535822,0.3913474277658914,0.9836552748885586
PWY-7220: adenosine deoxyribonucleotides de novo biosynthesis II,0.026531258495802807,1.0150576562309026,0.3104442072195657,0.3854094277129268,0.6669147296365874,0.7141008062328724,0.9970282317979198
POLYAMINSYN3-PWY: superpathway of polyamine biosynthesis II,0.16898871716892738,1.006891853424615,0.31434970010288293,0.38915246160045286,0.02709037166937167,0.022583453960263972,0.6136701337295691
PWY0-1296: purine ribonucleosides degradation,0.03291321172671379,1.0033311898716601,0.3160627683432922,0.3901678806949681,0.7565967819457644,0.7831260737317487,0.9955423476968797
GLUCONEO-PWY: gluconeogenesis I,-0.048866852906642916,-0.9642268305711166,0.33527958140945757,0.41272444246741674,0.40135633689719713,0.396778646209902,0.986627043090639
PWY-6859: all-trans-farnesol biosynthesis,-0.09452258262003933,-0.956614159577865,0.33910656173973674,0.41626283000074427,0.11586613210575943,0.12191825196585213,0.9346210995542348
PWY-6737: starch degradation V,-0.019226694107448938,-0.9401500404451062,0.3474789187416873,0.4253453431095724,1.2935012981757714,1.2105174142383168,0.9985141158989599
RHAMCAT-PWY: L-rhamnose degradation I,-0.03285165167893373,-0.9295377852113859,0.3529447265590669,0.4308291773919336,0.2909394233423734,0.28791853895154046,0.9940564635958395
PWY-5100: pyruvate fermentation to acetate and lactate II,0.03701143901036594,0.9104715611030464,0.3629008149891866,0.44174834582249173,0.47882419631584344,0.5347600987242213,0.9925705794947994
PWY-5484: glycolysis II (from fructose 6-phosphate),-0.02682383518720953,-0.8569822438589599,0.39176065608627275,0.47555390752694776,0.4149469231630968,0.41107476445111485,0.9955423476968797
PWY-6124: inosine-5'-phosphate biosynthesis II,-0.01667918527620197,-0.8426300149224499,0.3997356434448943,0.4838905157490826,0.8160533316278661,0.7596611646054021,0.9985141158989599
PWY-7312: dTDP-D-&beta;-fucofuranose biosynthesis,-0.14178167688812884,-0.8249809123721299,0.40967560819590193,0.494553151330412,0.030533782538663654,0.029802058315656493,0.3610698365527489
ASPASN-PWY: superpathway of L-aspartate and L-asparagine biosynthesis,0.017050556757438565,0.8060526050776342,0.4204980855245037,0.5062194583311518,0.5192793277685185,0.5157819471885563,0.9985141158989599
PWY-6151: S-adenosyl-L-methionine cycle I,-0.015435946472880852,-0.789491754899779,0.4301035292853768,0.5163605557629387,1.0443104247048456,0.9764921891083673,0.9985141158989599
PWY-5177: glutaryl-CoA degradation,0.05855335835292775,0.7701296699041311,0.44149402321232145,0.5285832551884506,0.13188706204898704,0.1635049295530308,0.9643387815750372
PWY-6901: superpathway of glucose and xylose degradation,-0.06234600683816079,-0.762941040227563,0.44576669113097206,0.5322405574432645,0.26201674740377195,0.2752693322842811,0.9613670133729569
PWY-5514: UDP-N-acetyl-D-galactosamine biosynthesis II,0.023894730608095525,0.7344403305679369,0.4629369861426672,0.5503419752678979,4.046592701491837e-05,8.342075363272903e-05,0.014858841010401188
PROTOCATECHUATE-ORTHO-CLEAVAGE-PWY: protocatechuate degradation II (ortho-cleavage pathway),0.06399948899582995,0.7336047897337212,0.46344587390980874,0.5503419752678979,0.0010333954948962617,0.0023853673823503725,0.09806835066864784
PWY-6263: superpathway of menaquinol-8 biosynthesis II,-0.11250348578327615,-0.719843815469551,0.4718718166535594,0.5587095940495215,0.01071248037076025,0.00788343350455753,0.3343239227340267
CATECHOL-ORTHO-CLEAVAGE-PWY: catechol degradation to &beta;-ketoadipate,0.04894272002729849,0.7179316434935186,0.47304931303964065,0.5587095940495215,0.0006599591626497014,0.0016149523070796662,0.05052005943536404
ANAGLYCOLYSIS-PWY: glycolysis III (from glucose),-0.013408806057396479,-0.7054365430048088,0.4807834245224456,0.5663136294240128,0.9055462557604761,0.8508383043279314,0.9985141158989599
PWY66-399: gluconeogenesis III,-0.08207713270572076,-0.6972099805025982,0.48591287967974267,0.5708170118818482,0.17499408073656775,0.15806233796856714,0.9078751857355126
PWY0-162: superpathway of pyrimidine ribonucleotides de novo biosynthesis,-0.04193492400251825,-0.6725342671670146,0.501475155245986,0.5875191497117851,0.3432441622740225,0.3214709983410777,0.9791976225854383
PWY-7315: dTDP-N-acetylthomosamine biosynthesis,0.09984090795288307,0.6666697652823446,0.5052122566080377,0.5903148559831884,0.06741755285851955,0.06418979374902187,0.7904903417533432
NAGLIPASYN-PWY: lipid IVA biosynthesis,0.07499824070134486,0.635746936751782,0.5251581401481257,0.6119842859859491,0.14477851887158313,0.14205352728207843,0.9049034175334324
PWY-7111: pyruvate fermentation to isobutanol (engineered),-0.00497439285780623,-0.6318492294479119,0.527700607612336,0.6133116104430607,1.4895254966241833,1.19236735634252,1.0
ARO-PWY: chorismate biosynthesis I,0.011658648997541814,0.6186113447188006,0.5363823622310608,0.6217482554243331,0.9677790013825716,0.9662494703019311,0.9985141158989599
PWY-7400: L-arginine biosynthesis IV (archaebacteria),-0.019516020221117935,-0.6083721415003671,0.5431465586944899,0.6279234025118838,0.8672159705538023,0.858017079678,0.9955423476968797
GLUTORN-PWY: L-ornithine biosynthesis,0.016540246669668975,0.6050936081549838,0.5453213784802506,0.6287742543426637,0.6796086618977434,0.7130758829109289,0.9970282317979198
PWY-7229: superpathway of adenosine nucleotides de novo biosynthesis I,-0.015273896022123406,-0.6005151362443356,0.5483657446887368,0.6306206063920473,0.9078419079227693,0.8775074654140494,0.9970282317979198
PWY-6123: inosine-5'-phosphate biosynthesis I,-0.011422328706593996,-0.5886715115947437,0.5562797544956133,0.638042658043525,0.8357242266917878,0.7874108811002559,0.9985141158989599
PWY-7282: 4-amino-2-methyl-5-phosphomethylpyrimidine biosynthesis (yeast),0.06067093047549421,0.5822695544395671,0.5605807186934864,0.6412926022750093,0.3252608966855542,0.33082290443828716,0.937592867756315
PYRIDOXSYN-PWY: pyridoxal 5'-phosphate biosynthesis I,-0.05982625250728369,-0.5699353243990074,0.5689123304931689,0.649124512860352,0.24918533681094165,0.23368754134207367,0.9346210995542348
CENTFERM-PWY: pyruvate fermentation to butanoate,0.07123684044115193,0.5582904804577142,0.5768322788611724,0.6564471506831572,0.05652583478424668,0.06534815369957289,0.8647845468053492
PWY-6590: superpathway of Clostridium acetobutylicum acidogenic fermentation,0.07139052870508499,0.5492850451072568,0.5829925954248553,0.6617344524692512,0.06968989054377436,0.08034534083637629,0.8647845468053492
GLYCOLYSIS: glycolysis I (from glucose 6-phosphate),-0.016962025920234363,-0.5419644277350187,0.5880229335993077,0.6657150828572472,0.44394808259335683,0.44736029101047803,0.9955423476968797
PWY-6936: seleno-amino acid biosynthesis,0.013678436796570563,0.5291082755590678,0.5969053266324844,0.6740248778769914,0.615862622826289,0.6304006256352463,0.9970282317979198
COMPLETE-ARO-PWY: superpathway of aromatic amino acid biosynthesis,0.009797885767783718,0.5257901342709492,0.5992077466386797,0.67488088989975,0.9372182310614384,0.9307343723677687,0.9985141158989599
PWY0-1241: ADP-L-glycero-&beta;-D-manno-heptose biosynthesis,0.057452643170645294,0.49972216948543546,0.6174345422912436,0.6936218379981323,0.06953031120861364,0.06387113162418862,0.8945022288261516
VALSYN-PWY: L-valine biosynthesis,0.008813602754799406,0.4612085287953764,0.6447984636408872,0.7192891869709551,1.2183912687481784,1.1923471836273034,0.9985141158989599
ILEUSYN-PWY: L-isoleucine biosynthesis I (from threonine),0.008813602754799406,0.4612085287953764,0.6447984636408872,0.7192891869709551,1.2183912687481784,1.1923471836273034,0.9985141158989599
P108-PWY: pyruvate fermentation to propanoate I,-0.0560238102435437,-0.4606199957966221,0.6452205063904219,0.7192891869709551,0.06858965631158695,0.06228116277189919,0.8811292719167905
NONOXIPENT-PWY: pentose phosphate pathway (non-oxidative branch),0.014302571652312563,0.4529057925686705,0.6507629856217696,0.7236219458440543,0.5817114192642348,0.6288496433548879,0.9955423476968797
PWY-5690: TCA cycle II (plants and fungi),-0.03553429371580924,-0.4404912127619765,0.6597232424489593,0.7298710302536587,0.09482594091564091,0.09527379874615356,0.9554234769687965
OANTIGEN-PWY: O-antigen building blocks biosynthesis (E. coli),0.025219671244863306,0.441393928078591,0.6590700333255355,0.7298710302536587,0.5211857827641723,0.5184785386166416,0.9836552748885586
PWY4FS-7: phosphatidylglycerol biosynthesis I (plastidic),0.02650654546557233,0.43107480978652457,0.6665524235511671,0.7337962721842403,0.3161488613378152,0.3302447534382865,0.9806835066864784
PWY4FS-8: phosphatidylglycerol biosynthesis II (non-plastidic),0.02649996210778376,0.4309686628204398,0.6666295653481542,0.7337962721842403,0.3161488613378152,0.33023600796457464,0.9806835066864784
P42-PWY: incomplete reductive TCA cycle,0.05895459584227267,0.4172899230419499,0.6765998353057022,0.7427671388533331,0.05486994099215911,0.04922423365792394,0.8172362555720654
HSERMETANA-PWY: L-methionine biosynthesis III,0.010862747607608659,0.4151310236933227,0.6781786919965215,0.7427671388533331,0.5611123651310513,0.5839864045302032,0.9970282317979198
PWY0-1586: peptidoglycan maturation (meso-diaminopimelate containing),-0.012766205630220307,-0.3995598131889388,0.6896079076205305,0.7533966390754295,0.8446104224591717,0.8501558569615323,0.9955423476968797
HISDEG-PWY: L-histidine degradation I,-0.030166648681665055,-0.39564357854989474,0.6924937422036594,0.7546627564663321,0.27445152625360636,0.25824075400220325,0.9687964338781575
PWY-6749: CMP-legionaminate biosynthesis I,0.06268156395445981,0.3927772297280663,0.694608768196001,0.7550846559742598,0.013125641531950796,0.012500714605909008,0.3789004457652303
NAD-BIOSYNTHESIS-II: NAD salvage pathway II,0.052190208626429625,0.3809502072645266,0.7033607759255389,0.7597338802616578,0.06750302831257436,0.07474747012084952,0.8424962852897474
PWY-6897: thiamin salvage II,-0.01004954219845276,-0.3843331584150045,0.7008533024086736,0.7597338802616578,0.5462847178492791,0.5344397344509119,0.9970282317979198
THISYNARA-PWY: superpathway of thiamin diphosphate biosynthesis III (eukaryotes),0.00990088240691895,0.3799521110290899,0.704101193377509,0.7597338802616578,0.5175813524346606,0.5244234221691846,0.9970282317979198
PWY-7316: dTDP-N-acetylviosamine biosynthesis,-0.05974190130027861,-0.3725215324439175,0.7096222140245895,0.7638051909575014,0.02616139700155485,0.017244201194119443,0.34323922734026746
PENTOSE-P-PWY: pentose phosphate pathway,0.023842967892376506,0.34988221415972903,0.7265368852493418,0.7800899726141581,0.2752353162219097,0.3010180167983115,0.974739970282318
PWY-6126: superpathway of adenosine nucleotides de novo biosynthesis II,-0.008769305988458095,-0.34517871379138315,0.7300681955126891,0.7819602976447184,0.82236378974908,0.8060390128164419,0.9970282317979198
PWY-6317: galactose degradation I (Leloir pathway),-0.012415464209759834,-0.34157777268412404,0.7327756092529322,0.782941176634551,0.6297158286510217,0.6129999072900901,0.9940564635958395
COA-PWY: coenzyme A biosynthesis I,-0.006337958872656919,-0.3359708638971705,0.7369978663105275,0.7855318721407331,0.9165116942195093,0.8792896710199631,0.9985141158989599
ARGSYNBSUB-PWY: L-arginine biosynthesis II (acetyl cycle),-0.01060742303353585,-0.3239374517219076,0.746086333254856,0.7932840088378882,0.8344179714624026,0.8464186529976295,0.9955423476968797
PWY-6565: superpathway of polyamine biosynthesis III,0.013392462865681284,0.30763935649771673,0.758452232008336,0.8025269379846074,9.128821589502802e-05,6.226038399138005e-05,0.029717682020802376
TRPSYN-PWY: L-tryptophan biosynthesis,0.00981893468001649,0.310025086564176,0.7566381406887285,0.8025269379846074,0.584117857180547,0.5722332454986052,0.9955423476968797
PWY0-845: superpathway of pyridoxal 5'-phosphate biosynthesis and salvage,-0.03274591294874766,-0.3020490754453777,0.7627082476504372,0.8038857479681126,0.26481604148050325,0.25893212026975493,0.9301634472511144
CRNFORCAT-PWY: creatinine degradation I,0.02128060862824143,0.30112098288223943,0.7634155272466059,0.8038857479681126,0.0005415884950750722,0.000762108540070279,0.06092124814264487
PWY-7211: superpathway of pyrimidine deoxyribonucleotides de novo biosynthesis,0.03455345190076903,0.29030351284806843,0.7716737455637761,0.8106284298350244,0.16912427001474364,0.18254964545922012,0.9063893016344725
PWY-3001: superpathway of L-isoleucine biosynthesis I,0.004832171792369017,0.26747468580971634,0.7891858940481782,0.8270365364485703,0.8085647515080123,0.7871313101628481,0.9985141158989599
PWY-6969: TCA cycle V (2-oxoglutarate:ferredoxin oxidoreductase),-0.03997761903158546,-0.2599180276726444,0.7950067365143741,0.8291597705412446,0.08862392571381382,0.07580708745145168,0.799405646359584
FUCCAT-PWY: fucose degradation,0.029926215277511763,0.2613945029997429,0.7938685070576569,0.8291597705412446,0.05685122761925904,0.06396467929656448,0.8945022288261516
PWY-5103: L-isoleucine biosynthesis III,0.004457506379846274,0.23180220384892264,0.816762318207875,0.8498217453734319,0.9605112375240129,0.9304704729617418,0.9985141158989599
PWY-6527: stachyose degradation,0.00724107154661852,0.21451455825689575,0.8302109896931565,0.8617629512966969,0.6190762169134035,0.6043294966111681,0.9955423476968797
URSIN-PWY: ureide biosynthesis,0.008843814120721027,0.21112345548733064,0.8328550396903162,0.8624588918120099,0.00016296698943541444,0.000741171716805195,0.017830609212481426
THRESYN-PWY: superpathway of L-threonine biosynthesis,0.0036358663837124418,0.19841923153811508,0.8427771726083951,0.8706705069264035,0.7227241720374965,0.7023059396628123,0.9985141158989599
ARGSYN-PWY: L-arginine biosynthesis I (via L-ornithine),-0.005019668754494412,-0.1853123121377181,0.8530400812480968,0.879194612041081,0.8654496220957636,0.8577178395229751,0.9970282317979198
PWY-6122: 5-aminoimidazole ribonucleotide biosynthesis II,0.0030659178297234315,0.1629479167261956,0.8706085041783999,0.8930890054600018,1.0157504335408065,0.9858704920409385,0.9985141158989599
PWY-6277: superpathway of 5-aminoimidazole ribonucleotide biosynthesis,0.0030659178297234315,0.1629479167261956,0.8706085041783999,0.8930890054600018,1.0157504335408065,0.9858704920409385,0.9985141158989599
PWY-7196: superpathway of pyrimidine ribonucleosides salvage,-0.018434516915702658,-0.1545924575666145,0.8771891034357573,0.8977321737738313,0.15989445219058931,0.16936441939259017,0.9049034175334324
PWY-6892: thiazole biosynthesis I (E. coli),0.007609935068894505,0.14736069037992022,0.8828915973803162,0.9014570748953229,0.40622303465603377,0.487136226740758,0.986627043090639
PWY-6163: chorismate biosynthesis from 3-dehydroquinate,-0.0019032581610256417,-0.10097576620799407,0.9195998613054126,0.9367485766677514,1.0481257180870631,1.019092473967411,0.9985141158989599
PHOSLIPSYN-PWY: superpathway of phospholipid biosynthesis I (bacteria),-0.00603006851723511,-0.09435565224654789,0.9248548112203435,0.9399105872169538,0.40931917470897444,0.41384952260902064,0.9791976225854383
PWY66-422: D-galactose degradation V (Leloir pathway),0.0028108098438372328,0.07715070094178011,0.9385266582126075,0.9515919945218317,0.6597215988894635,0.6655769973330983,0.9940564635958395
PWY-6121: 5-aminoimidazole ribonucleotide biosynthesis I,-0.0011966371889253313,-0.06460475865521743,0.9485079374635131,0.959486038591563,0.9842631485256496,0.9487121646016613,0.9985141158989599
PWY-4242: pantothenate and coenzyme A biosynthesis III,-0.0011294705179477487,-0.059553558125996886,0.9525289396640132,0.9613282832174913,0.900785783589968,0.8759566393059888,0.9985141158989599
TCA: TCA cycle I (prokaryotic),0.003406417527788426,0.040237686391407214,0.9679156016213557,0.9746062624620563,0.13983778740118988,0.1414970415858555,0.9539375928677564
BRANCHED-CHAIN-AA-SYN-PWY: superpathway of branched amino acid biosynthesis,0.0006999670056891391,0.036605484165868375,0.9708104578541308,0.9752739542120807,1.028113197421361,0.9870078336092639,0.9985141158989599
PWY66-400: glycolysis VI (metazoan),-0.0011642464337289112,-0.023779139909390835,0.9810358488932112,0.9832859311154433,0.3890917581791693,0.4117095520734848,0.9881129271916791
GLUDEG-I-PWY: GABA shunt,0.0016847258065508077,0.01137231218007898,0.9909297835570212,0.9909297835570212,0.043397305751472603,0.04078412979708362,0.7800891530460624
