sample_id,shannon,simpson,richness,condition,dataset
p8582_mo1,3.2633468866403303,0.9451281365289311,66,IBD,HallAB_2017
p8582_mo10,3.3149892162575036,0.9448719526164,98,IBD,HallAB_2017
p8582_mo11,3.2235379998532983,0.9396670993464306,92,IBD,HallAB_2017
p8582_mo12,3.055956371155081,0.9227219682593893,70,IBD,HallAB_2017
p8582_mo2,3.2690801091110324,0.9469066238908355,67,IBD,HallAB_2017
p8582_mo3,3.213838143516575,0.9405517351009053,69,IBD,HallAB_2017
p8582_mo4,2.8374262515546613,0.905020932890177,60,IBD,HallAB_2017
p8582_mo5,3.2273465199936977,0.9422837445356338,71,IBD,HallAB_2017
p8582_mo6,3.2946230207464637,0.9498815057442287,71,IBD,HallAB_2017
p8582_mo7,3.2999520253290053,0.946678407638129,68,IBD,HallAB_2017
p8582_mo8,3.32553886445564,0.9436371857288859,81,IBD,HallAB_2017
p8582_mo9,3.237440853212722,0.9449644782725123,58,IBD,HallAB_2017
p8585_mo1,2.645517745933919,0.8931941431605279,67,IBD,HallAB_2017
p8585_mo2,2.4171867525107027,0.8113016721059851,58,IBD,HallAB_2017
p8585_mo3,2.072301197449758,0.7497012187482519,53,IBD,HallAB_2017
p8585_mo4,3.0805466705998805,0.9330591510885248,69,IBD,HallAB_2017
p8585_mo6,2.205721845721518,0.7218847878630024,76,IBD,HallAB_2017
p8585_mo7,2.12207592848723,0.683555082215032,112,IBD,HallAB_2017
p8585_mo8,1.8141203269185955,0.5844777930673972,88,IBD,HallAB_2017
p8585_mo9,2.6246519276192863,0.8045579862621409,96,IBD,HallAB_2017
p8600_mo1,2.2086541625958995,0.8087826732887358,49,IBD,HallAB_2017
p8600_mo10,2.3919822479030532,0.8463811207060574,65,IBD,HallAB_2017
p8600_mo11,2.3298929146305722,0.8128443383180745,65,IBD,HallAB_2017
p8600_mo12,2.4125048580410344,0.8218697034648976,62,IBD,HallAB_2017
p8600_mo2,2.5491117659735405,0.8724301081360203,58,IBD,HallAB_2017
p8600_mo3,2.874759765283179,0.9178252773858406,59,IBD,HallAB_2017
p8600_mo4,2.316921881559888,0.8274700962598623,55,IBD,HallAB_2017
p8600_mo5,2.714752114762569,0.8898699491223794,57,IBD,HallAB_2017
p8600_mo6,2.9481473826200126,0.9143726367558507,66,IBD,HallAB_2017
p8600_mo7,2.2175583641205607,0.7966132218154188,66,IBD,HallAB_2017
p8600_mo8,2.3458055647835265,0.8188670431508405,91,IBD,HallAB_2017
p8600_mo9,2.591901094078548,0.8751738624552341,96,IBD,HallAB_2017
p8646_mo1,2.3142444781171334,0.781037061436274,55,IBD,HallAB_2017
p8646_mo10,3.085977159141425,0.9138995871001702,68,IBD,HallAB_2017
p8646_mo11,3.044697247266426,0.9194978449554214,67,IBD,HallAB_2017
p8646_mo12,3.0779343820768026,0.9199741742543681,70,IBD,HallAB_2017
p8646_mo2,2.641911163318844,0.8666014925355485,60,IBD,HallAB_2017
p8646_mo3,2.95096202617085,0.9132974604749675,68,IBD,HallAB_2017
p8646_mo4,3.238928783528424,0.919540874544099,95,IBD,HallAB_2017
p8646_mo5,3.1924585700453934,0.929183256905673,109,IBD,HallAB_2017
p8646_mo6,2.793970386840998,0.859830800512792,90,IBD,HallAB_2017
p8646_mo7,2.856130609713447,0.9019293782405926,93,IBD,HallAB_2017
p8646_mo8,3.1059729966068046,0.9308676996524079,80,IBD,HallAB_2017
p8646_mo9,2.976926235770319,0.9143171312154279,71,IBD,HallAB_2017
p8649_mo1,3.1819746187442055,0.9356337078980089,89,IBD,HallAB_2017
p8649_mo10,2.865157529283705,0.8695752477337686,81,IBD,HallAB_2017
p8649_mo11,2.0110677865746673,0.7340974617738718,39,IBD,HallAB_2017
p8649_mo12,2.060077355433619,0.6375423765701993,80,IBD,HallAB_2017
p8649_mo2,3.2621159509053306,0.9445379027009316,94,IBD,HallAB_2017
p8649_mo3,2.377430029577029,0.7573831601796224,92,IBD,HallAB_2017
p8649_mo4,2.790133424796364,0.8799837791212568,78,IBD,HallAB_2017
p8649_mo5,1.3585825012423005,0.6119706904614777,30,IBD,HallAB_2017
p8649_mo6,2.5575766995167237,0.8210054637311539,93,IBD,HallAB_2017
p8649_mo7,2.7695160423194145,0.8952216032039051,97,IBD,HallAB_2017
p8649_mo8,3.1857629154173974,0.9381113359193639,97,IBD,HallAB_2017
p8649_mo9,3.2578747039107077,0.9396843007479528,82,IBD,HallAB_2017
p8712_mo1,3.2454385370229017,0.9170355495648959,100,IBD,HallAB_2017
p8712_mo10,3.104669400724162,0.9352778371623249,71,IBD,HallAB_2017
p8712_mo11,2.7502536223590077,0.9070260869415335,57,IBD,HallAB_2017
p8712_mo12,2.9966812079439213,0.9186613417491265,66,IBD,HallAB_2017
p8712_mo2,2.807529682205276,0.903653974856331,99,IBD,HallAB_2017
p8712_mo3,2.7652561897453687,0.9100490940568605,73,IBD,HallAB_2017
p8712_mo4,3.0637300938360648,0.9087417516186169,92,IBD,HallAB_2017
p8712_mo5,2.5959494573831203,0.8884808237505056,45,IBD,HallAB_2017
p8712_mo6,2.9236784652826056,0.923175628825866,70,IBD,HallAB_2017
p8712_mo7,2.702467488403988,0.8872478707680234,70,IBD,HallAB_2017
p8712_mo8,3.1027230460299653,0.9373202405316914,71,IBD,HallAB_2017
p8712_mo9,2.7878411999448214,0.9118270755786171,73,IBD,HallAB_2017
p8748_mo10,3.052091404046834,0.9128360671188661,74,IBD,HallAB_2017
p8748_mo11,2.852899305565251,0.8932422125977603,59,IBD,HallAB_2017
p8748_mo12,3.0451182834200736,0.9150755937810798,76,IBD,HallAB_2017
p8748_mo4,2.797934594957058,0.8805416912995966,82,IBD,HallAB_2017
p8748_mo5,3.201330436309478,0.9368783102548146,85,IBD,HallAB_2017
p8748_mo6,3.1176324363676975,0.9311016198181479,69,IBD,HallAB_2017
p8748_mo7,2.983786797623853,0.9112319049105948,72,IBD,HallAB_2017
p8748_mo8,2.898670658158089,0.88090234862379,72,IBD,HallAB_2017
p8748_mo9,3.059838608700865,0.9212318980187801,71,IBD,HallAB_2017
p8775_mo1,3.163341626849946,0.9301693061307987,108,IBD,HallAB_2017
p8775_mo10,3.0726227917894438,0.9240129892855068,84,IBD,HallAB_2017
p8775_mo11,3.0059268537293704,0.9144657554929448,60,IBD,HallAB_2017
p8775_mo12,2.9212030208396698,0.9101229313789563,73,IBD,HallAB_2017
p8775_mo2,2.983783339630259,0.907523038290474,116,IBD,HallAB_2017
p8775_mo3,3.195652954165614,0.9330005706203328,87,IBD,HallAB_2017
p8775_mo4,3.1994129514904817,0.9373395035965412,86,IBD,HallAB_2017
p8775_mo5,3.1246488761953746,0.9303307369130921,81,IBD,HallAB_2017
p8775_mo6,3.2394151349481626,0.939793624438634,91,IBD,HallAB_2017
p8775_mo7,3.091963668395884,0.9259761425135046,85,IBD,HallAB_2017
p8775_mo8,3.229633998285569,0.9425452664323506,77,IBD,HallAB_2017
p8775_mo9,2.800952671570573,0.8813025716451539,70,IBD,HallAB_2017
p8808_mo10,2.6794863429490943,0.9152352187381227,26,IBD,HallAB_2017
p8808_mo11,1.8760852603121496,0.7697195392623526,40,IBD,HallAB_2017
p8808_mo12,1.9396707975310434,0.7959799918139173,38,IBD,HallAB_2017
p8808_mo4,2.439238692704529,0.8527468741793827,43,IBD,HallAB_2017
p8808_mo5,2.628767691472772,0.9073475572202987,42,IBD,HallAB_2017
p8808_mo6,2.7601047706871213,0.9184479232206895,31,IBD,HallAB_2017
p8808_mo7,2.7264466723536778,0.9085536405905474,55,IBD,HallAB_2017
p8808_mo8,2.5964884958444805,0.8839010060230927,51,IBD,HallAB_2017
p8808_mo9,2.655594843103662,0.9066036663291533,35,IBD,HallAB_2017
p8816_mo1,3.2435100559433887,0.9396968359854219,96,IBD,HallAB_2017
p8816_mo10,2.744677330277454,0.8979614298634426,65,IBD,HallAB_2017
p8816_mo11,2.8855437573507867,0.9068202385148556,57,IBD,HallAB_2017
p8816_mo12,2.857697645940009,0.8784966646525049,80,IBD,HallAB_2017
p8816_mo2,2.730037766787171,0.8842156463174078,110,IBD,HallAB_2017
p8816_mo3,3.106128062355816,0.927572439585369,97,IBD,HallAB_2017
p8816_mo4,2.983974615035957,0.9147761445910887,97,IBD,HallAB_2017
p8816_mo5,2.846396254301021,0.9005665351875468,83,IBD,HallAB_2017
p8816_mo6,2.8520188307221392,0.9109600646777797,72,IBD,HallAB_2017
p8816_mo7,2.760141958236714,0.8961046614561003,71,IBD,HallAB_2017
p8816_mo8,2.794507721897193,0.903050963124246,66,IBD,HallAB_2017
p8816_mo9,2.844278961831564,0.9009637323426556,60,IBD,HallAB_2017
p8855_mo10,1.9104776500052856,0.7355323296065523,37,IBD,HallAB_2017
p8855_mo11,2.506751595171225,0.8646500839194473,49,IBD,HallAB_2017
p8855_mo12,2.47362720685227,0.8484864964928892,61,IBD,HallAB_2017
p8855_mo3,2.620061031109991,0.8993648256040454,39,IBD,HallAB_2017
p8855_mo4,2.720604721860883,0.9035630103174614,39,IBD,HallAB_2017
p8855_mo8,2.5076927117075276,0.8658479775979888,48,IBD,HallAB_2017
p8855_mo9,2.297617219445952,0.8427359323929368,41,IBD,HallAB_2017
p8883_mo10,2.8829983583829573,0.9241750522694749,53,IBD,HallAB_2017
p8883_mo11,2.7408235035198767,0.8942561158239719,69,IBD,HallAB_2017
p8883_mo12,2.5509527550088986,0.8644787692365612,42,IBD,HallAB_2017
p8883_mo2,2.757395206033859,0.8832349521805619,63,IBD,HallAB_2017
p8883_mo3,2.575546055775603,0.8485363636114212,58,IBD,HallAB_2017
p8883_mo4,2.7006912732981987,0.9001653128811847,44,IBD,HallAB_2017
p8883_mo6,2.648165190567836,0.8859290727250281,57,IBD,HallAB_2017
p8883_mo7,2.7448996425160086,0.8922753901234733,62,IBD,HallAB_2017
p8883_mo8,2.6250153297669065,0.8754000124018919,52,IBD,HallAB_2017
p8883_mo9,2.615551928256891,0.8834284936534449,53,IBD,HallAB_2017
p9061_mo1,1.4167349103695073,0.48626500292883,50,IBD,HallAB_2017
p9061_mo2,1.1138550608256146,0.38313372755453357,46,IBD,HallAB_2017
p9061_mo3,1.0706369511751008,0.345627454822531,62,IBD,HallAB_2017
p9061_mo4,1.121601964536231,0.39117841001565545,51,IBD,HallAB_2017
p9061_mo5,1.1190534894509598,0.3828983056332096,49,IBD,HallAB_2017
p9061_mo6,1.1311686667878469,0.3710004593456091,44,IBD,HallAB_2017
p9061_mo7,1.3639181293976221,0.47080152723920043,49,IBD,HallAB_2017
p9061_mo8,0.8468097285144358,0.2697665530490493,52,IBD,HallAB_2017
p9193_mo1,3.1718807180495716,0.9294544856930543,92,IBD,HallAB_2017
p9193_mo2,2.714662666745168,0.8763988483911834,77,IBD,HallAB_2017
p9193_mo4,2.867938292870104,0.8826163617841645,76,IBD,HallAB_2017
p9193_mo5,3.241390807710647,0.9379070919294733,97,IBD,HallAB_2017
p9193_mo6,3.2258998621414605,0.9288253200567813,75,IBD,HallAB_2017
p9193_mo7,3.0326454174947157,0.9216156943339,64,IBD,HallAB_2017
p9216_mo1,3.072234642309164,0.9236328633956362,73,IBD,HallAB_2017
p9216_mo2,0.6930642241423892,0.49991704587639174,2,IBD,HallAB_2017
p9216_mo3,3.2396352325005586,0.9387196499845782,78,IBD,HallAB_2017
p9216_mo4,2.9747321812112415,0.922745904566333,68,IBD,HallAB_2017
p9216_mo5,2.9589187223623754,0.919406929507904,68,IBD,HallAB_2017
p9216_mo6,2.9204569346118454,0.9181462404211346,72,IBD,HallAB_2017
p9216_mo7,2.878931584953284,0.9058657565431283,71,IBD,HallAB_2017
p9216_mo8,2.852727895893195,0.8970313351679302,64,IBD,HallAB_2017
p9220_mo1,2.9365784547067375,0.8997349929046994,55,Healthy,HallAB_2017
p9220_mo2,3.078540323148794,0.9207395974725194,69,Healthy,HallAB_2017
p9220_mo3,3.2113791154798825,0.9425800591361851,65,Healthy,HallAB_2017
p9220_mo4,3.122062612632222,0.9302893076286672,73,Healthy,HallAB_2017
p9220_mo5,3.1856279822462197,0.9374275074793518,76,Healthy,HallAB_2017
p9220_mo6,2.928356521514627,0.9053733175331985,82,Healthy,HallAB_2017
p9220_mo7,2.9368765235035457,0.9096745438810723,56,Healthy,HallAB_2017
p9223_mo1,1.3173445870831944,0.4280363487280564,69,Healthy,HallAB_2017
p9223_mo2,1.877354750314022,0.5966559192705408,72,Healthy,HallAB_2017
p9223_mo3,1.8376308433559432,0.6049234788162197,71,Healthy,HallAB_2017
p9223_mo4,1.3855384484328765,0.44654469404621355,62,Healthy,HallAB_2017
p9223_mo5,2.5949200681998104,0.8307579471877645,63,Healthy,HallAB_2017
p9223_mo6,1.8993848964367157,0.6058968287928967,77,Healthy,HallAB_2017
p9223_mo7,1.874914921231464,0.6124270087854347,66,Healthy,HallAB_2017
p9223_mo8,2.0735485224972208,0.6777589349065538,69,Healthy,HallAB_2017
p9281_mo1,3.241270460149922,0.9333994799378145,80,Healthy,HallAB_2017
p9281_mo2,3.068844944480107,0.9209059981348384,78,Healthy,HallAB_2017
p9281_mo3,3.047925660159186,0.9245185705199521,66,Healthy,HallAB_2017
p9281_mo4,3.060819033151152,0.9255140253522146,73,Healthy,HallAB_2017
p9281_mo5,3.1649979471835046,0.9342171235613641,72,Healthy,HallAB_2017
p9281_mo6,2.026685666309544,0.8410678728131253,11,Healthy,HallAB_2017
SKST006_1_G102959,0.7643551468652822,0.38363686385742013,7,IBD,HallAB_2017
SKST006_10_G102994,-0.0,0.0,1,Healthy,HallAB_2017
SKST006_2_G102960,1.0079441292166338,0.6121453279641802,3,IBD,HallAB_2017
SKST006_3_G102961,0.5554610785634722,0.36875970515092815,2,IBD,HallAB_2017
SKST006_4_G102962,1.3643860866077657,0.6988517088640239,9,IBD,HallAB_2017
SKST006_5_G102963,0.974500184679338,0.5834050516216447,4,IBD,HallAB_2017
SKST006_6_G102964,0.4227941159618626,0.18589970136255318,9,IBD,HallAB_2017
SKST006_7_G102965,2.089390860340434,0.832342211858747,14,IBD,HallAB_2017
SKST006_9_G103014,1.412173994524559,0.6271989770980779,14,IBD,HallAB_2017
SKST007_1_G102966,2.854600567908789,0.9153448668634789,67,Healthy,HallAB_2017
SKST007_2_G102967,2.5282964539868287,0.8794895991204075,54,Healthy,HallAB_2017
SKST007_3_G102949,2.9143564801860604,0.9219670548780177,66,Healthy,HallAB_2017
SKST007_4_G102948,2.6115782290729634,0.8761787486364836,67,Healthy,HallAB_2017
SKST007_6_G102995,2.938574947467789,0.8959075110253689,73,Healthy,HallAB_2017
SKST007_7_G103016,2.8225115094012216,0.9114325016077085,67,Healthy,HallAB_2017
SKST007_8_G102999,2.610290802598791,0.8921872116851939,53,Healthy,HallAB_2017
SKST010_1_G102968,3.385184604469239,0.9518013878498643,81,Healthy,HallAB_2017
SKST010_2_G102969,2.460404322485449,0.8634167195634994,70,Healthy,HallAB_2017
SKST010_3_G102970,3.452834070277153,0.9535616093609582,73,Healthy,HallAB_2017
SKST010_4_G102956,2.794568714035864,0.8886534184395662,72,Healthy,HallAB_2017
SKST010_5_G102990,2.7273491129778544,0.8856143435645626,68,Healthy,HallAB_2017
SKST010_6_G103004,2.244628092882306,0.834041333404383,47,Healthy,HallAB_2017
SKST010_7_G103003,2.6971911770252164,0.8716156580338816,74,Healthy,HallAB_2017
SKST010_8_G102998,2.479801583336175,0.8447609158622731,77,Healthy,HallAB_2017
SKST011_1_G102971,2.807392867700721,0.8997948181287656,72,Healthy,HallAB_2017
SKST011_2_G102972,2.7431750402119457,0.8971543716358008,63,Healthy,HallAB_2017
SKST011_3_G102973,2.8473620015106147,0.9108814515127667,64,Healthy,HallAB_2017
SKST011_4_G102952,2.7567830456775586,0.8951344413470204,64,Healthy,HallAB_2017
SKST011_5_G102993,2.6637271468421475,0.8741071702141259,70,Healthy,HallAB_2017
SKST011_6_G103002,2.8914089075958525,0.9166912027543588,68,Healthy,HallAB_2017
SKST011_7_G103017,2.692316374249894,0.8940411396623854,59,Healthy,HallAB_2017
SKST011_8_G103000,2.7064106433506314,0.8924723642532644,58,Healthy,HallAB_2017
SKST012_1_G102974,3.138523478395249,0.9311262909025909,80,Healthy,HallAB_2017
SKST012_2_G102975,3.1948274823727925,0.9296699412640287,87,Healthy,HallAB_2017
SKST012_3_G102950,2.783612201799815,0.8774363811260093,76,Healthy,HallAB_2017
SKST012_4_G102954,3.19259818964956,0.9221413085229797,89,Healthy,HallAB_2017
SKST012_5_G102992,2.6905642405360597,0.8904005167413437,64,Healthy,HallAB_2017
SKST012_6_G102997,3.030164904715076,0.9192689776813441,79,Healthy,HallAB_2017
SKST014_1_G102976,0.6148611176969524,0.4237792212009579,2,IBD,HallAB_2017
SKST014_2_G102977,1.9959482745107495,0.8052958887466151,29,IBD,HallAB_2017
SKST014_3_G102978,1.6055915790057134,0.6969623144485142,17,IBD,HallAB_2017
SKST014_4_G102979,1.8262586509967025,0.8062356390110299,8,IBD,HallAB_2017
SKST014_5_G102980,2.477550318832387,0.8743527174434181,37,IBD,HallAB_2017
SKST014_6_G102951,2.3836676077419354,0.8640225747122625,33,IBD,HallAB_2017
SKST014_7_G102940,2.627998011620626,0.8825420468095126,47,IBD,HallAB_2017
SKST023_1_G102981,2.1902969782117787,0.8231992303913372,50,Healthy,HallAB_2017
SKST023_2_G102987,1.9485655814466787,0.78495406609544,35,Healthy,HallAB_2017
SKST023_3_G102941,2.517475316216681,0.839983887457497,63,Healthy,HallAB_2017
SKST023_4_G102937,2.662569218791009,0.8849176741762689,51,Healthy,HallAB_2017
SKST023_5_G103007,1.7737852331842134,0.7589393620743614,30,Healthy,HallAB_2017
SKST023_6_G103009,2.683694733526557,0.882888846512171,54,Healthy,HallAB_2017
SKST023_7_G103015,2.9139894524765353,0.9121342788349905,61,Healthy,HallAB_2017
SKST024_1_G102982,2.0326821873927896,0.7992202550138494,37,Healthy,HallAB_2017
SKST024_2_G102953,2.3351033214938455,0.8058762081436651,46,Healthy,HallAB_2017
SKST024_3_G102944,2.820185693802117,0.9182537201824826,64,Healthy,HallAB_2017
SKST024_4_G102938,2.8042732338680874,0.9008988467706333,74,Healthy,HallAB_2017
SKST024_5_G103001,1.825916374503052,0.763931058074401,24,Healthy,HallAB_2017
SKST024_6_G103012,2.684390568276702,0.8804661943472065,63,Healthy,HallAB_2017
SKST024_7_G103022,2.098742282244423,0.7463796887572178,54,Healthy,HallAB_2017
SKST024_8_G103031,2.4575866484262052,0.8624779689452511,47,Healthy,HallAB_2017
SKST025_1_G102983,2.785164688398778,0.9003489358463814,45,IBD,HallAB_2017
SKST025_2_G102986,2.71811469225313,0.9058179106709481,36,IBD,HallAB_2017
SKST025_3_G102942,2.6356434649425386,0.8844677663233123,52,IBD,HallAB_2017
SKST025_4_G102939,2.0316850535162017,0.828322099539115,29,IBD,HallAB_2017
SKST025_5_G103006,2.123339014770234,0.792932698543818,35,IBD,HallAB_2017
SKST025_6_G103010,1.7483470860908232,0.7896155288524933,12,IBD,HallAB_2017
SKST025_9_G103021,1.71835299360484,0.739988170958432,26,IBD,HallAB_2017
SKST027_1_G102984,1.4012537331689399,0.6423920653394961,13,IBD,HallAB_2017
SKST027_10_G102936,1.3882611180221238,0.6756788410278074,13,IBD,HallAB_2017
SKST027_11_G102996,2.216001350121028,0.7980619484840679,36,IBD,HallAB_2017
SKST027_12_G103011,1.8391732281043747,0.7357180612485574,15,IBD,HallAB_2017
SKST027_2_G102985,2.1260111261688843,0.854098101586365,17,IBD,HallAB_2017
SKST027_3_G102945,2.47164167707584,0.8690411270245187,32,IBD,HallAB_2017
SKST027_4_G102958,2.5551491065711844,0.8751340074215063,40,IBD,HallAB_2017
SKST027_9_G102947,2.592745375847774,0.8923694150388755,31,IBD,HallAB_2017
SKST032_1_G102943,2.3152922947450705,0.8573368408282849,26,IBD,HallAB_2017
SKST032_2_G102946,2.43647019216443,0.8831931424532543,41,IBD,HallAB_2017
SKST032_3_G102989,2.787780882090746,0.9205338302792522,46,IBD,HallAB_2017
SKST032_4_G103008,2.454510473978002,0.8657495843807859,46,IBD,HallAB_2017
SKST032_5_G103024,2.531091094967153,0.8787878656074367,40,IBD,HallAB_2017
SKST036_1_G103013,2.2038733385180564,0.783304977744169,53,Healthy,HallAB_2017
SKST036_2_G103020,2.58765661646163,0.8910883062518885,27,Healthy,HallAB_2017
SKST036_3_G103025,2.815718371776071,0.900242738476605,65,Healthy,HallAB_2017
SKST037_2_G103023,2.344850741657469,0.8279106591397576,65,Healthy,HallAB_2017
SKST037_3_G103026,1.335412038449477,0.6955052926164468,5,Healthy,HallAB_2017
SKST041_1_G103005,2.8907230521069085,0.9140831586243398,42,Healthy,HallAB_2017
SKST041_2_G103027,2.0975056593538444,0.7978105036350063,56,Healthy,HallAB_2017
SKST041_3_G103028,2.2972481376451723,0.8429195910299514,55,Healthy,HallAB_2017
MH0001,1.3933832209661272,0.48146747302799964,79,Healthy,NielsenHB_2014
MH0002,2.531621326669219,0.8125555804902085,80,Healthy,NielsenHB_2014
MH0003,3.3699061574191744,0.9460701908512608,84,Healthy,NielsenHB_2014
MH0004,2.881142408401222,0.8828512353353395,90,Healthy,NielsenHB_2014
MH0005,1.829439720439803,0.6570676020938271,77,Healthy,NielsenHB_2014
MH0006,2.1553143553066327,0.721366674215202,72,Healthy,NielsenHB_2014
MH0007,3.4313930731955153,0.9514260798987775,98,Healthy,NielsenHB_2014
MH0008,2.974363874874448,0.9110168779790484,80,Healthy,NielsenHB_2014
MH0009,2.868696302153767,0.8891494937339056,77,Healthy,NielsenHB_2014
MH0010,2.5488031493947982,0.8736271966134358,63,Healthy,NielsenHB_2014
MH0011,3.2416777913332755,0.9414374286862768,67,Healthy,NielsenHB_2014
MH0012,3.096817956864716,0.9216002137631796,92,Healthy,NielsenHB_2014
MH0013,2.9215928502962965,0.888684250899187,91,Healthy,NielsenHB_2014
MH0014,3.0484757291921767,0.9259750682008954,70,Healthy,NielsenHB_2014
MH0015,3.1246864809141917,0.9361336216888346,79,Healthy,NielsenHB_2014
MH0016,2.6614136784332767,0.8563247553664113,60,Healthy,NielsenHB_2014
MH0017,3.099026699005888,0.9122643024067181,91,Healthy,NielsenHB_2014
MH0018,1.930227457904146,0.6443767046840023,73,Healthy,NielsenHB_2014
MH0019,2.8965883309592906,0.9191308756653164,72,Healthy,NielsenHB_2014
MH0020,2.3198653868075967,0.7839981576150421,51,Healthy,NielsenHB_2014
MH0021,3.039997539133444,0.9218273101821504,71,Healthy,NielsenHB_2014
MH0022,3.097163728279167,0.9215360294604554,68,Healthy,NielsenHB_2014
MH0023,2.886361948248549,0.9002402965851559,79,Healthy,NielsenHB_2014
MH0024,2.182044034869505,0.80144751446519,45,Healthy,NielsenHB_2014
MH0025,3.21507485744805,0.9364604822366589,66,Healthy,NielsenHB_2014
MH0026,2.4330023502872646,0.8436068585045012,45,Healthy,NielsenHB_2014
MH0027,3.1429594445237816,0.9127700811820704,99,Healthy,NielsenHB_2014
MH0028,3.1074783832565087,0.9288108708928671,70,Healthy,NielsenHB_2014
MH0030,2.561563314921293,0.8754825277280609,51,Healthy,NielsenHB_2014
MH0031,1.9018271373861602,0.6062515473995449,59,Healthy,NielsenHB_2014
MH0032,2.0729883826652507,0.6824225415867841,55,Healthy,NielsenHB_2014
MH0033,2.972156279911561,0.913682319318071,67,Healthy,NielsenHB_2014
MH0034,1.4889624123269094,0.5131503462456668,46,Healthy,NielsenHB_2014
MH0035,2.975860631723789,0.9073317671242399,63,Healthy,NielsenHB_2014
MH0036,2.3406754002734473,0.8160293886308754,41,Healthy,NielsenHB_2014
MH0037,2.4548121825420894,0.8405352814409174,49,Healthy,NielsenHB_2014
MH0038,2.755353323167808,0.9011583982239452,46,Healthy,NielsenHB_2014
MH0039,2.823264725207688,0.8819198952686108,57,Healthy,NielsenHB_2014
MH0040,3.162694853007163,0.9345204808879239,69,Healthy,NielsenHB_2014
MH0041,2.936636385768268,0.9107571285349912,76,Healthy,NielsenHB_2014
MH0042,3.049542132937275,0.9277778260257659,52,Healthy,NielsenHB_2014
MH0043,2.8519574516593287,0.8967845185918225,56,Healthy,NielsenHB_2014
MH0044,2.3674707235525423,0.8164111951673908,56,Healthy,NielsenHB_2014
MH0045,2.821452050763066,0.9034100988722696,51,Healthy,NielsenHB_2014
MH0046,2.956496776329902,0.9242617892477928,46,Healthy,NielsenHB_2014
MH0047,2.799035868912945,0.8793561133640109,58,Healthy,NielsenHB_2014
MH0048,2.977198058268275,0.9243351714278167,59,Healthy,NielsenHB_2014
MH0049,2.562648238454877,0.8838842200330478,40,Healthy,NielsenHB_2014
MH0050,2.235903020120493,0.7196225005839518,62,Healthy,NielsenHB_2014
MH0051,2.4834110696852156,0.8622054867435885,49,Healthy,NielsenHB_2014
MH0052,3.264729385573868,0.9444178817225501,74,Healthy,NielsenHB_2014
MH0053,2.7657561410064027,0.8968801352437415,48,Healthy,NielsenHB_2014
MH0054,2.833811217580873,0.9088771998084937,53,Healthy,NielsenHB_2014
MH0055,2.908272427575448,0.9205261045838776,53,Healthy,NielsenHB_2014
MH0056,3.192070851623515,0.9318773494447061,55,Healthy,NielsenHB_2014
MH0057,2.8749980480042687,0.9043401913857085,51,Healthy,NielsenHB_2014
MH0058,3.0768639123167345,0.9247612154798798,61,Healthy,NielsenHB_2014
MH0059,3.1016558839389186,0.9138912416435472,78,Healthy,NielsenHB_2014
MH0060,3.03568842719908,0.9291709780298014,66,Healthy,NielsenHB_2014
MH0061,2.017532173629707,0.773058195175773,50,Healthy,NielsenHB_2014
MH0062,2.8741156072661873,0.8925958703089538,81,Healthy,NielsenHB_2014
MH0063,2.532748913812647,0.8447477168184775,51,Healthy,NielsenHB_2014
MH0064,2.347142645025651,0.7909333909663396,57,Healthy,NielsenHB_2014
MH0065,3.1547967967335655,0.9296575188805996,58,Healthy,NielsenHB_2014
MH0066,3.136318239748118,0.9306306996031765,60,Healthy,NielsenHB_2014
MH0067,2.8214969963034813,0.9075031911600191,53,Healthy,NielsenHB_2014
MH0068,1.9655830083942807,0.676720117074253,60,Healthy,NielsenHB_2014
MH0069,2.8289283283737077,0.9008709076492187,67,Healthy,NielsenHB_2014
MH0070,2.2523309300127945,0.7274216016013495,56,Healthy,NielsenHB_2014
MH0071,3.0993155105269015,0.9299402061784151,65,Healthy,NielsenHB_2014
MH0072,2.548372752854779,0.8710681635769562,39,Healthy,NielsenHB_2014
MH0073,3.0363501444788925,0.9254967453638406,64,Healthy,NielsenHB_2014
MH0074,2.508153645864251,0.8495675801870376,47,Healthy,NielsenHB_2014
MH0075,2.3307921416799244,0.7481068409874578,70,Healthy,NielsenHB_2014
MH0076,2.846157349064577,0.8620582181851054,71,Healthy,NielsenHB_2014
MH0077,2.6966014578663846,0.8934621634884389,61,Healthy,NielsenHB_2014
MH0078,2.0821344250776397,0.6977091279920116,65,Healthy,NielsenHB_2014
MH0079,2.8309910464361607,0.9006156741473141,50,Healthy,NielsenHB_2014
MH0080,2.786515863615059,0.8897187959032533,55,Healthy,NielsenHB_2014
MH0081,3.133711832147256,0.9334695429234614,64,Healthy,NielsenHB_2014
MH0082,2.3675038136114614,0.7851446245408329,63,Healthy,NielsenHB_2014
MH0083,3.0274979459276596,0.9256017702159881,62,Healthy,NielsenHB_2014
MH0084,1.793029088760701,0.626328501618125,42,Healthy,NielsenHB_2014
MH0085,2.4721683381748054,0.8569491342112301,46,Healthy,NielsenHB_2014
MH0086,3.3681548253033333,0.9422348293127315,91,Healthy,NielsenHB_2014
MH0087,1.893912374279781,0.7810147692274511,40,Healthy,NielsenHB_2014
MH0088,2.8574640106152023,0.892769088552172,81,Healthy,NielsenHB_2014
MH0089,2.685934487078339,0.8822221972049552,78,Healthy,NielsenHB_2014
MH0090,3.1837564881101876,0.9336281488705247,88,Healthy,NielsenHB_2014
MH0091,2.5272190575714486,0.8275301538080218,65,Healthy,NielsenHB_2014
MH0092,2.8787787367343567,0.8988588912250312,84,Healthy,NielsenHB_2014
MH0093,2.575566318787837,0.8870540326196547,50,Healthy,NielsenHB_2014
MH0094,2.947105366147661,0.9086849129243995,71,Healthy,NielsenHB_2014
MH0095,2.755514301554399,0.898816931882598,64,Healthy,NielsenHB_2014
MH0096,2.206619335620392,0.777004285669558,72,Healthy,NielsenHB_2014
MH0097,2.9653687535541318,0.9084245706271702,71,Healthy,NielsenHB_2014
MH0098,2.8632378746712766,0.8849688043024415,76,Healthy,NielsenHB_2014
MH0099,3.3137159080749163,0.9475814464546402,80,Healthy,NielsenHB_2014
MH0100,3.289085120152742,0.9409487371780688,83,Healthy,NielsenHB_2014
MH0101,2.585192306280802,0.8384338898112521,70,Healthy,NielsenHB_2014
MH0102,3.4243377834868043,0.9497600878984902,86,Healthy,NielsenHB_2014
MH0103,2.4715496972524624,0.8094230897780799,76,Healthy,NielsenHB_2014
MH0104,3.3305865208669605,0.9445938100403776,73,Healthy,NielsenHB_2014
MH0105,2.5884234021234187,0.8190033172758093,69,Healthy,NielsenHB_2014
MH0106,2.6452239289331736,0.8602708812866094,78,Healthy,NielsenHB_2014
MH0107,3.2241664461520676,0.9329283848220176,76,Healthy,NielsenHB_2014
MH0109,2.1693814630127046,0.7979564406269155,56,Healthy,NielsenHB_2014
MH0110,2.3270674538867446,0.8523008969069803,59,Healthy,NielsenHB_2014
MH0111,3.2499179316521896,0.9375065024955606,80,Healthy,NielsenHB_2014
MH0113,2.931844491319496,0.9149376370782494,71,Healthy,NielsenHB_2014
MH0114,2.116065232466861,0.798136813011117,63,Healthy,NielsenHB_2014
MH0115,3.171177311837793,0.9353379898217069,80,Healthy,NielsenHB_2014
MH0116,3.341089574597973,0.9361849848391894,89,Healthy,NielsenHB_2014
MH0117,3.3625791276559047,0.9368777386054628,80,Healthy,NielsenHB_2014
MH0118,3.1549082885288784,0.9258494814710749,74,Healthy,NielsenHB_2014
MH0120,2.3719413437422228,0.7475666415735677,74,Healthy,NielsenHB_2014
MH0121,2.3536290494809475,0.8427972231208911,63,Healthy,NielsenHB_2014
MH0122,2.9425663524497403,0.9226547951056167,72,Healthy,NielsenHB_2014
MH0123,2.760495699205511,0.8685159976069824,73,Healthy,NielsenHB_2014
MH0124,3.386136303886338,0.9500313714649501,84,Healthy,NielsenHB_2014
MH0125,3.0409325555493334,0.9155408943731075,81,Healthy,NielsenHB_2014
MH0126,3.1747602306256244,0.927106666619529,82,Healthy,NielsenHB_2014
MH0127,2.970566257418255,0.9256072786174697,67,Healthy,NielsenHB_2014
MH0128,2.595893498883592,0.877264665378608,65,Healthy,NielsenHB_2014
MH0129,3.1601872946847767,0.9336629699477604,78,Healthy,NielsenHB_2014
MH0130,1.804032473896831,0.6941857554106496,69,Healthy,NielsenHB_2014
MH0132,2.189665472763279,0.7099702077450518,78,Healthy,NielsenHB_2014
MH0133,2.384325244288333,0.8346883870714643,60,Healthy,NielsenHB_2014
MH0134,2.6822140218760646,0.8650645938568092,80,Healthy,NielsenHB_2014
MH0135,3.260070928953442,0.9378701890132112,83,Healthy,NielsenHB_2014
MH0136,2.897059495678441,0.9038034995927802,75,Healthy,NielsenHB_2014
MH0137,2.9276341266973085,0.9067850669029622,71,Healthy,NielsenHB_2014
MH0138,1.0693673343066694,0.35809748911047834,61,Healthy,NielsenHB_2014
MH0139,3.012648257583322,0.9253224726125828,82,Healthy,NielsenHB_2014
MH0140,2.674956839721725,0.87463848652044,87,Healthy,NielsenHB_2014
MH0141,2.813007983992343,0.8843036848278416,80,Healthy,NielsenHB_2014
MH0142,2.9271617649122996,0.9094916465648782,79,Healthy,NielsenHB_2014
MH0143,2.9927075862709245,0.8800235300667782,92,Healthy,NielsenHB_2014
MH0144,2.8682732217842326,0.8821773356876988,77,Healthy,NielsenHB_2014
MH0145,3.386506909863397,0.9509763284120255,84,Healthy,NielsenHB_2014
MH0146,2.7233527969795337,0.8888917582332563,72,Healthy,NielsenHB_2014
MH0147,3.4741848245690052,0.9543307617501366,80,Healthy,NielsenHB_2014
MH0148,3.008277404302908,0.915556963986623,76,Healthy,NielsenHB_2014
MH0149,3.0981838975666713,0.922703750994839,85,Healthy,NielsenHB_2014
MH0151,2.868242524337134,0.8814530638772266,76,Healthy,NielsenHB_2014
MH0152,2.9689202903466585,0.8990175626162449,87,Healthy,NielsenHB_2014
MH0153,2.859772804390403,0.8841485190902127,74,Healthy,NielsenHB_2014
MH0154,2.8429130328126764,0.899180302892845,76,Healthy,NielsenHB_2014
MH0155,2.7815068432751064,0.8951192104558741,71,Healthy,NielsenHB_2014
MH0156,2.2865649931204413,0.8273657207299345,60,Healthy,NielsenHB_2014
MH0157,3.288712914560697,0.9391376296630743,72,Healthy,NielsenHB_2014
MH0158,3.0285183152402597,0.931060453104158,86,Healthy,NielsenHB_2014
MH0159,3.1473765997834344,0.9320336281793189,83,Healthy,NielsenHB_2014
MH0160,2.8856320360103513,0.8998281474734406,81,Healthy,NielsenHB_2014
MH0162,3.279417103322137,0.9426566805176475,86,Healthy,NielsenHB_2014
MH0163,2.9913002673884996,0.9082859701789546,67,Healthy,NielsenHB_2014
MH0164,1.296509775907396,0.4205977431497998,61,Healthy,NielsenHB_2014
MH0165,3.0852334067239884,0.9285773629072829,65,Healthy,NielsenHB_2014
MH0166,1.851392298892879,0.745072836675117,46,Healthy,NielsenHB_2014
MH0167,3.055126943179982,0.9224322134927596,69,Healthy,NielsenHB_2014
MH0168,3.0327106622481628,0.9078472968580413,85,Healthy,NielsenHB_2014
MH0169,2.482348449826931,0.7908729072169716,77,Healthy,NielsenHB_2014
MH0170,2.7892783925141713,0.891370823505127,86,Healthy,NielsenHB_2014
MH0172,3.109753314768808,0.9248252009323243,98,Healthy,NielsenHB_2014
MH0173,2.43621852053393,0.7980413621690556,73,Healthy,NielsenHB_2014
MH0174,3.2291798462427854,0.9408057354931065,82,Healthy,NielsenHB_2014
MH0175,3.3985797095640344,0.9522451003091258,80,Healthy,NielsenHB_2014
MH0177,3.0233446414225957,0.9156284713510854,78,Healthy,NielsenHB_2014
MH0178,2.5206810521625016,0.8471066607326247,72,Healthy,NielsenHB_2014
MH0179,2.438472043469889,0.8624076219363721,55,Healthy,NielsenHB_2014
MH0180,2.960024587502498,0.9309477137831547,70,Healthy,NielsenHB_2014
MH0181,3.347635112437011,0.9452927932035008,78,Healthy,NielsenHB_2014
MH0182,2.18391434356522,0.7653717313083899,66,Healthy,NielsenHB_2014
MH0183,2.8628793578837493,0.8854010568201515,103,Healthy,NielsenHB_2014
MH0184,2.9766700389863403,0.9082000658433348,92,Healthy,NielsenHB_2014
MH0185,2.8809605188056344,0.904207166920995,89,Healthy,NielsenHB_2014
MH0186,2.158296239776289,0.8252361409020554,59,Healthy,NielsenHB_2014
O2_UC1_0,2.6506295904006514,0.8812413453344516,44,IBD,NielsenHB_2014
O2_UC1_2,3.3558725182815943,0.9475313087924753,94,IBD,NielsenHB_2014
O2_UC11_0,1.2455363633810572,0.47335483566587544,47,IBD,NielsenHB_2014
O2_UC11_2,2.400697172791901,0.7973365027950226,105,IBD,NielsenHB_2014
O2_UC12_0,3.2378235760535015,0.9397498891309953,66,IBD,NielsenHB_2014
O2_UC12_2,2.9708190436382753,0.9024520155752582,73,IBD,NielsenHB_2014
O2_UC13_0,3.00073325418699,0.9315968288718836,56,IBD,NielsenHB_2014
O2_UC13_2,3.3324177055883446,0.9481888030830838,85,IBD,NielsenHB_2014
O2_UC14_0,2.4422129066922262,0.817831771086415,51,IBD,NielsenHB_2014
O2_UC14_2,3.281239506132064,0.9208504346096931,115,IBD,NielsenHB_2014
O2_UC16_0,1.9256517054139477,0.7641227908895736,28,IBD,NielsenHB_2014
O2_UC16_2,2.4779068957491153,0.8488406362068881,81,IBD,NielsenHB_2014
O2_UC17_0,1.8547009708759092,0.6812331145223522,42,IBD,NielsenHB_2014
O2_UC17_2,3.1276288878849683,0.9210948466978404,87,IBD,NielsenHB_2014
O2_UC18_0,3.083716960490281,0.9211920963045117,64,IBD,NielsenHB_2014
O2_UC18_2,3.227913473667525,0.936619337214987,74,IBD,NielsenHB_2014
O2_UC19_0,2.449174184789726,0.879852547512509,25,IBD,NielsenHB_2014
O2_UC19_2,2.848452630598876,0.9093300331011489,76,IBD,NielsenHB_2014
O2_UC2_0,2.7667144100427215,0.8944058332712695,90,IBD,NielsenHB_2014
O2_UC2_2,3.404066669410558,0.9480104603537355,95,IBD,NielsenHB_2014
O2_UC20_0,2.7954815730945883,0.8986909290568078,55,IBD,NielsenHB_2014
O2_UC20_2,3.0922633294401605,0.9334131421974805,84,IBD,NielsenHB_2014
O2_UC21_0,2.90143317684351,0.9181773771459094,49,IBD,NielsenHB_2014
O2_UC21_2,3.376484093402972,0.9479747261875136,111,IBD,NielsenHB_2014
O2_UC22_0,2.999580715977735,0.9233474563514977,51,IBD,NielsenHB_2014
O2_UC22_2,3.2815803020577583,0.9390150163395551,93,IBD,NielsenHB_2014
O2_UC23_0,2.2221823256220845,0.7282094559663472,68,IBD,NielsenHB_2014
O2_UC23_2,3.5072448829256695,0.9541290269673462,108,IBD,NielsenHB_2014
O2_UC24_0,2.053430259965688,0.7278109091714471,57,IBD,NielsenHB_2014
O2_UC24_2,3.1504282863897908,0.9284850127923051,90,IBD,NielsenHB_2014
O2_UC26_0,2.1168681694350724,0.8041871367963493,38,IBD,NielsenHB_2014
O2_UC26_2,2.0923710773122037,0.8183033009661336,40,IBD,NielsenHB_2014
O2_UC27_0,2.925383351018188,0.9128022673269333,76,IBD,NielsenHB_2014
O2_UC27_2,2.7852104394748247,0.9068037231251151,66,IBD,NielsenHB_2014
O2_UC29_0,3.264346505671039,0.9397739243059728,76,IBD,NielsenHB_2014
O2_UC29_2,3.2518435510803227,0.9387814156556616,86,IBD,NielsenHB_2014
O2_UC3_0,3.2350415984870677,0.9287402353327611,99,IBD,NielsenHB_2014
O2_UC3_2,3.328057992356771,0.9406434499776058,100,IBD,NielsenHB_2014
O2_UC30_0,3.3974321085274433,0.9496489820756041,104,IBD,NielsenHB_2014
O2_UC30_2,3.380014064136185,0.9429789817723992,104,IBD,NielsenHB_2014
O2_UC31_0,3.2316412915318544,0.9278997759156001,97,IBD,NielsenHB_2014
O2_UC31_2,3.2904259779145573,0.9335427261799382,98,IBD,NielsenHB_2014
O2_UC32_0,3.303326085818041,0.9445746186751689,93,IBD,NielsenHB_2014
O2_UC32_2,3.3489456327514384,0.9453706145323026,96,IBD,NielsenHB_2014
O2_UC34_0,2.1738476565244698,0.6836591336032073,88,IBD,NielsenHB_2014
O2_UC34_2,2.336217067459282,0.7628401080053242,82,IBD,NielsenHB_2014
O2_UC35_0,3.2695613128575673,0.9378355969459434,90,IBD,NielsenHB_2014
O2_UC35_2,2.9647121770158513,0.905486541871026,89,IBD,NielsenHB_2014
O2_UC36_2,2.595310892991826,0.8565873064132097,81,IBD,NielsenHB_2014
O2_UC37_0,2.9766907975519055,0.9195820253327198,82,IBD,NielsenHB_2014
O2_UC37_2,3.3318675522846877,0.9478081068696897,87,IBD,NielsenHB_2014
O2_UC38_0,2.6168205137569798,0.8375093413298709,75,IBD,NielsenHB_2014
O2_UC38_2,2.6123218006629516,0.8351090508622581,81,IBD,NielsenHB_2014
O2_UC4_0,2.6186501913314535,0.8637862038955816,55,IBD,NielsenHB_2014
O2_UC4_2,2.993031381247668,0.9054983266924967,107,IBD,NielsenHB_2014
O2_UC40_0,2.907081772341159,0.8895892084681234,88,IBD,NielsenHB_2014
O2_UC40_2,3.427397545803511,0.9459027999422327,90,IBD,NielsenHB_2014
O2_UC41_0,3.2466178646854535,0.9405686486408044,85,IBD,NielsenHB_2014
O2_UC41_2,3.3483018352106773,0.9395824047441106,88,IBD,NielsenHB_2014
O2_UC43_0,2.416770080118909,0.8201836314893585,60,IBD,NielsenHB_2014
O2_UC43_2,1.6466007958854045,0.5951133532667057,54,IBD,NielsenHB_2014
O2_UC44_0,3.3614443541461094,0.9448531191480793,108,IBD,NielsenHB_2014
O2_UC44_2,3.3421858029042877,0.9429218938414077,101,IBD,NielsenHB_2014
O2_UC46_0,3.314119802851628,0.9475671611903884,78,IBD,NielsenHB_2014
O2_UC46_2,3.2247654210697583,0.9313944981333463,101,IBD,NielsenHB_2014
O2_UC47_0,3.342169554709257,0.9368688445240313,103,IBD,NielsenHB_2014
O2_UC47_2,3.357848329336382,0.948600306300303,102,IBD,NielsenHB_2014
O2_UC48_0,3.1858115181835216,0.9311431580646726,88,IBD,NielsenHB_2014
O2_UC48_2,3.289930930475456,0.9419937677025443,95,IBD,NielsenHB_2014
O2_UC49_0,2.878788983808188,0.8934413258847823,76,Healthy,NielsenHB_2014
O2_UC49_2,3.162354655343459,0.9270188683465719,100,Healthy,NielsenHB_2014
O2_UC5_0,3.240056810259475,0.9396832788341748,76,IBD,NielsenHB_2014
O2_UC5_2,3.0508513353488897,0.9201576904091565,80,IBD,NielsenHB_2014
O2_UC50_0,3.285211061943474,0.914305006354421,112,Healthy,NielsenHB_2014
O2_UC50_2,3.1515636934805378,0.9247877161927773,91,Healthy,NielsenHB_2014
O2_UC51_0,3.2364889649123585,0.9289928351076576,96,Healthy,NielsenHB_2014
O2_UC51_2,3.205753888882641,0.9305701995788129,93,Healthy,NielsenHB_2014
O2_UC52_0,2.3059982571939432,0.791334563585863,83,Healthy,NielsenHB_2014
O2_UC52_2,3.1045524565551244,0.9038100944086873,87,Healthy,NielsenHB_2014
O2_UC53_0,2.6831919067232595,0.8578139650694963,72,Healthy,NielsenHB_2014
O2_UC53_2,2.7872460390481018,0.8979351466001828,71,Healthy,NielsenHB_2014
O2_UC54_0,2.8493154862538717,0.8816571258516412,69,Healthy,NielsenHB_2014
O2_UC54_2,2.593913762321768,0.8678059345987706,63,Healthy,NielsenHB_2014
O2_UC55_0,3.3309716037213515,0.9488420794146324,73,Healthy,NielsenHB_2014
O2_UC55_2,3.0346650341898798,0.9160799942481656,62,Healthy,NielsenHB_2014
O2_UC56_0,2.9890889687944133,0.9134839941999848,82,Healthy,NielsenHB_2014
O2_UC56_2,2.940278795552188,0.9049204490259694,83,Healthy,NielsenHB_2014
O2_UC57_0,3.3211403088168105,0.9398754579903171,87,Healthy,NielsenHB_2014
O2_UC57_2,2.5763796203050324,0.7998904740758785,86,Healthy,NielsenHB_2014
O2_UC58_0,3.339112279172329,0.9321349309660101,85,Healthy,NielsenHB_2014
O2_UC58_2,3.261227326110583,0.935617002993137,85,Healthy,NielsenHB_2014
O2_UC59_0,3.1490223399043975,0.9287642554434731,93,Healthy,NielsenHB_2014
O2_UC59_2,2.8928772321722134,0.9143894056257804,88,Healthy,NielsenHB_2014
O2_UC60_0,2.770292039688573,0.8584455935846156,90,Healthy,NielsenHB_2014
O2_UC60_2,3.0605875880950246,0.9170585352786103,77,Healthy,NielsenHB_2014
O2_UC9_0,3.4801463525299967,0.9448033949607777,105,IBD,NielsenHB_2014
O2_UC9_2,3.3530951224007626,0.9376656140483809,99,IBD,NielsenHB_2014
V1_CD1_0,2.138931678790832,0.800744652292636,40,IBD,NielsenHB_2014
V1_CD10_0,2.432980446091345,0.8413553342481177,64,IBD,NielsenHB_2014
V1_CD11_0,2.6573170342589396,0.8918486663487137,43,Healthy,NielsenHB_2014
V1_CD12_0,2.1967248348018753,0.8148939049682922,34,IBD,NielsenHB_2014
V1_CD13_0,3.1244433947422543,0.9255727215796694,77,Healthy,NielsenHB_2014
V1_CD14_0,3.182458138705231,0.9116326312291847,69,Healthy,NielsenHB_2014
V1_CD15_0,2.3036309854158783,0.8606699109375575,39,IBD,NielsenHB_2014
V1_CD15_3,3.0078308529109417,0.9257006548323676,67,IBD,NielsenHB_2014
V1_CD16_0,3.3118532000385783,0.941824677060399,99,Healthy,NielsenHB_2014
V1_CD17_0,3.114543317524753,0.9432013700242545,58,IBD,NielsenHB_2014
V1_CD17_4,2.9726447790850057,0.9285710285428601,60,IBD,NielsenHB_2014
V1_CD18_0,2.396092040628028,0.8536145296968003,53,IBD,NielsenHB_2014
V1_CD18_3,2.0674406867792228,0.7881014275852979,44,IBD,NielsenHB_2014
V1_CD19_0,3.241210521901741,0.9278356191781078,104,Healthy,NielsenHB_2014
V1_CD2_0,1.3964031345106012,0.5044980103266098,44,Healthy,NielsenHB_2014
V1_CD20_4,2.3441675939958366,0.8023039588737564,86,IBD,NielsenHB_2014
V1_CD21_0,2.2665208686136595,0.8383969837262012,52,IBD,NielsenHB_2014
V1_CD21_4,2.0244347256063064,0.7578015608051931,52,IBD,NielsenHB_2014
V1_CD22_0,3.2027366021994017,0.9184496541184226,106,Healthy,NielsenHB_2014
V1_CD24_0,3.4930212728983543,0.9560716659761656,102,Healthy,NielsenHB_2014
V1_CD25_0,2.523408297238081,0.8687290346335076,59,IBD,NielsenHB_2014
V1_CD25_4,2.4217363564575622,0.8464585321041568,65,IBD,NielsenHB_2014
V1_CD27_0,3.2273787251426933,0.9353525326085859,93,Healthy,NielsenHB_2014
V1_CD28_0,2.207681251534601,0.7251439890826079,71,Healthy,NielsenHB_2014
V1_CD29_0,3.2575312411454416,0.9304458605819053,90,Healthy,NielsenHB_2014
V1_CD3_0,2.8388213866703373,0.8978244716105767,56,Healthy,NielsenHB_2014
V1_CD30_0,3.4318135258564566,0.9376815773879187,109,Healthy,NielsenHB_2014
V1_CD31_0,3.120253771982327,0.9151123408379769,112,Healthy,NielsenHB_2014
V1_CD34_0,2.4556382493401143,0.7775467818275814,88,Healthy,NielsenHB_2014
V1_CD35_0,1.8005430909320173,0.7509370745924137,63,IBD,NielsenHB_2014
V1_CD35_1,2.2529798784238486,0.8148873200246831,48,IBD,NielsenHB_2014
V1_CD36_0,2.946488645827282,0.9193124518928162,91,Healthy,NielsenHB_2014
V1_CD38_0,3.0080694607466674,0.9124424054254785,98,Healthy,NielsenHB_2014
V1_CD4_0,3.0109038078635733,0.9224573617022079,64,Healthy,NielsenHB_2014
V1_CD41_0,2.5777796977227565,0.8644016095453084,88,IBD,NielsenHB_2014
V1_CD42_0,1.9488325580399897,0.6378700788815231,78,Healthy,NielsenHB_2014
V1_CD6_0,2.453815198440712,0.8402152263382053,46,IBD,NielsenHB_2014
V1_CD6_4,3.1188893354618763,0.9265290787903535,85,IBD,NielsenHB_2014
V1_CD7_0,2.245170177639111,0.8114054929409433,64,IBD,NielsenHB_2014
V1_CD7_4,2.4152346143207497,0.8400436305689216,60,IBD,NielsenHB_2014
V1_CD8_0,2.84503426788772,0.8886457232758418,53,Healthy,NielsenHB_2014
V1_CD9_0,2.854774137968498,0.9199635724281905,53,Healthy,NielsenHB_2014
V1_UC1_0,2.905259849852949,0.882115962778568,91,IBD,NielsenHB_2014
V1_UC10_0,2.8771381203581106,0.8781303074901788,72,IBD,NielsenHB_2014
V1_UC10_2,3.2211258502554867,0.9086376320789621,103,IBD,NielsenHB_2014
V1_UC11_0,2.708351630983458,0.8835494651907689,63,IBD,NielsenHB_2014
V1_UC11_5,3.086701580146222,0.9326429860480031,83,IBD,NielsenHB_2014
V1_UC12_0,3.1544559929443077,0.9287279588351508,95,IBD,NielsenHB_2014
V1_UC12_4,2.967498645826303,0.9156042280219512,92,IBD,NielsenHB_2014
V1_UC13_0,2.8097210497640175,0.8945803115373278,56,IBD,NielsenHB_2014
V1_UC13_3,3.149806230516738,0.9282862220015712,88,IBD,NielsenHB_2014
V1_UC14_0,2.9793512652506733,0.9187381321593776,50,IBD,NielsenHB_2014
V1_UC14_1,1.7699641336490655,0.6800648507323119,74,IBD,NielsenHB_2014
V1_UC15_0,2.6410478453510398,0.886670390963969,44,IBD,NielsenHB_2014
V1_UC15_3,3.252585650109055,0.9476166162779941,91,IBD,NielsenHB_2014
V1_UC16_0,2.5007033962466565,0.8324018159109445,69,Healthy,NielsenHB_2014
V1_UC17_0,2.659992439769913,0.8775592820176203,45,IBD,NielsenHB_2014
V1_UC17_2,2.881395974687428,0.903326875655246,83,IBD,NielsenHB_2014
V1_UC18_0,2.8170630620948782,0.9116029334567626,47,Healthy,NielsenHB_2014
V1_UC19_0,3.1733879362245574,0.9335561492890194,61,Healthy,NielsenHB_2014
V1_UC2_0,3.3513291713837496,0.946847182980641,91,IBD,NielsenHB_2014
V1_UC2_4,2.9540072556081274,0.9082558245362385,77,IBD,NielsenHB_2014
V1_UC21_0,2.8065706867615683,0.9008638331096067,60,IBD,NielsenHB_2014
V1_UC21_4,3.1205929381201347,0.9309543160334444,86,IBD,NielsenHB_2014
V1_UC23_0,3.205806560820967,0.9385419077643081,75,IBD,NielsenHB_2014
V1_UC23_1,3.1660143599373685,0.9343079192365915,72,IBD,NielsenHB_2014
V1_UC24_0,3.34500540567847,0.9394617511707662,96,Healthy,NielsenHB_2014
V1_UC25_0,2.987167120539915,0.91339673026239,95,IBD,NielsenHB_2014
V1_UC25_1,2.8028981419726566,0.8914767625374593,90,IBD,NielsenHB_2014
V1_UC26_0,3.327524232559363,0.9492062977084867,81,IBD,NielsenHB_2014
V1_UC26_4,3.174264206357643,0.9284363392013621,99,IBD,NielsenHB_2014
V1_UC27_0,3.3820224476867398,0.9450802966758666,92,Healthy,NielsenHB_2014
V1_UC28_0,2.870033815802226,0.8816942284108167,77,Healthy,NielsenHB_2014
V1_UC29_0,2.725097354492318,0.8879739788550814,81,Healthy,NielsenHB_2014
V1_UC3_0,2.7794717319136,0.8776253667666619,74,IBD,NielsenHB_2014
V1_UC3_2,2.2542566510666044,0.74470248966984,64,IBD,NielsenHB_2014
V1_UC30_0,2.8811345821641092,0.8825510582633991,95,Healthy,NielsenHB_2014
V1_UC31_0,3.335314879193554,0.9461498762571754,99,IBD,NielsenHB_2014
V1_UC31_4,3.150624300690314,0.933508803519691,99,IBD,NielsenHB_2014
V1_UC32_0,3.0849255293498294,0.9005132059208695,92,Healthy,NielsenHB_2014
V1_UC33_0,3.223876914288113,0.9323713033039973,104,Healthy,NielsenHB_2014
V1_UC34_0,3.0526631517434506,0.9194539950089826,81,Healthy,NielsenHB_2014
V1_UC35_0,3.348651840234911,0.9409819461177704,101,IBD,NielsenHB_2014
V1_UC35_4,3.1616630519567326,0.9341363489397414,94,IBD,NielsenHB_2014
V1_UC36_0,3.2391305222246674,0.9290436517631334,110,Healthy,NielsenHB_2014
V1_UC37_0,2.7040639335517396,0.8159562631940078,80,Healthy,NielsenHB_2014
V1_UC38_0,3.056642440851066,0.9245903427985493,104,IBD,NielsenHB_2014
V1_UC39_0,3.152640399736546,0.9239240952463486,113,IBD,NielsenHB_2014
V1_UC4_0,3.024938403715832,0.9077830968496239,85,IBD,NielsenHB_2014
V1_UC4_5,3.352205020072864,0.9435006857350026,99,IBD,NielsenHB_2014
V1_UC40_0,2.8323751156368075,0.8987930782394189,75,IBD,NielsenHB_2014
V1_UC41_0,2.9231599136052813,0.9139806104155617,89,Healthy,NielsenHB_2014
V1_UC42_0,3.3625554531089437,0.952158095873878,91,Healthy,NielsenHB_2014
V1_UC43_0,3.4260215271533054,0.948584383869007,108,Healthy,NielsenHB_2014
V1_UC44_0,3.3043767108903266,0.9401261364826746,97,Healthy,NielsenHB_2014
V1_UC45_0,3.2629457897938448,0.9418458347300718,84,IBD,NielsenHB_2014
V1_UC46_0,3.3062061777048997,0.92761699575193,98,Healthy,NielsenHB_2014
V1_UC47_0,3.4037659303585035,0.9436177595196271,105,IBD,NielsenHB_2014
V1_UC48_0,3.630543775604541,0.9568895072290762,123,Healthy,NielsenHB_2014
V1_UC49_0,3.6361356253670616,0.9574790056666611,116,IBD,NielsenHB_2014
V1_UC49_1,3.177987970337827,0.9198055528288631,89,IBD,NielsenHB_2014
V1_UC5_0,2.871991793728473,0.8813836110184714,90,IBD,NielsenHB_2014
V1_UC5_3,3.043280896554034,0.901285718776736,120,IBD,NielsenHB_2014
V1_UC50_1,3.158147600348231,0.9342840121914125,94,IBD,NielsenHB_2014
V1_UC51_0,3.252386379190075,0.9336311363963725,99,IBD,NielsenHB_2014
V1_UC51_4,3.4213670013828583,0.9419664928182206,114,IBD,NielsenHB_2014
V1_UC52_0,3.524731022292311,0.9547577659095472,108,IBD,NielsenHB_2014
V1_UC52_1,3.396240123511991,0.9457293190580911,105,IBD,NielsenHB_2014
V1_UC53_0,2.5665371947644995,0.8575207293152034,76,IBD,NielsenHB_2014
V1_UC53_4,1.6956617120090578,0.5887535211564241,69,IBD,NielsenHB_2014
V1_UC54_0,3.4223116220825913,0.9544189624353889,99,IBD,NielsenHB_2014
V1_UC55_0,3.092134979769206,0.9227713367482309,115,IBD,NielsenHB_2014
V1_UC55_4,3.309817461237252,0.9396661996328222,98,IBD,NielsenHB_2014
V1_UC56_0,1.494422976506781,0.5425540229700941,49,IBD,NielsenHB_2014
V1_UC57_0,3.3837010948930555,0.9312955336699218,107,Healthy,NielsenHB_2014
V1_UC58_0,3.481142308717196,0.9520984750893725,94,IBD,NielsenHB_2014
V1_UC6_0,3.50709656795918,0.9573192158818554,86,Healthy,NielsenHB_2014
V1_UC61_0,2.4123500569119987,0.8526552997088687,72,Healthy,NielsenHB_2014
V1_UC62_0,3.271648888166567,0.9325858691089293,100,Healthy,NielsenHB_2014
V1_UC7_0,2.1067205671967675,0.7094299191619297,60,Healthy,NielsenHB_2014
V1_UC8_0,3.303596294849452,0.9436277764203078,70,Healthy,NielsenHB_2014
V1_UC9_0,2.661495192495895,0.8593778820138548,66,Healthy,NielsenHB_2014
S117_a_WGS,3.1034406849748386,0.9379987295986535,54,Healthy,cohort_A
S130_a_WGS,2.9817292366367867,0.9194664810972651,65,Healthy,cohort_A
S142_a_WGS,2.9303414132452046,0.9105852753813773,56,Healthy,cohort_A
S148_a_WGS,1.2054068128255835,0.5588738270602676,17,IBD,cohort_A
S150_a_WGS,2.824711764764616,0.9074493557094584,55,IBD,cohort_A
S154_a_WGS,3.0001240857561196,0.9272594553331761,75,Healthy,cohort_A
S158_a_WGS,2.1245084290604184,0.8217509154200325,50,Healthy,cohort_A
S159_a_WGS,2.8074955293078485,0.8971856702285322,68,Healthy,cohort_A
S15_a_WGS,2.553285714739144,0.8883974004451844,25,IBD,cohort_A
S161_a_WGS,3.1535238983319465,0.9433841945051336,43,Healthy,cohort_A
S163_a_WGS,1.7124716296833697,0.6381132168575326,45,Healthy,cohort_A
S167_a_WGS,2.155674994606315,0.7667895275336212,69,Healthy,cohort_A
S26_a_WGS,2.8323601522267072,0.8991622738915237,45,Healthy,cohort_A
S2_a_WGS,1.893440461750569,0.7120628035996701,36,IBD,cohort_A
S31_a_WGS,2.0918010803541343,0.818106519114465,29,IBD,cohort_A
S35_a_WGS,2.093049840823113,0.79643138245837,39,IBD,cohort_A
S54_a_WGS,2.601714782687914,0.8837247111827962,43,IBD,cohort_A
S58_a_WGS,2.337298313620069,0.8247954239135994,46,IBD,cohort_A
S64_a_WGS,2.381372175827365,0.879580531768132,26,IBD,cohort_A
S68_a_WGS,1.0976733716198435,0.5739358432292462,19,IBD,cohort_A
S72_a_WGS,2.9805785623594954,0.9166348620811324,70,Healthy,cohort_A
S81_a_WGS,2.4911449378440427,0.868969027982275,32,IBD,cohort_A
S82_a_WGS,2.052782034705288,0.8338576861766094,26,IBD,cohort_A
S84_a_WGS,2.205449294154348,0.8114369239505413,37,Healthy,cohort_A
NLF009-IE,2.857009827180108,0.8955724072990254,68,Healthy,cohort_B
MH0336,2.391717110616981,0.8009397665685347,96,Healthy,cohort_B
NOF007-IE,1.7576923938847937,0.6783678638805188,62,Healthy,cohort_B
NLM009-IE,1.3379407828630752,0.4824402216407595,53,Healthy,cohort_B
MH0290,2.9433027628473245,0.9009988062581323,96,Healthy,cohort_B
NLF002-IE,2.752338300640661,0.9074656547963618,50,Healthy,cohort_B
MH0340,3.1043353325196583,0.9274702437184765,85,Healthy,cohort_B
NLM025-IE,2.521610720229731,0.8050754083720886,67,Healthy,cohort_B
NOF002-IE,2.29630660186474,0.8455396209639858,52,Healthy,cohort_B
NOF013-IE,2.5110907937696303,0.8528309993570353,58,Healthy,cohort_B
V1.CD4-0-PN,2.953654426802874,0.9010896436486494,85,IBD,cohort_B
V1.CD44-0,1.6565981353060717,0.5497027156126452,69,IBD,cohort_B
O2.UC43-1,1.7076413718172667,0.5576282195204686,70,IBD,cohort_B
V1.FI21,2.4786628934025243,0.8725149978011814,85,IBD,cohort_B
O2.UC21-1,3.2125996370960905,0.9413260744040967,104,IBD,cohort_B
O2.UC46-1,3.0323734583836472,0.9139945754878933,102,IBD,cohort_B
V1.FI31,2.093352291028121,0.6740156251230467,94,IBD,cohort_B
V1.CD6-0-PN,3.1246309676580553,0.9227840823526036,102,IBD,cohort_B
V1.UC64-0,2.9955119883741217,0.8855941703414234,89,IBD,cohort_B
V1.UC56-1,1.4110810282266935,0.6418578711039035,29,IBD,cohort_B
O2.UC40-1,3.4098568792265174,0.9450529215654553,104,IBD,cohort_B
O2.UC27-1,2.7169683512606326,0.8863060907110494,77,IBD,cohort_B
V1.FI29,2.837320940870253,0.9009746724313152,94,IBD,cohort_B
V1.FI30,3.2941994778833577,0.9429678231864053,100,IBD,cohort_B
