"Coprococcus","sample_id","condition"
0,"CSM5FZ3N_P","IBD"
0,"CSM5FZ4C_P","IBD"
0,"CSM5MCVV_P","IBD"
0,"CSM5FZ3R_P","IBD"
0,"CSM5MCVF_P","IBD"
0,"CSM5MCVD_P","IBD"
0,"CSM5FZ3V_P","IBD"
0,"CSM5MCWI_P","IBD"
0,"CSM5YRY7_P","IBD"
0,"CSM67UGC","IBD"
0,"CSM67U9J","IBD"
0,"CSM67UA2","IBD"
0,"CSM5MCXD","IBD"
0,"CSM5MCYS","IBD"
0,"CSM79HG5","IBD"
0,"CSM79HGP","IBD"
0,"CSM5FZ3T_P","IBD"
0,"CSM5FZ3X_P","IBD"
0,"CSM5FZ46_P","IBD"
0,"CSM5FZ44_P","IBD"
0,"CSM5FZ3Z_P","IBD"
0,"CSM5MCVJ_P","IBD"
0,"CSM5FZ42_P","IBD"
0,"CSM67UBR","IBD"
0,"CSM67UBF","IBD"
0,"CSM79HJY","IBD"
0,"CSM67UBN","IBD"
0,"CSM5MCVL","IBD"
0,"CSM5MCVN","IBD"
0,"CSM67UBH","IBD"
0,"CSM79HJW","IBD"
0.3879,"CSM5FZ4K_P","IBD"
0.04653,"CSM5MCWM_P","IBD"
0.12589,"CSM5FZ4E_P","IBD"
0.28279,"CSM5FZ4G_P","IBD"
0.93756,"CSM5MCWQ","IBD"
0.15467,"CSM79HLM","IBD"
0.20712,"CSM67UBZ","IBD"
0.29307,"CSM67UBX","IBD"
0.13665,"CSM5FZ4M","IBD"
0.38556,"CSM67UC6","IBD"
0,"CSM5FZ4A_P","IBD"
0.01014,"CSM5MCUE_P","IBD"
0,"CSM5MCU8_P","IBD"
0,"CSM5MCUA_P","IBD"
0,"CSM5MCUC_P","IBD"
0,"CSM79HLK","IBD"
0,"CSM67UDR","IBD"
0,"CSM67UDY","IBD"
0,"CSM67UDR_TR","IBD"
0,"CSM79HLA_TR","IBD"
0,"CSM79HLE","IBD"
0,"CSM67UDF","IBD"
0,"CSM5MCXR","IBD"
0,"CSM67UDN","IBD"
0,"CSM79HLG","IBD"
0,"CSM5MCXJ","IBD"
0,"CSM79HLI","IBD"
0.12649,"CSM5MCXN","IBD"
0,"CSM67UDJ","IBD"
0,"CSM5MCXH","IBD"
0,"CSM79HLA","IBD"
0,"CSM5MCXP","IBD"
0,"CSM79HLC","IBD"
0,"CSM5MCXL","IBD"
0,"CSM5MCUS_P","IBD"
0,"CSM5MCUW_P","IBD"
0,"CSM5MCUQ_P","IBD"
0,"CSM5MCUY_P","IBD"
0,"CSM67UEM","IBD"
0,"CSM67UEA","IBD"
0.05632,"CSM67UE7","IBD"
0,"CSM5MCY4","IBD"
0,"CSM79HO1","IBD"
0,"CSM67UEI","IBD"
0,"CSM67UE3","IBD"
0,"CSM5MCY8","IBD"
0.06344,"CSM5MCTZ_P","IBD"
0.05061,"CSM5MCUG_P","IBD"
0.02793,"CSM5MCUK_P","IBD"
0.04806,"CSM79HMN","IBD"
0.07,"CSM79HMP","IBD"
0.02642,"CSM79HMT","IBD"
0.03172,"CSM67UFZ","IBD"
0.04699,"CSM67UFV","IBD"
0.18922,"CSM5MCX3","IBD"
0.05498,"CSM67UG8","IBD"
0.08486,"CSM5MCUO","IBD"
0.11466,"CSM5MCV5_P","IBD"
0,"CSM5MCVB_P","IBD"
0,"CSM5MCV1_P","IBD"
0,"CSM5MCW4_P","IBD"
0,"CSM5MCU4_P","IBD"
0,"CSM5MCVZ_P","IBD"
0,"CSM5MCW6","IBD"
0.49964,"CSM79HQB","IBD"
0,"CSM5MCYW","IBD"
0,"CSM79HQF","IBD"
0,"CSM5MCZ7","IBD"
0,"CSM5MCZ3","IBD"
0,"CSM79HKT","IBD"
0,"CSM5MCZ5","IBD"
0,"CSM79HKV","IBD"
0,"CSM79HQ9","IBD"
0.00288,"CSM5MCWA_P","IBD"
0,"CSM67UAG","IBD"
0,"CSM67UAA","IBD"
0,"CSM7KOJE","IBD"
0,"CSM5MCWG","IBD"
0,"CSM79HI7","IBD"
0,"CSM7KOJO","IBD"
0,"CSM5MCWC","IBD"
0,"CSM5MCWE","IBD"
0,"CSM79HIB","IBD"
0,"CSM7KOJG","IBD"
0,"CSM79HI3","IBD"
0,"CSM5MCXZ_P","IBD"
0,"CSM5MCXX_P","IBD"
0.00239,"CSM5MCWK_P","IBD"
0,"CSM5MCXT","IBD"
0,"CSM7KOLE","IBD"
0.0324,"CSM5MCY2","IBD"
0,"CSM67UCK","IBD"
0,"CSM79HOF","IBD"
0,"CSM79HKB","IBD"
0,"CSM5MCXV","IBD"
0,"CSM79HK9","IBD"
0,"CSM7KOLA","IBD"
0,"CSM7KOL4","IBD"
0,"CSM79HOH","IBD"
25.39957,"CSM67UET_P","IBD"
4.96205,"CSM79HM5_P","IBD"
4.62147,"CSM67UEP_P","IBD"
10.44985,"CSM79HQT_P","IBD"
4.5668,"CSM5MCYI_P","IBD"
9.54606,"CSM7KOMR_P","IBD"
4.99426,"CSM67UEW_P","IBD"
4.42903,"CSM5MCYO_P","IBD"
3.92327,"CSM7KOMV_P","IBD"
11.47562,"CSM5MCXB_P","IBD"
13.67641,"CSM5MCYM_P","IBD"
21.04155,"CSM67UF1_P","IBD"
19.60954,"CSM5MCYQ_P","IBD"
8.79698,"CSM79HM9_P","IBD"
3.9385,"CSM67UEW_TR","IBD"
3.98905,"CSM67UEW","IBD"
9.48669,"CSM67UF5","IBD"
16.74215,"CSM67UF1","IBD"
3.78123,"CSM7KOMT","IBD"
18.76611,"CSM79HM1","IBD"
5.18023,"CSM7KOMP","IBD"
5.35083,"CSM79HM7","IBD"
0,"CSM5MCXF_P","IBD"
0.27326,"CSM67UGO","IBD"
0.0215,"CSM7KOMZ","IBD"
0.20283,"CSM7KON2","IBD"
0.10373,"CSM5MCZF","IBD"
0.04739,"CSM7KON8","IBD"
0.13902,"CSM67U9B","IBD"
0.14927,"CSM67U9D","IBD"
0.15657,"CSM79HOT","IBD"
0.11899,"CSM7KOMX","IBD"
0.17068,"CSM5MCZD","IBD"
0,"CSM5MCZB","IBD"
0.25052,"CSM79HOL","IBD"
0.03426,"CSM79HOJ","IBD"
0,"CSM79HGJ_P","IBD"
0,"CSM5MCYU_P","IBD"
0,"CSM67U9P_P","IBD"
0,"CSM79HPM_P","IBD"
0.04237,"CSM67U9R_P","IBD"
0,"CSM79HGH_P","IBD"
0,"CSM79HGL_P","IBD"
0.17534,"CSM79HGD_P","IBD"
0,"CSM7KONS_P","IBD"
0.00275,"CSM79HPQ_P","IBD"
0.06413,"CSM79HGF_P","IBD"
0.01682,"CSM7KONW_P","IBD"
0,"CSM79HGN_P","IBD"
0,"CSM67U9H_P","IBD"
0,"CSM79HPU","IBD"
0,"CSM79HPO","IBD"
0,"CSM7KONU","IBD"
0,"CSM67U9N","IBD"
0.05072,"CSM79HGF","IBD"
0,"CSM67U9H","IBD"
0.00363,"CSM79HPS","IBD"
0.06468,"CSM79HPK","IBD"
0,"CSM67U9T_P","IBD"
0,"CSM7KOJW","IBD"
0,"CSM67UAO","IBD"
0,"CSM7KOPO","IBD"
0,"CSM7KOJU","IBD"
0,"CSM67UAK","IBD"
0,"CSM79HIL","IBD"
0,"CSM7KOPK","IBD"
0,"CSM7KOJY","IBD"
0,"CSM7KOPM","IBD"
0,"CSM79HIJ","IBD"
0,"CSM7KOPI","IBD"
0,"CSM79HIN","IBD"
0,"CSM7KOPG","IBD"
0,"CSM67UAQ","IBD"
0,"CSM79HIH","IBD"
0,"CSM79HIF","IBD"
0,"CSM7KOJQ","IBD"
0,"CSM67UAS","IBD"
0,"CSM79HID","IBD"
0,"CSM7KOJS","IBD"
0,"CSM67UAM","IBD"
0,"CSM7KOK1","IBD"
0.05312,"CSM67U9V_P","IBD"
0.73844,"CSM7KOK3","IBD"
0.75615,"CSM7KOQ1","IBD"
0.27801,"CSM7KOK5","IBD"
0.81686,"CSM7KOK7","IBD"
0,"CSM7KOKB","IBD"
0.26195,"CSM79HIT","IBD"
0.50318,"CSM7KOPW","IBD"
0.15669,"CSM67UAW","IBD"
0.34946,"CSM67UAY","IBD"
0.2595,"CSM67UB3","IBD"
0.20422,"CSM7KOPU","IBD"
0.05621,"CSM7KOKD","IBD"
0.60978,"CSM79HIZ","IBD"
0.25576,"CSM7KOPS","IBD"
0.61436,"CSM79HIV","IBD"
0.19879,"CSM79HIR","IBD"
0.07978,"CSM67UB1","IBD"
0.32729,"CSM79HIX","IBD"
0.31559,"CSM67UAU","IBD"
0.13319,"CSM79HJ6_P","IBD"
0.02193,"CSM67UB5_P","IBD"
0.02812,"CSM7KOR4_P","IBD"
0.32871,"CSM7KOKP_P","IBD"
1.9755,"CSM7KOKL_P","IBD"
0.36642,"CSM79HJC_P","IBD"
0.14121,"CSM67UB7_P","IBD"
0.02109,"CSM7KOR8_P","IBD"
0.02528,"CSM7KOQZ_P","IBD"
0.18557,"CSM79HJ4_P","IBD"
0.1928,"CSM79HJ2_P","IBD"
0.11644,"CSM67U9X_P","IBD"
0.28666,"CSM79HJ8_P","IBD"
0.03232,"CSM7KOKH_P","IBD"
0,"CSM67UB9_P","IBD"
0.13269,"CSM79HJA","IBD"
0.03845,"CSM7KOQX","IBD"
0.09908,"CSM7KOKN","IBD"
1.55841,"CSM7KOKJ","IBD"
0.06134,"CSM67UBB","IBD"
0.17821,"CSM7KOR2","IBD"
0,"CSM67UB9","IBD"
0.01765,"CSM7KOKF","IBD"
0,"CSM67UCU_P","IBD"
0.03966,"CSM67UAI_P","IBD"
0.03109,"CSM79HHO","IBD"
0.05579,"CSM79HN6","IBD"
0.06847,"CSM7KOSX","IBD"
0.00082,"CSM7KOLK","IBD"
0.00481,"CSM79HHU","IBD"
0,"CSM7KOSV","IBD"
0.00563,"CSM79HHM","IBD"
0.55501,"CSM79HN2","IBD"
0.00501,"CSM7KOLM","IBD"
0.0471,"CSM79HGR_P","Healthy"
0.01676,"CSM79HGV_P","Healthy"
0,"CSM79HOV","Healthy"
1.24635,"CSM79HGX","Healthy"
0.00418,"CSM7KOOL","Healthy"
0.01709,"CSM79HP4","Healthy"
0.02039,"CSM7KOOH","Healthy"
0.01216,"CSM79HP6","Healthy"
0.10011,"CSMAHYLR","Healthy"
0.04191,"CSM79HGZ","Healthy"
0.02584,"CSMAG78W","Healthy"
0.21548,"CSM7KOON","Healthy"
0.04197,"CSM79HOZ","Healthy"
0.25403,"CSM67UH7","Healthy"
0.1038,"CSM7KOOP","Healthy"
0.02334,"CSMAAEUA","Healthy"
0.00185,"CSMAE44D","Healthy"
0.05216,"CSM7KOOJ","Healthy"
0.04183,"CSM79HOX","Healthy"
0.04645,"CSMA8M9R","Healthy"
0.01074,"CSM79HP2","Healthy"
0.02017,"CSM79HH2_P","IBD"
0,"CSM7KONA","IBD"
0,"CSM7KOTC","IBD"
0,"CSM79HPA","IBD"
0.0444,"CSM79HH8","IBD"
0.00428,"CSM7KOTK","IBD"
0.00338,"CSM79HH4","IBD"
0,"CSM79HPC","IBD"
0.00146,"CSM79HHA","IBD"
0.00922,"CSM79HPA_TR","IBD"
0,"CSM7KONK","IBD"
0,"CSM7KOTA","IBD"
0.38555,"CSM79HG7_P","IBD"
0,"CSM79HHW_P","IBD"
3.86209,"CSM79HJQ","IBD"
0,"CSMA9J65","IBD"
0,"CSM7KOOV","IBD"
0,"CSM79HR4","IBD"
0,"CSMA88CB","IBD"
0,"CSMAIG7X","IBD"
0,"CSM79HHW","IBD"
0,"CSM79HR6","IBD"
0,"CSMAH393","IBD"
0,"CSM79HJS","IBD"
0,"CSM7KOOX","IBD"
0.0018,"CSM79HR2","IBD"
0,"CSMACTZP","IBD"
0,"CSM79HQX","IBD"
0,"CSM79HJU","IBD"
0,"CSM79HJO","IBD"
0,"CSMAF72L","IBD"
0,"CSM7KOP2","IBD"
0,"CSM79HJM","IBD"
0,"CSM7KOOT","IBD"
0,"CSM79HQZ","IBD"
0,"CSM7KOOZ","IBD"
0,"CSM79HQV","IBD"
0.00769,"CSM7KORC","IBD"
0,"CSM7KOKT","IBD"
0,"CSM79HL6","IBD"
0,"CSM79HL4","IBD"
0,"CSM7KOKR","IBD"
0,"CSM7KORI","IBD"
0.00597,"CSM7KORG","IBD"
0.04907,"CSM7KORK","IBD"
0,"CSM7KOL2","IBD"
0,"CSM7KOKZ","IBD"
0,"CSM79HKX","IBD"
0,"CSM79HKZ","IBD"
0.05633,"CSM79HNG_P","IBD"
0.021,"CSM79HNE","IBD"
0.08407,"CSM79HNK","IBD"
0.03037,"CSM9X1Y5","IBD"
0.00621,"CSM7KOSH","IBD"
0.02982,"CSM7KOS7","IBD"
0.06829,"CSM79HNI","IBD"
0.02618,"CSM79HNM","IBD"
0.00371,"CSM7KOLY","IBD"
0.01015,"CSM79HJI_P","IBD"
0,"CSM7KOSJ","IBD"
0,"CSM7KOSL","IBD"
0,"CSM79HNW","IBD"
0,"CSM79HNU","IBD"
0,"CSM7KOMB","IBD"
0,"CSM79HNO","IBD"
0,"CSM7KOST","IBD"
0,"CSM7KOSP","IBD"
0,"CSM7KOMH","IBD"
0.07058,"CSM79HNY_P","IBD"
0.31261,"CSM79HR8","IBD"
0.4157,"CSM79HRG","IBD"
0.17763,"CSM9X1ZC","IBD"
0.03487,"CSM7KOOF","IBD"
0.11984,"CSM7KOO9","IBD"
0.13574,"CSM9X1Z4","IBD"
0.83954,"CSM79HRC","IBD"
0.10247,"CSM7KOOD","IBD"
0.2215,"CSM7KOO5","IBD"
0.11676,"CSM79HRE","IBD"
0.10388,"CSM7KOU7_P","IBD"
0.04072,"CSM9X1ZY","IBD"
0.06605,"CSM9X22K","IBD"
0.15591,"CSM7KOP6","IBD"
0,"CSM7KOUB","IBD"
0.38735,"CSM7KOU9","IBD"
0.00798,"CSM7KOPE","IBD"
0.02878,"CSM9X22G","IBD"
0.07468,"CSM9X1ZO","IBD"
0.07385,"CSM7KOP8","IBD"
0.22671,"CSM9X22I","IBD"
0.02897,"CSM9X1ZQ","IBD"
0,"CSM7KOQP_P","IBD"
0,"CSM79HQR_P","IBD"
0,"CSM7KORO","IBD"
0,"CSM7KORU","IBD"
0,"CSM9X1XU","IBD"
0,"CSM7KORM","IBD"
0,"CSM9X1Y3","IBD"
0,"CSM9X21L","IBD"
0,"CSM9X21J","IBD"
0,"CSM7KORS","IBD"
0,"CSM9X21N","IBD"
0,"CSM7KOTS","IBD"
0,"CSM9X235","IBD"
0,"CSM7KOTU","IBD"
0.00647,"CSM9X21T","IBD"
0,"CSM7KOTQ","IBD"
0.02995,"CSM9X237","IBD"
0,"CSM7KOTO","IBD"
0,"CSM9X233","IBD"
0,"CSM9X222","IBD"
0.01791,"CSM9X23B","IBD"
0,"CSM9X1YV","IBD"
0,"CSM9X21R","IBD"
0,"CSM7KOQ5_P","IBD"
0.03498,"CSM7KOUJ_P","IBD"
0.09,"CSM7KOUL","IBD"
0.12669,"CSM9X22S","IBD"
0.06014,"CSM9X219","IBD"
0.09811,"CSM9X23N","IBD"
0.13969,"CSM7KOUN","IBD"
0.03411,"CSM9X22U","IBD"
0.1648,"CSM9X213","IBD"
0.00156,"CSM9X23H","IBD"
0.42892,"CSM9X211","IBD"
0.01953,"CSM9X215","IBD"
0,"ESM5MEBA_P","IBD"
0,"ESM5ME9G_P","IBD"
0.24957,"ESM5MEDZ_P","IBD"
0.01687,"HSM5MEE5_P","IBD"
0.03384,"ESM5ME9D_P","IBD"
0.12192,"ESM5MEE2_P","IBD"
0.04803,"ESM5MEE6_P","IBD"
0.02854,"ESM5MEBE","IBD"
0.05275,"ESM5MECQ","IBD"
0.03262,"ESM5MEBG","IBD"
0.04343,"ESM5GEXY","IBD"
0.04023,"ESM5MECL","IBD"
0.08144,"ESM5MEBI","IBD"
0,"ESM5GEZ3_P","Healthy"
0,"ESM5MEBP_P","Healthy"
0,"ESM5GEYU_P","Healthy"
0,"ESM5GEZ1_P","Healthy"
0,"ESM5ME9H_P","Healthy"
0.27105,"ESM5GEYX_P","IBD"
0.0224,"ESM5MEEJ_P","IBD"
0.09188,"ESM5GEZ6_P","IBD"
0.1132,"ESM5GEZA_P","IBD"
0.04274,"ESM5GEZ4_P","IBD"
0.08892,"ESM5MEC5","IBD"
0.26829,"ESM5MEDU","IBD"
1.17228,"ESM5MEBU","IBD"
0.12435,"ESM5MEC3","IBD"
0.09205,"ESM5MEBS","IBD"
0.66845,"ESM5ME9U","IBD"
0.67092,"ESM718SY","IBD"
0,"ESM5MEC9","IBD"
0.57301,"ESM5GEYW_P","IBD"
0,"ESM5GEYY_P","IBD"
0,"ESM5MEAB_P","IBD"
0,"ESM5MEA7_P","IBD"
0,"ESM5MEA9_P","IBD"
0.00134,"ESM5MEDP_P","IBD"
0.58592,"ESM5MEDN","IBD"
0.01551,"ESM718UH","IBD"
1.04913,"ESM5MEDF","IBD"
0.07291,"ESM7F5CB","IBD"
0.24857,"ESM7F5AK","IBD"
0.15199,"ESM7F5CD","IBD"
0.03159,"ESM5MEDK","IBD"
0.2306,"ESM7F5CF","IBD"
0.01596,"ESM7F5AM","IBD"
0.14405,"ESM5MEDD","IBD"
0.26986,"ESM5MEB9_P","IBD"
0.00266,"ESM718TM","IBD"
0.01897,"ESM9IEP1","IBD"
0.00591,"ESM7F5C5","IBD"
0,"ESM718T9","IBD"
0.03535,"ESM718TF","IBD"
0.00462,"ESM7F5C7","IBD"
0.33485,"ESM5MEB7","IBD"
0.02103,"ESM718TK","IBD"
0.0689,"ESM718V4","IBD"
0.35247,"ESM718V8","IBD"
0.00849,"ESM718T7","IBD"
0.0359,"ESM5MED2","IBD"
0.08175,"ESM7F5AE_P","IBD"
0.1163,"ESM5MEC7_P","IBD"
0,"ESM718U9_P","IBD"
0,"HSM5FZBQ_P","IBD"
0,"HSM5MD5H_P","IBD"
0,"HSM5MD5K_P","IBD"
0,"HSM5FZBP_P","IBD"
0,"HSM5FZC2_P","IBD"
0,"HSM5MD7W_P","IBD"
0,"HSM5FZBR_P","IBD"
0,"HSM67VDZ","IBD"
0,"HSM67VE4","IBD"
0,"HSM5MD79","IBD"
0,"HSM5FZBZ","IBD"
0,"HSM5MD7J","IBD"
0,"HSM5MD4U_P","IBD"
0,"HSM5MD4W_P","IBD"
0,"HSM5MD4Y","IBD"
0,"HSM7CYZT","IBD"
0,"HSM67VDP","IBD"
0,"HSM5MD53","IBD"
0,"HSM7CZ14","IBD"
0,"HSM6XRSI","IBD"
0,"HSM6XRSG","IBD"
0,"HSM7CYZV","IBD"
0,"HSM5MD5P","IBD"
0,"HSM5MD4B_P","IBD"
0,"HSM5MD4A_P","IBD"
0,"HSM5MD49_P","IBD"
0,"HSM5MD7O","IBD"
0,"HSM5MD7M","IBD"
0,"HSM67VEG","IBD"
0,"HSM5MD7Q","IBD"
0,"HSM5MD7S","IBD"
0,"HSM67VEC","IBD"
0,"HSM7CYXC","IBD"
0,"HSM5MD7U","IBD"
0,"HSM67VEI","IBD"
0,"HSM67VEM_TR","IBD"
0,"HSM67VEE","IBD"
0,"HSM7CYXA","IBD"
0,"HSM5MD48","IBD"
0,"HSM7CYX6","IBD"
0,"HSM7CYX8","IBD"
0,"HSM5MD7K","IBD"
0,"HSM67VEK","IBD"
0,"HSM7CYX4","IBD"
0,"HSM67VEM","IBD"
0,"HSM7CYX2","IBD"
0.18365,"HSM5MD4P_P","IBD"
0.03711,"HSM5MD7Z_P","IBD"
0.0355,"HSM7CYXQ","IBD"
0.07971,"HSM67VHS","IBD"
0.33854,"HSM67VHQ","IBD"
0.21868,"HSM67VI1","IBD"
0.05741,"HSM7CYXS","IBD"
0.07063,"HSM67VHW","IBD"
0.26937,"HSM5MD4O","IBD"
0.1436,"HSM5MD4N","IBD"
0.11386,"HSM6XRSN","IBD"
0.10878,"HSM6XRST","IBD"
0.13229,"HSM7CZ2J_P","Healthy"
0.14171,"HSM7CZ2L_P","Healthy"
0.68876,"HSM6XRT6_P","Healthy"
0.17785,"HSM6XRT2_P","Healthy"
0.06511,"CSM7CZ2F_P","Healthy"
0.0949,"HSM5MD57_P","Healthy"
0.31289,"HSM67VG6_P","Healthy"
0.32568,"HSM6XRSZ_P","Healthy"
0.11695,"HSM67VFX_P","Healthy"
0.59679,"HSM5MD5F_P","Healthy"
0.23825,"HSM6XRSX_P","Healthy"
0.05964,"HSM5MD5D_P","Healthy"
0.28265,"HSM5MD8A_P","Healthy"
0,"HSM67VG2_P","Healthy"
0.35832,"HSM6XRT4_P","Healthy"
0.04807,"HSM5MD5B_P","Healthy"
0.0725,"HSM5MD59_P","Healthy"
0.51923,"HSM7CZ2H","Healthy"
0.22473,"HSM67VFX","Healthy"
0.1066,"HSM5MD5D","Healthy"
0.25413,"HSM6XRSX","Healthy"
0.23283,"HSM67VFZ","Healthy"
0.32594,"HSM5MD5B","Healthy"
0.0899,"HSM67VG8","Healthy"
0,"HSM67VGI_P","Healthy"
0,"HSM7CYYV_P","Healthy"
0,"HSM67VGA_P","Healthy"
0,"HSM6XRTA_P","Healthy"
0,"HSM6XRTC_P","Healthy"
0,"HSM5MD8P_P","Healthy"
0,"HSM5MD8D_P","Healthy"
0,"HSM6XRTE_P","Healthy"
0,"HSM7CYYR_P","Healthy"
0.01262,"HSM67VGE_P","Healthy"
0,"HSM5MD82_P","Healthy"
0,"HSM6XRTG_P","Healthy"
0,"HSM5MD8L_P","Healthy"
0,"HSM5MD8B_P","Healthy"
0,"HSM5MD8N_P","Healthy"
0,"HSM67VGA","Healthy"
0,"HSM6XRT8","Healthy"
0,"HSM67VGC","Healthy"
0,"HSM67VGK","Healthy"
0,"HSM67VGG","Healthy"
0,"HSM6XRTG","Healthy"
0,"HSM67VGK_TR","Healthy"
0,"HSM5MD47_P","IBD"
0.02654,"HSM5MD44_P","IBD"
0.13571,"HSM5MD87_P","IBD"
0.16809,"HSM5MD43_P","IBD"
0.62192,"HSM6XRTQ","IBD"
0.00497,"HSM5MD3Y","IBD"
0.03698,"HSM6XRTM","IBD"
0.09465,"HSM67VH1","IBD"
0.24083,"HSM5MD43","IBD"
0.11568,"HSM6XRTS","IBD"
0.04984,"HSM5MD41","IBD"
0.80628,"HSM67VGY","IBD"
0.09891,"HSM6XRTO","IBD"
0,"HSM5MD8J_P","IBD"
0.00294,"HSM5MD8F_P","IBD"
0,"HSM5MD8H_P","Healthy"
0.03819,"HSM5MD6I_P","Healthy"
0.10839,"HSM5MD6K_P","Healthy"
0.00589,"HSM5MD6E_P","Healthy"
0,"HSM5MD6M","Healthy"
0.14715,"HSM6XRVK","Healthy"
0.00992,"HSM6XRVA","Healthy"
0.22549,"HSM7J4QZ","Healthy"
0.09702,"HSM5MD6K","Healthy"
0.01416,"HSM6XRVC_TR","Healthy"
0,"HSM6XRRJ","Healthy"
0.03992,"HSM5MD6I","Healthy"
0.03279,"HSM7J4R2","Healthy"
0.01339,"HSM6XRVC","Healthy"
2.66797,"HSM5MD3L_P","IBD"
0.54631,"HSM6XRS2","IBD"
0.17693,"HSM7J4QT","IBD"
0.21225,"HSM5MD6C","IBD"
0,"HSM5MD66","IBD"
1.86786,"HSM6XRVM","IBD"
0.64059,"HSM6XRVO","IBD"
0.27773,"HSM6XRRV","IBD"
0.92475,"HSM5MD6A","IBD"
1.051,"HSM5MD6A_TR","IBD"
0.21666,"HSM6XRVU","IBD"
0.63583,"HSM6XRVW","IBD"
1.34469,"HSM5MD5X_P","IBD"
0,"HSM7J4QJ","IBD"
0,"HSM6XRS8","IBD"
0,"HSM7J4QD","IBD"
0.29481,"HSM5MD75","IBD"
0,"HSM7CYZD","IBD"
0,"HSM6XRS4","IBD"
0,"HSM6XRSE","IBD"
0,"HSM7CYZF","IBD"
0,"HSM7CYZB","IBD"
0,"HSM6XRS6","IBD"
0,"HSM7J4QB","IBD"
0,"HSM7J4QH","IBD"
0,"HSM7CYZ9","IBD"
0.1388,"HSM5MD71","IBD"
0,"HSM7J4QL","IBD"
0.1324,"HSM5MD73","IBD"
0,"HSM7CYZ5","IBD"
0,"HSM7CYZ7","IBD"
0.08574,"HSM5MD6Y","IBD"
0.02482,"HSM5MD62","IBD"
0,"HSM7J4QF","IBD"
0,"HSM5MD5Z_P","Healthy"
0,"HSM5MD6O_P","Healthy"
0.02229,"HSM5MD6S_P","Healthy"
0.05738,"HSM5MD6U_P","Healthy"
0,"HSM7CYXI","Healthy"
0.03809,"HSM5MD6Q","Healthy"
0.04716,"HSM7CYXG","Healthy"
0.01829,"HSM7J4KO","Healthy"
0.00713,"HSM7CYXE","Healthy"
0.12672,"HSM5MD6W","Healthy"
0.00353,"HSM7CYXO","Healthy"
0.00232,"HSM7J4KQ","Healthy"
0.00648,"HSM67VF3","Healthy"
0.0086,"HSM7J4I3","Healthy"
0.01038,"HSM6XRQB_P","IBD"
0,"HSM67VHK","IBD"
0,"HSM6XRQI","IBD"
0.01688,"HSM67VFH","IBD"
0,"HSM7CYYB","IBD"
0,"HSM6XRQO","IBD"
0.09472,"HSM7CYY5","IBD"
0.08078,"HSM67VFF","IBD"
0.03865,"HSM7CYY3","IBD"
0,"HSM6XRQK","IBD"
0.01279,"HSM6XRQB","IBD"
0,"HSM67VFD","IBD"
0.23064,"HSM67VFJ","IBD"
0,"HSM6XRQM","IBD"
0.17874,"HSM7CYY7","IBD"
0,"HSM67VF9","IBD"
0.197,"HSM7CYYD","IBD"
0.06629,"HSM7CYY9","IBD"
0,"HSM6XRQC_P","Healthy"
0,"HSM7CYYP","Healthy"
0.00507,"HSM6XRQY","Healthy"
0,"HSM7J4LF","Healthy"
0,"HSM6XRQS","Healthy"
0,"HSM6XRQW","Healthy"
0.01453,"HSM67VFR","Healthy"
0.08266,"HSM7CYYF","Healthy"
0.05958,"HSM6XRQU","Healthy"
0.02574,"HSM7J4LD","Healthy"
0.12046,"HSM7CYYH","Healthy"
0,"HSM6XRQE_P","IBD"
0,"HSM7J4PK","IBD"
0.34015,"HSM6XRR5","IBD"
0.93813,"HSM6XRV2","IBD"
0.35971,"HSM7J4PC","IBD"
0.61376,"HSM6XRUZ","IBD"
1.93653,"HSM7J4M4","IBD"
1.28471,"HSM7J4PI","IBD"
0.80139,"HSM7J4M6","IBD"
0.31736,"HSM7J4PE","IBD"
0.592,"HSM6XRR7","IBD"
0.94332,"HSM7J4PM","IBD"
0.26835,"HSM6XRUX","IBD"
0.70732,"HSM7J4M8","IBD"
0.50366,"HSM7J4PG","IBD"
1.3141,"HSM7J4ME","IBD"
0.24068,"HSM6XRV4","IBD"
0.45766,"HSM7J4MC","IBD"
0.60802,"HSM7J4MA","IBD"
0.38601,"HSM6XRV8","IBD"
0.02426,"HSM6XRRD","IBD"
0,"HSM6XRRB","IBD"
0.17561,"HSM6XRV6","IBD"
0.05618,"HSM67VCX_P","IBD"
0.21145,"HSM7J4PU","IBD"
0.69978,"HSM67VHH","IBD"
0.70993,"HSM67VHD","IBD"
1.53881,"HSM7J4IO","IBD"
0.24609,"HSM7J4PW","IBD"
0.10511,"HSM7J4PY","IBD"
0.14748,"HSM7J4IS","IBD"
0.27533,"HSM67VCZ","IBD"
0.0913,"HSM7J4IP","IBD"
0.3783,"HSM67VD6","IBD"
0.39049,"HSM7J4PO","IBD"
0.03678,"HSM67VHB","IBD"
0.12941,"HSM67VD4","IBD"
0.01687,"HSM6XRR3","IBD"
0.10229,"HSM7J4PS","IBD"
0.34488,"HSM7J4IR","IBD"
0.07376,"HSM7J4PQ","IBD"
0.54522,"HSM7J4IQ","IBD"
0.20165,"HSM67VHF","IBD"
0.12323,"HSM6XRUV","IBD"
0.27293,"HSM67VD2","IBD"
0.30934,"HSM67VHJ","IBD"
1.52809,"HSM67VDX_P","Healthy"
1.53739,"HSM67VEW","Healthy"
1.54897,"HSM7J4IW","Healthy"
0.38565,"HSM7J4G1","Healthy"
1.24522,"HSM7J4IU","Healthy"
0.53799,"HSM67VEQ","Healthy"
2.38154,"HSM7J4G8","Healthy"
1.8848,"HSM7CYZL","Healthy"
1.51329,"HSM7J4RE","Healthy"
0.48928,"HSM7CYZJ","Healthy"
0.45876,"HSM67VEO","Healthy"
0.94249,"HSM7CYZR","Healthy"
0.97781,"HSM67VEU","Healthy"
1.39343,"HSM67VES","Healthy"
0.11659,"HSM67VDR_P","Healthy"
0.07772,"HSM7CZ18","Healthy"
0.03868,"HSM7J4HG","Healthy"
0.47599,"HSM7CZ16","Healthy"
0.01056,"HSM7J4KG","Healthy"
0.00513,"HSM7J4HA","Healthy"
0.03475,"HSM7J4HK","Healthy"
0.00041,"HSM7CZ1G","Healthy"
0.13311,"HSM7J4KM","Healthy"
0.00519,"HSM6XRUN","Healthy"
0.07788,"HSM7J4KI","Healthy"
0.0288,"HSM6XRUL","Healthy"
0.00252,"HSM7J4HE","Healthy"
0,"HSM7CZ1E","Healthy"
0,"HSM7J4HI","Healthy"
0.00909,"HSM7J4HC","Healthy"
0.00418,"HSM6XRQ8","Healthy"
0.00513,"HSM7J4KC","Healthy"
0,"HSM6XRUR","Healthy"
0.31934,"HSM7CZ1C","Healthy"
0.18613,"HSM7J4KK","Healthy"
0.04969,"HSM7CZ1A","Healthy"
0,"HSM67VDT_P","Healthy"
0,"HSM7J4I9","Healthy"
0,"HSM7CZ2A","Healthy"
0,"HSM7CZ24","Healthy"
0,"HSM7J4I7","Healthy"
0,"HSM7J4I5","Healthy"
0,"HSM67VI7","Healthy"
0,"HSM7CZ2E","Healthy"
0,"HSM7J4HW","Healthy"
0,"HSM7J4O5","Healthy"
0,"HSM7CZ26","Healthy"
0,"HSM67VI3","Healthy"
0,"HSM7CZ28","Healthy"
0,"HSM7J4NY","Healthy"
0,"HSM67VI5","Healthy"
0,"HSM7J4O1","Healthy"
0,"HSM7J4O3","Healthy"
0,"HSM67VDT","Healthy"
0,"HSM7J4HY","Healthy"
0,"HSM67VIB","Healthy"
0.00915,"HSM7J4O9","Healthy"
0,"HSM67VI9","Healthy"
0,"HSM7J4O7","Healthy"
0.05867,"HSM7CZ1T_P","IBD"
0.1161,"HSMA33O3","IBD"
0.57753,"HSMA33O1","IBD"
0.40525,"HSM7CZ22","IBD"
0.59112,"HSM7J4NE","IBD"
0.40166,"HSM7J4NC","IBD"
0.42347,"HSM7CZ1Z","IBD"
0.2249,"HSM7J4GR","IBD"
0.3384,"HSM7J4NM","IBD"
0.16787,"HSM7J4GP","IBD"
0.52962,"HSM7CZ1V","IBD"
0.12501,"HSM67VIJ_P","IBD"
0.04623,"HSM67VID","IBD"
0.18963,"HSM67VIF","IBD"
0.00619,"HSM7J4N4","IBD"
0.01473,"HSM7J4NA","IBD"
0,"HSM67VIL","IBD"
0,"HSM7J4GD","IBD"
0,"HSM7J4MY","IBD"
0,"HSM7J4N8","IBD"
0.00045,"HSM7J4N6","IBD"
0.17293,"HSM7CYWS_P","IBD"
0,"HSMA33JZ","IBD"
0.57766,"HSM7CZ2Z","IBD"
0,"HSM7J4OP","IBD"
0.00899,"HSM7J4OV","IBD"
0,"HSM7CZ32","IBD"
0,"HSM7J4ON","IBD"
0.019,"HSM7J4OT","IBD"
0,"HSM7CZ36","IBD"
0,"HSM7J4L9","IBD"
0,"HSM7J4L5","IBD"
0,"HSM7J4OX","IBD"
0,"HSM7CZ38","IBD"
0.11062,"HSM7CZ2V_P","IBD"
0.01243,"HSM7J4PA","IBD"
0,"HSM7CZ3G","IBD"
0.04372,"HSM7CZ3E","IBD"
0.04823,"HSMA33JD","IBD"
0.03829,"HSM7J4MK","IBD"
0.02054,"HSM7CZ3C","IBD"
0.03096,"HSM7CZ3A","IBD"
0.42691,"HSM7J4OB","IBD"
0.05491,"HSM7J4OE","IBD"
0.06972,"HSMA33JB","IBD"
0.04672,"HSM7J4OL","IBD"
0.00498,"HSM7J4Q3_P","IBD"
0,"HSM7J4OZ","IBD"
0,"HSM7J4MS","IBD"
0,"HSM7J4MW","IBD"
0,"HSM7J4Q7","IBD"
0,"HSMA33JR","IBD"
0,"HSMA33MV","IBD"
0.40252,"HSM7J4IC","IBD"
0,"HSM7J4Q9","IBD"
0,"HSM7J4Q1","IBD"
0,"HSMA33JN","IBD"
0,"HSM7J4P2","IBD"
0,"HSMA33JP","IBD"
0.31141,"HSM7CZ2X_P","IBD"
0,"HSM7J4KA","IBD"
0,"HSM7J4K4","IBD"
0,"HSMA33MI","IBD"
0.17811,"HSMA33OP","IBD"
0.05173,"HSMA33MK","IBD"
0.13536,"HSMA33OT","IBD"
0.24351,"HSM7J4JZ","IBD"
0,"HSMA33MG","IBD"
0.25623,"HSMA33ME","IBD"
0.09127,"HSMA33OR","IBD"
0.4149,"HSM7J4HU","IBD"
1.39062,"HSM7J4HS","IBD"
0.05769,"HSMA33MC","IBD"
0.43621,"HSM7J4K8","IBD"
0.47927,"HSM7J4K6","IBD"
0.68444,"HSMA33MA","IBD"
0.08784,"HSM7J4K2","IBD"
0.19989,"HSMA33OX","IBD"
0.25517,"HSM7J4HQ","IBD"
0.34058,"HSM7J4HO","IBD"
0.88914,"HSM7J4HM","IBD"
0.05804,"HSMA33OV","IBD"
0.15069,"HSMA33OZ","IBD"
0,"HSMA33NG_P","IBD"
0,"HSMA33KO","IBD"
0,"HSM7J4J9","IBD"
0,"HSMA33KE","IBD"
0,"HSMA33Q6","IBD"
0,"HSMA33PX","IBD"
0,"HSMA33KM","IBD"
0,"HSM7J4J7","IBD"
0,"HSMA33NA","IBD"
0,"HSMA33NC","IBD"
0,"HSM7J4JD","IBD"
0,"HSM7J4JF","IBD"
0,"HSMA33PZ","IBD"
0,"HSM7J4LP","IBD"
0,"HSM7J4JH","IBD"
0,"HSM7J4JN","IBD"
0,"HSMA33NQ","IBD"
0,"HSMA33KQ","IBD"
0,"HSM7J4JP","IBD"
0,"HSMA33L1","IBD"
0,"HSMA33PL","IBD"
0,"HSMA33KU","IBD"
0,"HSMA33PN","IBD"
0,"HSMA33KS","IBD"
0,"HSM7J4JJ","IBD"
0,"HSMA33NO","IBD"
0,"HSM7J4JT_P","IBD"
0.02511,"HSMA33M2","IBD"
0.00351,"HSMA33M8","IBD"
0.03569,"HSMA33OD","IBD"
0.12511,"HSM7J4NS","IBD"
0,"HSMA33OL","IBD"
0.07264,"HSM7J4NU","IBD"
0.00517,"HSMA33OJ","IBD"
0.10329,"HSMA33LX","IBD"
0,"HSMA33LZ","IBD"
0,"HSM7J4NO","IBD"
0,"HSM7J4JV_P","IBD"
0,"HSMA33IO","IBD"
0,"HSMA33N4","IBD"
0,"HSMA33MX","IBD"
0.14634,"HSMA33IS","IBD"
0.00624,"HSMA33MZ","IBD"
0.31664,"HSMA33RF","IBD"
0.06751,"HSMA33RD","IBD"
0.27682,"HSMA33R9","IBD"
0.02301,"HSMA33QY","IBD"
0,"HSMA33IE","IBD"
0.0045,"HSMA33R7","IBD"
0,"HSMA33S4","IBD"
0.00584,"HSMA33IK","IBD"
0,"HSMA33IG","IBD"
0,"HSMA33R1","IBD"
0.00276,"HSMA33R5","IBD"
0.02559,"HSMA33LP","IBD"
0.0621,"HSMA33P2_P","IBD"
0.21153,"HSMA33LB","IBD"
0,"HSMA33RR","IBD"
0,"HSMA33LH","IBD"
0,"HSMA33LH_TR","IBD"
0.06889,"HSMA33NW","IBD"
0.31911,"HSMA33P6","IBD"
0,"HSMA33LJ","IBD"
0,"HSMA33RT","IBD"
0,"HSMA33RX_TR","IBD"
0.95902,"HSMA33IC","IBD"
0.13077,"HSMA33IA","IBD"
0,"HSMA33RX","IBD"
0.02081,"HSMA33J1_P","Healthy"
0.2657,"HSMA33SG","Healthy"
0.05859,"HSMA33J7","Healthy"
0.27462,"HSMA33J9","Healthy"
0.09557,"HSMA33NY","Healthy"
0.35488,"HSMA33SI","Healthy"
0.34878,"HSMA33SK","Healthy"
0.03126,"HSMA33MS","Healthy"
0.07853,"HSMA33J5","Healthy"
0.19221,"HSMA33QM","Healthy"
0.35302,"HSMA33SE","Healthy"
0,"HSMA33QO","Healthy"
0.03251,"HSMA33J3","Healthy"
0,"MSM5LLD6_P","IBD"
0,"MSM5LLI4_P","IBD"
0,"MSM5LLHQ_P","IBD"
0,"MSM5LLHX_P","IBD"
0,"MSM5LLI6_P","IBD"
0,"MSM5LLI2_P","IBD"
0,"MSM5LLI8_P","IBD"
0,"MSM5LLDU","IBD"
0,"MSM6J2LB","IBD"
0,"MSM5LLDE","IBD"
0,"MSM5LLDS","IBD"
0,"MSM5LLDI","IBD"
0,"MSM5LLDK","IBD"
0,"MSM5LLDA","IBD"
0,"MSM5LLDM","IBD"
0,"MSM5LLDC","IBD"
0,"MSM5LLDQ","IBD"
0,"MSM5LLE9_P","IBD"
0,"MSM5LLE3_P","IBD"
0,"MSM5FZ9N_P","IBD"
0,"MSM633FF_P","IBD"
0.07699,"MSM5FZ9X_P","IBD"
0.00446,"MSM5FZA2_P","IBD"
0,"MSM5ZOJY_P","IBD"
0.00564,"MSM5LLGF_P","IBD"
0.00841,"MSM5LLGH_P","IBD"
0,"CSM5LLGB_P","IBD"
0,"MSM5LLGD_P","IBD"
0.00053,"MSM5LLGJ_P","IBD"
0,"MSM6J2J1","IBD"
0,"MSM6J2QR","IBD"
0,"MSM6J2IQ","IBD"
0.0016,"MSM5LLGL","IBD"
0.01343,"MSM6J2IY","IBD"
0.09835,"MSM5LLIG_P","IBD"
0.07834,"MSM5LLIE_P","IBD"
0.0948,"MSM5LLHR_P","IBD"
0.05891,"MSM5LLIK_P","IBD"
0.2537,"MSM5LLIM_P","IBD"
0,"MSM5LLER","IBD"
0.08527,"MSM5LLEP","IBD"
0,"MSM6J2LT","IBD"
0,"MSM5LLHV_P","IBD"
0,"MSM5LLHE_P","IBD"
0.00339,"MSM5LLHG_P","IBD"
0.23995,"MSM5LLIC_P","IBD"
0,"MSM5LLHI_P","IBD"
0.02628,"MSM5LLHO_P","IBD"
0,"MSM6J2JB","IBD"
0.04812,"MSM6J2J3","IBD"
0.07051,"MSM6J2J5","IBD"
0.04964,"MSM6J2JD","IBD"
0.02341,"MSM6J2PK","IBD"
0.09145,"MSM6J2PM","IBD"
0,"MSM5LLFK_P","IBD"
0,"MSM5LLFM_P","IBD"
0,"MSM5LLFU_P","IBD"
0,"MSM5LLIQ_P","IBD"
0,"MSM5LLFO_P","IBD"
0,"MSM6J2HH","IBD"
0,"MSM6J2OH","IBD"
0,"MSM6J2HJ","IBD"
0,"MSM6J2HD","IBD"
0,"MSM6J2HF","IBD"
0,"MSM6J2HL","IBD"
0,"MSM6J2ON","IBD"
0,"MSM6J2OL","IBD"
0,"MSM6J2OP","IBD"
0,"MSM79HEA","IBD"
0,"MSM6J2OJ","IBD"
0,"MSM5LLHA_P","IBD"
0.03034,"MSM5LLH2_P","IBD"
0.00121,"MSM5LLIS_P","IBD"
0,"MSM5LLH8_P","IBD"
4e-04,"MSM5LLH4_P","IBD"
0.8171,"MSM6J2KM","IBD"
1.55278,"MSM6J2KE","IBD"
3.77382,"MSM6J2RA","IBD"
0.04378,"MSM5LLHC","IBD"
0.87034,"MSM6J2R8","IBD"
0.05026,"MSM6J2KC","IBD"
0.55058,"MSM6J2R2","IBD"
0.61555,"MSM6J2RC","IBD"
0,"MSM5LLFG_P","IBD"
0.02025,"MSM5LLGR_P","IBD"
0,"MSM5LLGN_P","IBD"
0,"MSM6J2II","IBD"
0,"MSM79H67","IBD"
0,"MSM6J2IM","IBD"
0,"MSM6J2Q3","IBD"
0,"MSM6J2IG","IBD"
0,"MSM6J2QD","IBD"
0,"MSM79H69","IBD"
0,"MSM6J2IE","IBD"
0,"MSM6J2Q9","IBD"
0,"MSM6J2QB","IBD"
0.00061,"MSM6J2IO","IBD"
0,"MSM6J2IK","IBD"
0,"MSM79H65","IBD"
0,"MSM79H63","IBD"
0,"MSM6J2Q5","IBD"
0,"MSM6J2Q7","IBD"
0,"MSM79H6B","IBD"
0.34046,"MSM5LLF2_P","IBD"
0,"MSM79HBP","IBD"
0,"MSM5LLF4","IBD"
0,"MSM79HBV","IBD"
0,"MSM79HBT","IBD"
0,"MSM6J2MJ","IBD"
0,"MSM79HBN","IBD"
0,"MSM6J2LH","IBD"
0,"MSM5LLF8","IBD"
0,"MSM6J2LR","IBD"
0,"MSM6J2ML","IBD"
0,"MSM6J2MB","IBD"
0,"MSM6J2LL","IBD"
0,"MSM79HBR","IBD"
0,"MSM6J2LJ","IBD"
0,"MSM6J2MH","IBD"
0,"MSM6J2MF","IBD"
0,"MSM5LLF6","IBD"
0,"MSM6J2MD","IBD"
0,"MSM6J2LN","IBD"
0.00547,"CSM6J2H9_P","Healthy"
0,"MSM6J2HP","Healthy"
0,"MSM79H5U","Healthy"
0.00762,"MSM6J2QJ","Healthy"
0.07041,"MSM79HAH","Healthy"
0.01781,"MSM79H5S","Healthy"
0,"MSM6J2QH","Healthy"
0,"MSM79H5Q","Healthy"
0,"MSM6J2QF","Healthy"
0,"MSM6J2QP","Healthy"
0,"MSM79H5Y","Healthy"
0,"MSM6J2HR","Healthy"
0,"MSM6J2QL","Healthy"
0,"MSM6J2HT","Healthy"
0,"MSM6J2HN","Healthy"
0.02689,"MSM6J2JF_P","Healthy"
0.00836,"MSM79HEW","Healthy"
0,"MSM6J2JP","Healthy"
0,"MSM6J2LV","Healthy"
0.02827,"MSM79HB6","Healthy"
0.00149,"MSM79HEU","Healthy"
0,"MSM79HEY","Healthy"
0,"MSM6J2SI","Healthy"
0.24246,"MSM79HES","Healthy"
0,"MSM6J2JT","Healthy"
0,"MSM6J2SE","Healthy"
0,"MSM6J2SK","Healthy"
0,"MSM6J2JR","Healthy"
0,"MSM6J2JN","Healthy"
2.38934,"MSM6J2JH_P","Healthy"
0.1481,"MSM79H6F","Healthy"
0.87208,"MSM6J2K8","Healthy"
0.2204,"MSM6J2K2","Healthy"
0.33957,"MSM6J2JZ","Healthy"
1.05191,"MSM79H9Y","Healthy"
0.70087,"MSM6J2KA","Healthy"
0.27425,"MSM79H6H","Healthy"
0.38692,"MSM6J2RO","Healthy"
0.95177,"MSM79HA7","Healthy"
0.35764,"MSM79H6L","Healthy"
0.16979,"MSM79HA3","Healthy"
1.36183,"MSM79H6J","Healthy"
0.15222,"MSM6J2RS","Healthy"
0.28657,"MSM6J2K6","Healthy"
0.07478,"MSM6J2RM","Healthy"
0.38947,"MSM79H6N","Healthy"
1.37201,"MSM79HA1","Healthy"
0.76094,"MSM79H6D","Healthy"
0.95024,"MSM6J2RK","Healthy"
4.92357,"MSM6J2RU","Healthy"
0.10174,"MSM6J2K4","Healthy"
0.86245,"MSM6J2RQ","Healthy"
1.46263,"MSM6J2PQ_P","Healthy"
0.93707,"MSM6J2PU","Healthy"
0.75756,"MSM6J2PO","Healthy"
1.1004,"MSM9VZNH_TR","Healthy"
0.46192,"MSM6J2PW","Healthy"
1.38794,"MSM9VZNL","Healthy"
0.27478,"MSM79H7Y","Healthy"
0.60007,"MSM79HC8","Healthy"
1.18155,"MSM9VZNH","Healthy"
0.20279,"MSM79H7W","Healthy"
0.29344,"MSM6J2PS","Healthy"
0.03283,"MSM79H7O","Healthy"
0.33901,"MSM79HC4","Healthy"
0.20131,"MSM79H7Q","Healthy"
0.22499,"MSM6J2M3_P","Healthy"
0.14137,"MSM79H6Y","Healthy"
0.11576,"MSM79HBB","Healthy"
0.08067,"MSM6J2LY","Healthy"
0.2097,"MSM6J2M3","Healthy"
0.07344,"MSM79HBL","Healthy"
0.03557,"MSM79HFW","Healthy"
0.02572,"MSM79HFY","Healthy"
0.01974,"MSM6J2Q1","Healthy"
0.10364,"MSM6J2LW","Healthy"
0.10944,"MSM6J2RG_P","IBD"
0.93882,"MSM6J2N6_P","IBD"
0,"MSM79H52_P","Healthy"
0,"MSM79H9K","Healthy"
0,"MSM79H5A","Healthy"
0,"MSM79H9C","Healthy"
0,"MSM79H54","Healthy"
0,"MSM79H58","Healthy"
0,"MSM9VZFH","Healthy"
0,"MSM79H9G","Healthy"
0,"MSM9VZFF","Healthy"
0,"MSM79H9A","Healthy"
0,"MSM9VZPT","Healthy"
0,"MSM9VZF7","Healthy"
10.00518,"MSM9VZGS","Healthy"
2.33176,"MSM9VZHF","Healthy"
5.70632,"MSM9VZGU","Healthy"
1.09989,"MSM79H5E","Healthy"
2.5604,"MSM79H9Q","Healthy"
2.91189,"MSM9VZGO","Healthy"
1.5,"MSM79H5G","Healthy"
1.10735,"MSM9VZHB","Healthy"
8.24655,"MSM9VZLJ","Healthy"
2.49408,"MSM79H9M","Healthy"
0.96703,"MSM79H9W","Healthy"
2.12605,"MSM79H5K","Healthy"
5.77879,"MSM79H5M","Healthy"
0.50987,"MSM79HF1_P","IBD"
4.74692,"MSM79HF9_TR","IBD"
0.58364,"MSMA26ER","IBD"
5.22157,"MSM79HF9","IBD"
2.60482,"MSM79HF3","IBD"
0.9179,"MSM9VZLP","IBD"
2.08602,"MSM9VZLR","IBD"
0.80763,"MSMA26ET","IBD"
4.38038,"MSM9VZLT","IBD"
0.11175,"MSMA26EZ","IBD"
3.67614,"MSM79HAJ","IBD"
0.58413,"MSM79HAT","IBD"
0.31035,"MSMA2688","IBD"
1.66665,"MSM79HAL","IBD"
2.34922,"MSM9VZLV","IBD"
0.92396,"MSM79HF5","IBD"
0.7818,"MSM9VZLN","IBD"
0.57308,"MSM79HAR","IBD"
2.60217,"MSM79HAN","IBD"
0.24372,"MSM9VZLL","IBD"
0.65799,"MSM79HF7","IBD"
3.31767,"MSM79HFB","IBD"
1.6643,"MSM79H9U_P","IBD"
0.01592,"MSM79HBX_P","IBD"
0.08363,"MSM79HDO","IBD"
1.09282,"MSM9VZEK_TR","IBD"
0.4365,"MSMA26AN","IBD"
0.0992,"MSM79HDS","IBD"
0.17066,"MSM9VZEK","IBD"
0.13678,"MSM79HDQ_TR","IBD"
0.73144,"MSM79HDM","IBD"
0.07064,"MSMA26AR","IBD"
0.57926,"MSMA26AL","IBD"
0.31903,"MSM9VZES","IBD"
0.37069,"MSM7J16N","IBD"
0.12859,"MSM7J16J","IBD"
0.18314,"MSMA26AT","IBD"
0.05595,"MSM9VZEM","IBD"
0.11584,"MSM79HDQ","IBD"
0,"MSM9VZJB","IBD"
0.13115,"MSMA26AP","IBD"
0.27805,"MSM79HDK","IBD"
0.00936,"MSM79HDU","IBD"
0.19135,"MSM9VZEO","IBD"
0.18537,"MSM7J16P","IBD"
0.09262,"MSM9VZEQ","IBD"
0.09271,"MSM7J16R","IBD"
0.08221,"MSM7J16L","IBD"
0.02836,"MSM79H98","IBD"
0.00316,"MSM79HD8_P","IBD"
0,"MSMA26EP","IBD"
0,"MSMA26EH","IBD"
0,"MSM79HBZ","IBD"
0,"MSM9VZOU","IBD"
0.80655,"MSMA26EN","IBD"
0.34922,"MSMA26EL","IBD"
0,"MSM9VZF5","IBD"
0,"MSM79HDA","IBD"
0,"MSM79HDG","IBD"
0,"MSM9VZOY","IBD"
0,"MSM9VZF1","IBD"
0,"MSMA26EJ","IBD"
0,"MSM9VZP3","IBD"
0,"MSM79HDI","IBD"
0,"MSM9VZOS","IBD"
0,"MSM79HDG_TR","IBD"
0,"MSM9VZP1","IBD"
0,"MSM9VZEU","IBD"
0,"MSM9VZEW","IBD"
0,"MSM9VZF3","IBD"
0,"MSM79HDE","IBD"
0,"MSM79HDC","IBD"
0,"MSM9VZOW","IBD"
0,"MSM9VZEY","IBD"
0.01225,"MSM79HD6_P","IBD"
0.23794,"MSMA26AX","IBD"
0.45024,"MSMA26AV","IBD"
0.08996,"MSMA26AZ_TR","IBD"
0,"MSM79H7M","IBD"
0.08286,"MSMB4LZ4","IBD"
0.11678,"MSMA26AZ","IBD"
0.20632,"MSM79H7E","IBD"
0.04056,"MSM79H7G","IBD"
0.07656,"MSM79H7C","IBD"
0.0274,"MSM79HCN_P","Healthy"
3.99095,"MSM9VZHL","Healthy"
0.14733,"MSM79HCR","Healthy"
0.34606,"MSM9VZOK","Healthy"
1.7342,"MSM9VZHT","Healthy"
0,"MSM9VZOQ","Healthy"
1.97756,"MSM9VZHP","Healthy"
0,"MSM9VZHJ","Healthy"
1.34734,"MSM79H89","Healthy"
0.06625,"MSM9VZOO","Healthy"
0.19957,"MSM79HCK","Healthy"
0.54032,"MSM9VZHR","Healthy"
1.59017,"MSM79H8B","Healthy"
0.09109,"MSM9VZOI","Healthy"
0.88748,"MSM79H81","Healthy"
0.28016,"MSM79HCI","Healthy"
0.70493,"MSM9VZOM","Healthy"
0.14863,"MSM79HCP","Healthy"
2.29104,"MSM9VZHN","Healthy"
0.94365,"MSM79H85","Healthy"
0.75845,"MSM79H87","Healthy"
0.90893,"MSM9VZOG","Healthy"
0.94335,"MSM79HCG","Healthy"
0.98124,"MSM79H83","Healthy"
0.077,"MSM79H8J_P","Healthy"
0.0527,"MSM9VZGY","Healthy"
0.17285,"MSM9VZH7","Healthy"
0.14892,"MSM79H8H","Healthy"
0.025,"MSM79H8L","Healthy"
0.4196,"MSM9VZGW","Healthy"
0.00455,"MSM79H8F","Healthy"
0.19127,"MSMAPC7J","Healthy"
0.0045,"MSM79H8N","Healthy"
0.04448,"MSM79H8D","Healthy"
0.11222,"MSM9VZJZ","Healthy"
0,"MSM79H94_P","Healthy"
0,"MSM9VZHZ","Healthy"
0,"MSMB4LZC","Healthy"
0,"MSM9VZME","Healthy"
0,"MSMAPC7P","Healthy"
0,"MSMAPC7R","Healthy"
0,"MSMAPC7T","Healthy"
0,"MSM9VZMA_TR","Healthy"
0,"MSM9VZI2","Healthy"
0,"MSM9VZHX","Healthy"
0,"MSM9VZI6","Healthy"
0,"MSM9VZMC","Healthy"
0,"MSM9VZMA","Healthy"
0,"MSM9VZMI","Healthy"
0.11416,"MSM9VZFJ_P","Healthy"
0.49959,"MSMA26BV","Healthy"
0.52281,"MSMA26BR","Healthy"
0.55495,"MSM9VZKC","Healthy"
0.41081,"MSM9VZFT","Healthy"
0.24357,"MSMA26BX","Healthy"
0.32192,"MSM9VZFN","Healthy"
0.11565,"MSM9VZFL","Healthy"
1.48092,"MSMB4LZ8","Healthy"
0.34465,"MSM9VZKI","Healthy"
0.68194,"MSMA26BN","Healthy"
0.09559,"MSM9VZFR","Healthy"
0.19697,"MSM9VZKE","Healthy"
0.4436,"MSMA26BT","Healthy"
0,"MSM9VZN4_P","IBD"
0.00615,"MSM9VZLX_P","IBD"
0,"MSM9VZLZ","IBD"
0,"MSM9VZIO","IBD"
0,"MSMAPC5B","IBD"
0,"MSM9VZIM","IBD"
0,"MSMAPC57","IBD"
0,"MSMB4LZP","IBD"
0,"MSMAPC59","IBD"
0,"MSM9VZNR","IBD"
0,"MSM9VZNZ","IBD"
0,"MSM9VZIW","IBD"
0,"MSMAPC5D","IBD"
0,"MSM9VZIS","IBD"
0,"MSMB4LZR","IBD"
0.38928,"MSMAPC55","IBD"
0,"MSM9VZIQ","IBD"
0,"MSM9VZO2","IBD"
0,"MSM9VZIU","IBD"
0,"MSM9VZNX","IBD"
0.14308,"MSMB4LZV","Healthy"
0.05181,"MSMB4LZX","Healthy"
0,"MSM9VZLD","Healthy"
0.01652,"MSM9VZLF","Healthy"
0,"MSM9VZL7","Healthy"
0,"MSMA26BD","Healthy"
0.01672,"MSM9VZLH","Healthy"
0.05445,"MSMAPC6O","Healthy"
0.01649,"MSMA26BH","Healthy"
0.0415,"MSMA26BJ","Healthy"
0,"MSM9VZMO","Healthy"
0.00733,"MSMA26BF","Healthy"
0.05911,"MSMAPC6M","Healthy"
0.00078,"MSM9VZMW","Healthy"
0,"MSM9VZMS","Healthy"
0.01512,"MSMB4LZZ","Healthy"
0.00163,"MSMA26BL","Healthy"
0.03252,"MSM9VZL9","Healthy"
0.09898,"MSMAPC6K","Healthy"
0.00265,"MSMA26BB","Healthy"
0,"MSM9VZMU","Healthy"
0.00771,"MSM9VZLB","Healthy"
0.00126,"MSM9VZMM","Healthy"
0,"MSM9VZM4_P","IBD"
0.21148,"MSM9VZPN","IBD"
0.05442,"MSMAPC6A","IBD"
0.00871,"MSM9VZIY","IBD"
0.0018,"MSMA26CV","IBD"
0.07524,"MSMB4LYB","IBD"
0.27707,"MSM9VZPH","IBD"
0.01483,"MSMAPC6C","IBD"
0.08984,"MSM9VZPL","IBD"
0.01379,"MSMAPC6E","IBD"
0.10508,"MSMAPC6G","IBD"
0,"MSMA26CX","IBD"
0.59485,"MSMB4LXY","IBD"
0.04097,"MSM9VZJ3","IBD"
0,"MSM9VZJJ_P","IBD"
1.32473,"MSM9VZJF_P","IBD"
0.15592,"MSMB4LXW","Healthy"
0,"MSMA26DG","Healthy"
0,"MSMAPC5H","Healthy"
1.5879,"MSMB4LXS","Healthy"
0.01796,"MSMAPC5L","Healthy"
0.3048,"MSMA26DI","Healthy"
0.02907,"MSMB4LZK","Healthy"
0.02167,"MSMA26DM","Healthy"
0.07498,"MSMA26DO","Healthy"
0.04765,"MSMA26DK","Healthy"
0.03053,"MSM9VZL5","Healthy"
2.22665,"MSMAPC66","IBD"
4.13483,"MSMAPC64","IBD"
2.3082,"MSMB4LYH","IBD"
0.29065,"MSMA2684","IBD"
0.83812,"MSMA267X","IBD"
0.77199,"MSMAPC5Z","IBD"
2.66148,"MSMA267V","IBD"
0.0439,"PSM6XBQM_P","IBD"
0.61151,"PSM6XBQY","IBD"
0.83895,"PSM6XBQY_TR","IBD"
0.07203,"PSM6XBT1","IBD"
0.17687,"PSM7J13E","IBD"
0.26916,"PSM6XBQS","IBD"
0.02952,"PSM6XBSU","IBD"
0.00789,"PSM7J136","IBD"
0.06794,"PSM6XBQU","IBD"
0.06162,"PSM6XBR1","IBD"
0.16689,"PSM7J1CC","IBD"
0.24948,"PSM7J1CI","IBD"
0,"PSM7J1CG","IBD"
0.0351,"PSM7J1C8","IBD"
0.08377,"PSM6XBSS","IBD"
0,"PSM7J13U_P","IBD"
0,"PSM7J1CS_P","IBD"
0.47553,"PSM6XBSC_P","IBD"
0.18603,"PSM7J1CK_P","IBD"
0.35015,"PSM6XBTF_P","IBD"
0,"PSM7J13Y_P","IBD"
0.08278,"PSM6XBTH_P","IBD"
0,"PSM7J143_P","IBD"
0.23461,"PSM6XBTN_P","IBD"
0.15606,"PSM6XBS2_P","IBD"
0.80765,"PSM6XBS4_P","IBD"
0.29858,"PSM6XBRK_P","IBD"
0.89513,"PSM6XBRK_TR","IBD"
0.27437,"PSM6XBRK","IBD"
0.50649,"PSM6XBS8","IBD"
0.19706,"PSM6XBSA","IBD"
0,"PSM7J1CU","IBD"
0,"PSM7J13Y","IBD"
0.67187,"PSM6XBTP","IBD"
0.88078,"PSM6XBS4","IBD"
0.24727,"PSM6XBTL","IBD"
0,"PSM7J141","IBD"
0.05866,"PSM6XBRM_P","IBD"
0.80933,"PSM6XBUI","IBD"
0.05419,"PSM6XBSO","IBD"
0.08272,"PSM6XBV2","IBD"
0.92816,"PSM7J14T","IBD"
0.0858,"PSM6XBSM","IBD"
0.20615,"PSM7J18M","IBD"
0.0469,"PSM6XBUG","IBD"
0,"PSM7J14L","IBD"
0,"PSM6XBV4","IBD"
0.15214,"PSM6XBSI","IBD"
0.07009,"PSM6XBSK","IBD"
2.47029,"PSM7J14N","IBD"
0.12166,"PSM7J18K","IBD"
0.13293,"PSM6XBUO","IBD"
0.56248,"PSM7J14P","IBD"
0.16264,"PSM6XBUM","IBD"
1.41885,"PSM7J18I","IBD"
0.58331,"PSM7J18G","IBD"
0.18487,"PSM6XBUK","IBD"
0.37003,"PSM7J18E","IBD"
0.08424,"PSM6XBUQ","IBD"
0.63894,"PSM7J14R","IBD"
0.00446,"PSM6XBSE_P","IBD"
0,"PSM6XBSE","IBD"
0,"PSM7J1BD","IBD"
0.05294,"PSM6XBVO","IBD"
0.11191,"PSM6XBVM","IBD"
0.04956,"PSM6XBVK","IBD"
0.13559,"PSM7J1B9","IBD"
0.00279,"PSM7J1B7","IBD"
0.18987,"PSM6XBVI","IBD"
0.02121,"PSM7J18Q","IBD"
0.00592,"PSM7J1BF","IBD"
0.05565,"PSM6XBVS","IBD"
0.05216,"PSM7J1BB","IBD"
0.07642,"PSM6XBVQ","IBD"
0,"PSM6XBSG_P","IBD"
0,"PSM7J16H","IBD"
0,"PSM7J16B","IBD"
0,"PSM6XBT9","IBD"
0,"PSM6XBT5","IBD"
0,"PSM6XBT3","IBD"
0,"PSM6XBT7","IBD"
0,"PSM7J12F","IBD"
0,"PSM7J1AM","IBD"
0,"PSM6XBTB","IBD"
0,"PSM7J1AO","IBD"
0,"PSM7J169","IBD"
0,"PSM7J16F","IBD"
0,"PSM7J1AU","IBD"
0,"PSM7J1AQ","IBD"
0,"PSM7J12D","IBD"
0,"PSM7J193","IBD"
0,"PSM7J1AS","IBD"
0,"PSM7J12B","IBD"
0,"PSM7J127","IBD"
0.02598,"PSM6XBTZ_P","Healthy"
0.15049,"PSM7J1DF","Healthy"
0.1433,"PSM6XBTX","Healthy"
0.13126,"PSM7J14X","Healthy"
0.07756,"PSM7J156","Healthy"
0.10583,"PSM7J1DL","Healthy"
0.19332,"PSM6XBU2","Healthy"
0.17218,"PSM7J154","Healthy"
0.08272,"PSM6XBTT","Healthy"
0.01038,"PSM6XBTR","Healthy"
0.4121,"PSM6XBVY_P","IBD"
0.45281,"PSM7J19F","IBD"
1.3322,"PSM7J19H","IBD"
0.49531,"PSMA265N","IBD"
0.84599,"PSM7J15I","IBD"
3.04913,"PSM7J17T","IBD"
1.60343,"PSM7J15A","IBD"
0.61273,"PSM7J158","IBD"
0.40838,"PSM7J15G","IBD"
0.23277,"PSMA265T","IBD"
0.4697,"PSM7J19J","IBD"
1.09659,"PSM7J17L","IBD"
0.44711,"PSM7J19B","IBD"
0,"PSM7J199","IBD"
0.14042,"PSM6XBW1_P","Healthy"
0.01378,"PSM7J171","Healthy"
0.09914,"PSM7J16U","Healthy"
0.74597,"PSM7J19R","Healthy"
0.46769,"PSM7J16Y","Healthy"
0.20059,"PSM7J16W","Healthy"
0.07844,"PSM7J19N","Healthy"
0.03411,"PSM7J173","Healthy"
0.00654,"PSM7J19T","Healthy"
0.02778,"PSM7J19P","Healthy"
0,"PSM7J19X_P","Healthy"
0,"PSM7J17X","Healthy"
0,"PSM6XBW3","Healthy"
0,"PSM7J19Z","Healthy"
0.23639,"PSM7J15U","Healthy"
0,"PSM7J15M","Healthy"
0,"PSM7J1A6","Healthy"
0,"PSM7J1A2","Healthy"
0.0318,"PSMA265H","Healthy"
0.17478,"PSM7J1A4","Healthy"
0,"PSM7J15O","Healthy"
0,"PSM7J15K","Healthy"
0,"PSMA265F","Healthy"
0,"PSM7J17V","Healthy"
0,"PSM7J15Q","Healthy"
0,"PSM7J186","Healthy"
0.04235,"PSM7J15S","Healthy"
0,"PSM7J17Z","Healthy"
0.04169,"PSMA265D","Healthy"
0.08944,"PSMA265L","Healthy"
0,"PSM7J184","Healthy"
0,"PSM7J1A8","Healthy"
0,"PSM7J182","Healthy"
0.25413,"PSMA265J","Healthy"
0.25413,"PSMA265J_TR","Healthy"
0,"PSM7J1BN_P","IBD"
0,"PSM7J1BL","IBD"
0,"PSM7J1BJ","IBD"
0,"PSM7J1BP","IBD"
0,"PSM7J1BR","IBD"
0,"PSMA263W","IBD"
0,"PSM7J12J","IBD"
0,"PSMA263U","IBD"
0,"PSMA263S","IBD"
0,"PSM7J12R","IBD"
0,"PSMA263M","IBD"
0,"PSM7J1C2_P","IBD"
1.03493,"PSM7J1BX","IBD"
0.11453,"PSM7J1C4","IBD"
0.03274,"PSM7J1BV","IBD"
0.21575,"PSM7J12V","IBD"
0.04288,"PSMA264K","IBD"
0.13031,"PSM7J12Z","IBD"
0.53136,"PSM7J1B3_P","IBD"
0,"PSM7J17F","IBD"
0,"PSM7J17D","IBD"
0,"PSM7J179","IBD"
0,"PSM7J17B","IBD"
0.4724,"PSM7J15W","IBD"
0,"PSM7J163","IBD"
0,"PSMA2668","IBD"
0,"PSM7J161","IBD"
0.03577,"PSMA2651_P","IBD"
0.08745,"PSM7J13K","IBD"
0.07924,"PSMA265B","IBD"
0.1883,"PSMA2653","IBD"
0.1466,"PSM7J13I","IBD"
0.26192,"PSMA267H","IBD"
0.01464,"PSM7J13M","IBD"
0.0313,"PSMA2659","IBD"
0.20341,"PSMA267F","IBD"
0.02054,"PSMA267D","IBD"
0.00822,"PSM7J13Q","IBD"
0.31969,"PSMB4MC7","IBD"
0.08622,"PSMA264Q","IBD"
1.09383,"PSMB4MBK","IBD"
0.12624,"PSMA264S","IBD"
0,"PSMA264O","IBD"
0.19858,"PSMA264W","IBD"
0.23456,"PSMA267R","IBD"
0.07471,"PSMA264U","IBD"
0.03184,"PSMB4MBI","IBD"
0.06073,"PSMA267P","IBD"
0.01912,"PSMA267J","IBD"
0.25567,"PSM7J4EF","IBD"
0.44347,"PSMA266Q","IBD"
0.59148,"PSMA269G","IBD"
1.30341,"PSMA266O","IBD"
0.363,"PSMA266I","IBD"
1.08793,"PSMB4MBS","IBD"
1.81971,"PSMA266M","IBD"
0.52879,"PSMA269O","IBD"
0,"PSMA266U","IBD"
0,"PSMB4MC5","IBD"
0,"PSMB4MC3","IBD"
0,"PSMA269S","IBD"
0,"PSMA2671","IBD"
0,"PSMA266Y","IBD"
0,"PSMA26A3","IBD"
0,"PSMA2675","IBD"
0,"PSMA269W","IBD"
0,"PSMA265X","IBD"
0,"PSMA26A1","IBD"
0,"PSMB4MC1","IBD"
0,"SKST006_7_G102965","IBD"
0,"SKST006_9_G103014","IBD"
0,"SKST006_6_G102964","IBD"
0,"SKST006_5_G102963","IBD"
0,"SKST006_3_G102961","IBD"
0,"SKST006_1_G102959","IBD"
0,"SKST006_4_G102962","IBD"
0,"SKST006_2_G102960","IBD"
0,"SKST006_10_G102994","Healthy"
0.07206,"SKST007_8_G102999","Healthy"
0.08102,"SKST007_2_G102967","Healthy"
0.13864,"SKST007_1_G102966","Healthy"
0.69096,"SKST007_6_G102995","Healthy"
0.39019,"SKST007_3_G102949","Healthy"
0.49677,"SKST007_7_G103016","Healthy"
0.07818,"SKST007_4_G102948","Healthy"
0,"SKST010_6_G103004","Healthy"
2.4278,"SKST010_3_G102970","Healthy"
0.31397,"SKST010_4_G102956","Healthy"
0.50022,"SKST010_7_G103003","Healthy"
0.06038,"SKST010_2_G102969","Healthy"
2.65876,"SKST010_1_G102968","Healthy"
0.90193,"SKST010_5_G102990","Healthy"
0.34309,"SKST010_8_G102998","Healthy"
0.37732,"SKST011_7_G103017","Healthy"
0.02703,"SKST011_8_G103000","Healthy"
1.14696,"SKST011_3_G102973","Healthy"
0.17431,"SKST011_4_G102952","Healthy"
0.74715,"SKST011_5_G102993","Healthy"
0.13195,"SKST011_1_G102971","Healthy"
1.04811,"SKST011_2_G102972","Healthy"
0.45405,"SKST011_6_G103002","Healthy"
0.77617,"SKST012_2_G102975","Healthy"
0.56446,"SKST012_3_G102950","Healthy"
1.31097,"SKST012_6_G102997","Healthy"
0.3251,"SKST012_5_G102992","Healthy"
0.35602,"SKST012_1_G102974","Healthy"
0.88295,"SKST012_4_G102954","Healthy"
0,"SKST014_4_G102979","IBD"
0,"SKST014_3_G102978","IBD"
5.93228,"SKST014_7_G102940","IBD"
0,"SKST014_1_G102976","IBD"
1.42847,"SKST014_6_G102951","IBD"
0,"SKST014_2_G102977","IBD"
0,"SKST014_5_G102980","IBD"
0,"SKST023_4_G102937","Healthy"
0,"SKST023_6_G103009","Healthy"
0,"SKST023_7_G103015","Healthy"
0,"SKST023_5_G103007","Healthy"
0,"SKST023_3_G102941","Healthy"
0,"SKST023_1_G102981","Healthy"
0,"SKST023_2_G102987","Healthy"
0.01703,"SKST024_5_G103001","Healthy"
2.96971,"SKST024_8_G103031","Healthy"
4.08816,"SKST024_2_G102953","Healthy"
0.29253,"SKST024_1_G102982","Healthy"
2.561,"SKST024_7_G103022","Healthy"
4.00057,"SKST024_6_G103012","Healthy"
2.27528,"SKST024_4_G102938","Healthy"
4.96585,"SKST024_3_G102944","Healthy"
0,"SKST025_6_G103010","IBD"
0,"SKST025_4_G102939","IBD"
0,"SKST025_5_G103006","IBD"
0,"SKST025_1_G102983","IBD"
0,"SKST025_9_G103021","IBD"
0,"SKST025_3_G102942","IBD"
0,"SKST025_2_G102986","IBD"
0,"SKST027_12_G103011","IBD"
0,"SKST027_10_G102936","IBD"
0,"SKST027_1_G102984","IBD"
0,"SKST027_6_G102955","IBD"
0.00318,"SKST027_9_G102947","IBD"
0,"SKST027_11_G102996","IBD"
0,"SKST027_2_G102985","IBD"
0,"SKST027_4_G102958","IBD"
0.01524,"SKST027_3_G102945","IBD"
0,"SKST032_1_G102943","IBD"
0,"SKST032_3_G102989","IBD"
0,"SKST032_5_G103024","IBD"
0,"SKST032_4_G103008","IBD"
0,"SKST032_2_G102946","IBD"
0,"SKST036_2_G103020","Healthy"
0,"SKST036_1_G103013","Healthy"
0.13267,"SKST036_3_G103025","Healthy"
0,"SKST037_3_G103026","Healthy"
0.26198,"SKST037_2_G103023","Healthy"
0,"SKST041_1_G103005","Healthy"
0,"SKST041_2_G103027","Healthy"
0,"SKST041_3_G103028","Healthy"
0.11915,"p8582_mo9","IBD"
0.29058,"p8582_mo3","IBD"
0.31419,"p8582_mo6","IBD"
0.17491,"p8582_mo7","IBD"
0.03995,"p8582_mo4","IBD"
0.25943,"p8582_mo5","IBD"
0.26578,"p8582_mo2","IBD"
0.16547,"p8582_mo1","IBD"
0.12886,"p8582_mo12","IBD"
0.23407,"p8582_mo8","IBD"
0.25138,"p8582_mo10","IBD"
0.21475,"p8582_mo11","IBD"
6.86869,"p8585_mo2","IBD"
2.80451,"p8585_mo3","IBD"
1.41404,"p8585_mo6","IBD"
1.31191,"p8585_mo4","IBD"
1.86869,"p8585_mo8","IBD"
2.44791,"p8585_mo9","IBD"
1.02225,"p8585_mo1","IBD"
1.75926,"p8585_mo7","IBD"
0,"p8600_mo4","IBD"
0,"p8600_mo3","IBD"
0,"p8600_mo6","IBD"
0,"p8600_mo5","IBD"
0,"p8600_mo1","IBD"
0,"p8600_mo12","IBD"
0,"p8600_mo7","IBD"
0,"p8600_mo11","IBD"
0,"p8600_mo10","IBD"
0,"p8600_mo2","IBD"
0,"p8600_mo9","IBD"
0,"p8600_mo8","IBD"
4.43029,"p8646_mo1","IBD"
4.54298,"p8646_mo3","IBD"
5.59795,"p8646_mo2","IBD"
0.58851,"p8646_mo4","IBD"
2.99085,"p8646_mo12","IBD"
5.19408,"p8646_mo10","IBD"
6.24482,"p8646_mo9","IBD"
2.61187,"p8646_mo11","IBD"
1.34155,"p8646_mo8","IBD"
1.43215,"p8646_mo7","IBD"
3.92789,"p8646_mo5","IBD"
1.40106,"p8646_mo6","IBD"
0,"p8649_mo5","IBD"
0.01037,"p8649_mo11","IBD"
1.84712,"p8649_mo10","IBD"
0.85946,"p8649_mo9","IBD"
1.36464,"p8649_mo12","IBD"
0.34975,"p8649_mo8","IBD"
0.99613,"p8649_mo4","IBD"
2.13381,"p8649_mo7","IBD"
2.17011,"p8649_mo2","IBD"
1.77775,"p8649_mo3","IBD"
2.02775,"p8649_mo1","IBD"
1.26135,"p8649_mo6","IBD"
0,"p8712_mo11","IBD"
0,"p8712_mo12","IBD"
0,"p8712_mo10","IBD"
0,"p8712_mo6","IBD"
0,"p8712_mo9","IBD"
0,"p8712_mo5","IBD"
0.66266,"p8712_mo1","IBD"
0,"p8712_mo8","IBD"
0,"p8712_mo7","IBD"
0,"p8712_mo2","IBD"
0,"p8712_mo3","IBD"
0.00073,"p8712_mo4","IBD"
10.07873,"p8748_mo11","IBD"
5.15839,"p8748_mo9","IBD"
1.13646,"p8748_mo8","IBD"
3.53845,"p8748_mo10","IBD"
2.25514,"p8748_mo7","IBD"
8.23723,"p8748_mo12","IBD"
0.77436,"p8748_mo6","IBD"
0.98619,"p8748_mo5","IBD"
0.48516,"p8748_mo4","IBD"
1.45408,"p8775_mo11","IBD"
0.9693,"p8775_mo10","IBD"
0.57759,"p8775_mo9","IBD"
1.19019,"p8775_mo5","IBD"
1.96021,"p8775_mo4","IBD"
1.51832,"p8775_mo3","IBD"
1.28169,"p8775_mo6","IBD"
1.14414,"p8775_mo7","IBD"
1.54263,"p8775_mo8","IBD"
0.65418,"p8775_mo12","IBD"
0.91047,"p8775_mo2","IBD"
3.40288,"p8775_mo1","IBD"
0,"p8808_mo10","IBD"
0,"p8808_mo6","IBD"
0,"p8808_mo9","IBD"
0,"p8808_mo5","IBD"
0,"p8808_mo4","IBD"
0,"p8808_mo12","IBD"
0,"p8808_mo8","IBD"
0,"p8808_mo7","IBD"
0,"p8808_mo11","IBD"
2.05604,"p8816_mo9","IBD"
1.72076,"p8816_mo11","IBD"
2.23461,"p8816_mo8","IBD"
2.77393,"p8816_mo7","IBD"
2.34755,"p8816_mo4","IBD"
4.7098,"p8816_mo6","IBD"
1.85544,"p8816_mo3","IBD"
2.30039,"p8816_mo5","IBD"
1.36533,"p8816_mo12","IBD"
1.68766,"p8816_mo10","IBD"
4.52513,"p8816_mo2","IBD"
1.4756,"p8816_mo1","IBD"
0,"p8855_mo10","IBD"
0,"p8855_mo8","IBD"
0,"p8855_mo9","IBD"
0,"p8855_mo3","IBD"
0,"p8855_mo11","IBD"
0,"p8855_mo4","IBD"
0,"p8855_mo12","IBD"
0,"p8883_mo4","IBD"
0,"p8883_mo10","IBD"
0.94783,"p8883_mo12","IBD"
0,"p8883_mo9","IBD"
0,"p8883_mo8","IBD"
0,"p8883_mo6","IBD"
0.23224,"p8883_mo11","IBD"
0,"p8883_mo3","IBD"
0,"p8883_mo2","IBD"
0,"p8883_mo7","IBD"
0.70473,"p9061_mo6","IBD"
0.90684,"p9061_mo2","IBD"
1.38624,"p9061_mo7","IBD"
1.15588,"p9061_mo5","IBD"
1.40914,"p9061_mo4","IBD"
0.73497,"p9061_mo1","IBD"
0.88878,"p9061_mo3","IBD"
0.63947,"p9061_mo8","IBD"
1.50223,"p9193_mo7","IBD"
1.8284,"p9193_mo6","IBD"
0.69654,"p9193_mo4","IBD"
1.54347,"p9193_mo1","IBD"
0.28175,"p9193_mo2","IBD"
1.41682,"p9193_mo5","IBD"
0,"p9216_mo2","IBD"
0.68657,"p9216_mo1","IBD"
0.27575,"p9216_mo5","IBD"
0.28661,"p9216_mo6","IBD"
0.17932,"p9216_mo8","IBD"
1.59709,"p9216_mo3","IBD"
0.30322,"p9216_mo4","IBD"
0.60448,"p9216_mo7","IBD"
0.47868,"p9220_mo1","Healthy"
0.30831,"p9220_mo7","Healthy"
1.09005,"p9220_mo2","Healthy"
2.01982,"p9220_mo3","Healthy"
0.42476,"p9220_mo5","Healthy"
1.07662,"p9220_mo6","Healthy"
0.52353,"p9220_mo4","Healthy"
5.95829,"p9223_mo5","Healthy"
2.02209,"p9223_mo4","Healthy"
0.65572,"p9223_mo6","Healthy"
4.37542,"p9223_mo7","Healthy"
4.07435,"p9223_mo3","Healthy"
4.1584,"p9223_mo8","Healthy"
3.41184,"p9223_mo1","Healthy"
3.00798,"p9223_mo2","Healthy"
0,"p9281_mo6","Healthy"
0.57719,"p9281_mo3","Healthy"
0.97544,"p9281_mo1","Healthy"
1.19783,"p9281_mo5","Healthy"
1.01685,"p9281_mo4","Healthy"
1.3344,"p9281_mo2","Healthy"
0,"S1_a_WGS","IBD"
0,"S5_a_WGS","IBD"
0,"S3_a_WGS","IBD"
0,"S2_a_WGS","IBD"
0,"S4_a_WGS","IBD"
0,"S57_a_WGS","IBD"
0,"S59_a_WGS","IBD"
0,"S56_a_WGS","IBD"
0,"S60_a_WGS","IBD"
0,"S58_a_WGS","IBD"
3.50135,"S63_a_WGS","IBD"
0.46427,"S65_a_WGS","IBD"
1.41711,"S62_a_WGS","IBD"
11.80654,"S64_a_WGS","IBD"
4.30918,"S66_a_WGS","IBD"
2.37292,"S67_a_WGS","Healthy"
0,"S70_a_WGS","IBD"
0,"S69_a_WGS","IBD"
0,"S68_a_WGS","IBD"
1.4925,"S71_a_WGS","IBD"
7.12606,"S72_a_WGS","Healthy"
2.97291,"S73_a_WGS","Healthy"
3.75919,"S79_a_WGS","Healthy"
0.29401,"S81_a_WGS","IBD"
0.95728,"S82_a_WGS","IBD"
4.94815,"S80_a_WGS","IBD"
2.07749,"S83_a_WGS","IBD"
0,"S84_a_WGS","Healthy"
11.14794,"S87_a_WGS","Healthy"
2.71683,"S6_a_WGS","Healthy"
1.27743,"S101_a_WGS","IBD"
1.5703,"S102_a_WGS","IBD"
0,"S103_a_WGS","IBD"
2.37568,"S139_a_WGS","Healthy"
1.83398,"S117_a_WGS","Healthy"
0.87386,"S140_a_WGS","Healthy"
0,"S15_a_WGS","IBD"
0,"S17_a_WGS","IBD"
0,"S16_a_WGS","IBD"
0,"S13_a_WGS","IBD"
0,"S14_a_WGS","IBD"
3.34006,"S142_a_WGS","Healthy"
2.81695,"S144_a_WGS","Healthy"
10.71095,"S146_a_WGS","Healthy"
0,"S148_a_WGS","IBD"
2.48193,"S149_a_WGS","IBD"
3.39761,"S152_a_WGS","IBD"
0.81486,"S150_a_WGS","IBD"
0.96235,"S151_a_WGS","IBD"
2.26033,"S153_a_WGS","Healthy"
2.61912,"S154_a_WGS","Healthy"
3.53727,"S155_a_WGS","Healthy"
4.43866,"S156_a_WGS","Healthy"
0,"S157_a_WGS","Healthy"
0.5039,"S158_a_WGS","Healthy"
5.4955,"S159_a_WGS","Healthy"
6.45415,"S18_a_WGS","Healthy"
10.60375,"S160_a_WGS","Healthy"
19.34858,"S161_a_WGS","Healthy"
3.29178,"S162_a_WGS","Healthy"
1.70691,"S163_a_WGS","Healthy"
5.61685,"S164_a_WGS","Healthy"
10.35401,"S165_a_WGS","Healthy"
6.5499,"S166_a_WGS","Healthy"
2.35444,"S167_a_WGS","Healthy"
16.97415,"S26_a_WGS","Healthy"
0,"S29_a_WGS","IBD"
0,"S31_a_WGS","IBD"
0,"S27_a_WGS","IBD"
0,"S28_a_WGS","IBD"
0,"S30_a_WGS","IBD"
0.82567,"S128_a_WGS","Healthy"
6.94415,"S130_a_WGS","Healthy"
2.49528,"S132_a_WGS","Healthy"
3.31222,"S134_a_WGS","Healthy"
11.78669,"S119_a_WGS","Healthy"
0.27629,"S32_a_WGS","IBD"
0,"S33_a_WGS","IBD"
0,"S34_a_WGS","IBD"
0.75311,"S36_a_WGS","IBD"
0.0299,"S35_a_WGS","IBD"
5.40587,"S138_a_WGS","Healthy"
0.22616,"S43_a_WGS","Healthy"
9.33114,"S49_a_WGS","IBD"
2.88956,"S45_a_WGS","IBD"
0,"S46_a_WGS","IBD"
1.30554,"S48_a_WGS","IBD"
0.84053,"S47_a_WGS","IBD"
3.01952,"S50_a_WGS","Healthy"
1.12627,"S51_a_WGS","IBD"
0,"S53_a_WGS","IBD"
0.00542,"S52_a_WGS","IBD"
0.00657,"S54_a_WGS","IBD"
1.29417,"S55_a_WGS","IBD"
4.61127,"DLF005-IE","IBD"
0.60238,"DLM006-IE","IBD"
0,"DOM005-IE","IBD"
0.17761,"DOM017-IE","IBD"
1.28675,"MH0192","IBD"
0.14148,"MH0221","IBD"
0.77706,"MH0222","IBD"
6.67226,"MH0234","IBD"
2.83243,"MH0238","IBD"
1.15815,"MH0245","IBD"
0.68142,"MH0246","IBD"
1.36895,"MH0252","IBD"
1.65071,"MH0259","IBD"
0.44831,"MH0260","IBD"
0.07679,"MH0261","IBD"
0.499,"MH0262","IBD"
0.18659,"MH0264","IBD"
0.89087,"MH0265","IBD"
0.29779,"MH0266","IBD"
0.96402,"MH0268","IBD"
0.05472,"MH0270","IBD"
0.68268,"MH0271","IBD"
0.43098,"MH0280","IBD"
0.23742,"MH0281","IBD"
0.09632,"MH0283","IBD"
1.16789,"MH0284","IBD"
1.09619,"MH0290","Healthy"
0.80009,"MH0293","IBD"
0.06195,"MH0297","IBD"
0.2419,"MH0298","IBD"
0.10055,"MH0299","IBD"
0,"MH0301","IBD"
2.932,"MH0303","IBD"
8.6238,"MH0308","IBD"
0.64717,"MH0309","IBD"
0.45833,"MH0310","IBD"
0.19533,"MH0311","IBD"
0.67823,"MH0314","IBD"
2.1658,"MH0315","IBD"
0.34409,"MH0319","IBD"
0.60046,"MH0323","IBD"
0.46459,"MH0325","IBD"
3.15925,"MH0326","IBD"
0.26452,"MH0327","IBD"
0.76081,"MH0328","IBD"
0.5452,"MH0329","IBD"
0.40095,"MH0330","IBD"
0.37795,"MH0332","IBD"
5.94669,"MH0334","IBD"
0,"MH0335","IBD"
0.70281,"MH0336","Healthy"
3.34096,"MH0337","IBD"
0.68132,"MH0338","IBD"
0.70992,"MH0339","IBD"
1.23104,"MH0340","Healthy"
0.37072,"MH0341","IBD"
0.68843,"MH0342","IBD"
0.11519,"MH0343","IBD"
0.93797,"MH0345","IBD"
2.44958,"MH0346","IBD"
0.94318,"MH0347","IBD"
1.06474,"MH0348","IBD"
1.99996,"MH0349","IBD"
4.40076,"MH0350","IBD"
0.2299,"MH0351","IBD"
1.28601,"MH0354","IBD"
1.37343,"MH0355","IBD"
0.71101,"MH0356","IBD"
0.43842,"MH0357","IBD"
0,"MH0358","IBD"
0.27034,"MH0359","IBD"
3.29676,"MH0360","IBD"
1.06525,"MH0361","IBD"
1.15601,"MH0362","IBD"
6.03129,"MH0363","IBD"
1.67649,"MH0364","IBD"
0.16783,"MH0365","IBD"
3.49891,"MH0366","IBD"
1.1364,"MH0367","IBD"
8.77262,"MH0368","IBD"
0.7751,"MH0369","IBD"
0,"MH0370","IBD"
0.61391,"MH0371","IBD"
0.7679,"MH0372","IBD"
0.08918,"MH0373","IBD"
0.81376,"MH0374","IBD"
0,"MH0375","IBD"
0.49067,"MH0376","IBD"
1.57764,"MH0377","IBD"
0.29616,"MH0378","IBD"
0.46589,"MH0379","IBD"
0.64748,"MH0381","IBD"
1.2037,"MH0382","IBD"
4.3371,"MH0383","IBD"
1.51822,"MH0384","IBD"
0.42259,"MH0385","IBD"
4.97283,"MH0386","IBD"
0.49288,"MH0387","IBD"
0.56932,"MH0388","IBD"
0.22785,"MH0389","IBD"
1.07748,"MH0390","IBD"
0.30323,"MH0391","IBD"
2.05757,"MH0392","IBD"
0,"MH0393","IBD"
1.97862,"MH0394","IBD"
0.53727,"MH0395","IBD"
4.57789,"MH0396","IBD"
0.44395,"MH0397","IBD"
2.77315,"MH0398","IBD"
0.54981,"MH0399","IBD"
1.02101,"MH0400","IBD"
1.47345,"MH0401","IBD"
1.1959,"MH0402","IBD"
0.01868,"NLF002-IE","Healthy"
0.77116,"NLF009-IE","Healthy"
0.11624,"NLM009-IE","Healthy"
0.24266,"NLM025-IE","Healthy"
0,"NOF002-IE","Healthy"
0,"NOF007-IE","Healthy"
0,"NOF013-IE","Healthy"
2.98679,"O2.CD1-0-PT","IBD"
0.30182,"O2.CD2-0","IBD"
0.00298,"O2.CD2-0-PT","IBD"
0.3739,"O2.CD3-0-PT","IBD"
1.18019,"O2.CD1-0","IBD"
1.31516,"O2.UC1-1","IBD"
1.72552,"O2.UC11-1","IBD"
2.51971,"O2.UC12-1","IBD"
1.531,"O2.UC13-1","IBD"
1.03154,"O2.UC14-1","IBD"
1.93959,"O2.UC15-1","IBD"
1.13129,"O2.UC15-2","IBD"
0.0216,"O2.UC15-0","IBD"
0.41699,"O2.UC16-1","IBD"
0.71323,"O2.UC17-1","IBD"
1.12258,"O2.UC18-1","IBD"
0,"O2.UC19-1","IBD"
1.81365,"O2.UC2-1","IBD"
4.25303,"O2.UC20-1","IBD"
9.04503,"O2.UC21-1","IBD"
1.017,"O2.UC22-1","IBD"
1.26339,"O2.UC23-1","IBD"
2.29856,"O2.UC24-1","IBD"
0,"O2.UC26-1","IBD"
1.30684,"O2.UC27-1","IBD"
0.73821,"O2.UC28-1","IBD"
6.19812,"O2.UC28-2","IBD"
3.06266,"O2.UC28-0","IBD"
2.74504,"O2.UC29-1","IBD"
0.67803,"O2.UC3-1","IBD"
2.34525,"O2.UC30-1","IBD"
4.17677,"O2.UC31-1","IBD"
1.98919,"O2.UC32-1","IBD"
0.35845,"O2.UC35-1","IBD"
0.31547,"O2.UC36-1","IBD"
0.24124,"O2.UC36-0","IBD"
0,"O2.UC37-1","IBD"
0.12974,"O2.UC38-1","IBD"
0.45757,"O2.UC4-1","IBD"
1.43832,"O2.UC40-1","IBD"
0.83313,"O2.UC41-1","IBD"
0.39873,"O2.UC43-1","IBD"
1.76367,"O2.UC44-1","IBD"
1.19713,"O2.UC46-1","IBD"
0.97098,"O2.UC47-1","IBD"
0.68353,"O2.UC48-1","IBD"
0.38988,"O2.UC5-1","IBD"
0,"O2.UC6-2","IBD"
0,"O2.UC6-0","IBD"
0,"O2.UC6-1","IBD"
0,"O2.UC7-1","IBD"
0.01161,"O2.UC7-0","IBD"
0.26777,"O2.UC8-0","IBD"
0.27902,"O2.UC8-1","IBD"
2.05941,"O2.UC8-2","IBD"
1.50112,"O2.UC9-1","IBD"
1.03099,"V1.CD1-0-PN","IBD"
0,"V1.CD1-0-PT","IBD"
1.38484,"V1.CD1-3-PN","IBD"
0.00456,"V1.CD12-3","IBD"
2.9723,"V1.CD2-0-PN","IBD"
0.21934,"V1.CD2-0-PT","IBD"
0.00194,"V1.CD3-0-PN","IBD"
0.00774,"V1.CD3-0-PT","IBD"
0,"V1.CD3-3-PN","IBD"
8.14635,"V1.CD32-0","IBD"
1.17981,"V1.CD32-4","IBD"
1.37391,"V1.CD37-4","IBD"
0.93555,"V1.CD4-0-PN","IBD"
0,"V1.CD4-0-PT","IBD"
0.83596,"V1.CD40-0","IBD"
0.68687,"V1.CD43-0","IBD"
1.50561,"V1.CD44-0","IBD"
0.24381,"V1.CD44-4","IBD"
0.82932,"V1.CD45-0","IBD"
1.22246,"V1.CD46-0","IBD"
0.21525,"V1.CD48-0","IBD"
2.8424,"V1.CD49-0","IBD"
0,"V1.CD5-0-PN","IBD"
2.09575,"V1.CD50-0","IBD"
1.15569,"V1.CD51-0","IBD"
8.45171,"V1.CD52-0","IBD"
0.02798,"V1.CD53-0","IBD"
0.00103,"V1.CD54-0","IBD"
1.74219,"V1.CD55-0","IBD"
2.47359,"V1.CD6-0-PN","IBD"
2.20099,"V1.CD6-0-PT","IBD"
0,"V1.CD7-0-PN","IBD"
3.25646,"V1.CD8-0-PN","IBD"
5.70943,"V1.FI01","IBD"
1.10868,"V1.FI02","IBD"
0.33757,"V1.FI03","IBD"
0.4653,"V1.FI04","IBD"
0.00571,"V1.FI05","IBD"
4.62811,"V1.FI06","IBD"
2.16078,"V1.FI07","IBD"
0.75118,"V1.FI08","IBD"
3.55884,"V1.FI09","IBD"
0,"V1.FI10","IBD"
1.12184,"V1.FI11","IBD"
0.97012,"V1.FI12","IBD"
1.34617,"V1.FI13","IBD"
2.15076,"V1.FI14","IBD"
0.84897,"V1.FI15","IBD"
0.99811,"V1.FI16","IBD"
0.86829,"V1.FI17","IBD"
0.00071,"V1.FI18","IBD"
1.66929,"V1.FI19","IBD"
0.40333,"V1.FI20","IBD"
0,"V1.FI21","IBD"
0.00019,"V1.FI22","IBD"
0,"V1.FI23","IBD"
0.91973,"V1.FI24","IBD"
1.54976,"V1.FI25","IBD"
2.20996,"V1.FI26","IBD"
8.76353,"V1.FI27","IBD"
13.63059,"V1.FI28","IBD"
0.58678,"V1.FI29","IBD"
2.84229,"V1.FI30","IBD"
5.45888,"V1.FI31","IBD"
1.14493,"V1.FI32","IBD"
0.87162,"V1.FI33","IBD"
0.24691,"V1.FI34","IBD"
0.0681,"V1.FI35","IBD"
0.50196,"V1.FI36","IBD"
2.84719,"V1.FI37","IBD"
0.00822,"V1.CD20-0","IBD"
9.77751,"V1.UC22-1","IBD"
4.06598,"V1.UC38-4","IBD"
1.5476,"V1.UC39-4","IBD"
1.38006,"V1.UC40-1","IBD"
2.22275,"V1.UC47-4","IBD"
0.25975,"V1.UC54-4","IBD"
0.27408,"V1.UC56-1","IBD"
2.08587,"V1.UC58-4","IBD"
0,"V1.UC59-4","IBD"
0.4197,"V1.UC59-0","IBD"
3.14505,"V1.UC60-0","IBD"
2.25432,"V1.UC63-0","IBD"
0.62056,"V1.UC64-0","IBD"
0.27912,"MH0001","Healthy"
1.10049,"MH0002","Healthy"
3.17913,"MH0003","Healthy"
0.50516,"MH0004","Healthy"
3.05426,"MH0005","Healthy"
0.59426,"MH0006","Healthy"
9.91997,"MH0007","Healthy"
0.57191,"MH0008","Healthy"
0.62487,"MH0009","Healthy"
0.52918,"MH0010","Healthy"
0.89473,"MH0011","Healthy"
0.89483,"MH0012","Healthy"
2.80177,"MH0013","Healthy"
0.90079,"MH0014","Healthy"
8.14298,"MH0015","Healthy"
0.05149,"MH0016","Healthy"
0.44141,"MH0017","Healthy"
0.2448,"MH0018","Healthy"
14.53668,"MH0019","Healthy"
1.01718,"MH0020","Healthy"
1.765,"MH0021","Healthy"
8.25331,"MH0022","Healthy"
0.68119,"MH0023","Healthy"
1.86435,"MH0024","Healthy"
2.34056,"MH0025","Healthy"
2.38645,"MH0026","Healthy"
5.29279,"MH0027","Healthy"
0.38413,"MH0028","Healthy"
7.41303,"MH0030","Healthy"
0.46104,"MH0031","Healthy"
0.40888,"MH0032","Healthy"
0.60374,"MH0033","Healthy"
1.50006,"MH0034","Healthy"
0.23671,"MH0035","Healthy"
0.47691,"MH0036","Healthy"
0.53734,"MH0037","Healthy"
0.70201,"MH0038","Healthy"
0.87339,"MH0039","Healthy"
0.95044,"MH0040","Healthy"
1.23169,"MH0041","Healthy"
6.47752,"MH0042","Healthy"
6.67234,"MH0043","Healthy"
0.36523,"MH0044","Healthy"
0.944,"MH0045","Healthy"
5.25502,"MH0046","Healthy"
0.18566,"MH0047","Healthy"
0.43971,"MH0048","Healthy"
0.82157,"MH0049","Healthy"
3.68955,"MH0050","Healthy"
5.53909,"MH0051","Healthy"
7.83004,"MH0052","Healthy"
0.92913,"MH0053","Healthy"
4.54149,"MH0054","Healthy"
0.52914,"MH0055","Healthy"
4.50824,"MH0056","Healthy"
0.63345,"MH0057","Healthy"
0.32161,"MH0058","Healthy"
1.57279,"MH0059","Healthy"
2.03192,"MH0060","Healthy"
0,"MH0061","Healthy"
2.70875,"MH0062","Healthy"
5.38098,"MH0063","Healthy"
2.24205,"MH0064","Healthy"
3.21204,"MH0065","Healthy"
4.30121,"MH0066","Healthy"
0.37245,"MH0067","Healthy"
0.57724,"MH0068","Healthy"
0.67357,"MH0069","Healthy"
2.46966,"MH0070","Healthy"
1.56127,"MH0071","Healthy"
0.47477,"MH0072","Healthy"
0.49077,"MH0073","Healthy"
1.14322,"MH0074","Healthy"
2.69699,"MH0075","Healthy"
1.41747,"MH0076","Healthy"
0.48089,"MH0077","Healthy"
3.10918,"MH0078","Healthy"
0.31102,"MH0079","Healthy"
0.43827,"MH0080","Healthy"
1.60085,"MH0081","Healthy"
0.44876,"MH0082","Healthy"
1.15954,"MH0083","Healthy"
0.37366,"MH0084","Healthy"
1.05791,"MH0085","Healthy"
4.78047,"MH0086","Healthy"
0.18586,"MH0087","Healthy"
1.63682,"MH0088","Healthy"
0.23978,"MH0089","Healthy"
4.49096,"MH0090","Healthy"
2.83845,"MH0091","Healthy"
0.22887,"MH0092","Healthy"
0.38835,"MH0093","Healthy"
0.39902,"MH0094","Healthy"
0.16392,"MH0095","Healthy"
1.42106,"MH0096","Healthy"
1.87239,"MH0097","Healthy"
0.89261,"MH0098","Healthy"
7.73453,"MH0099","Healthy"
3.26402,"MH0100","Healthy"
0.367,"MH0101","Healthy"
1.4393,"MH0102","Healthy"
5.72798,"MH0103","Healthy"
0.83042,"MH0104","Healthy"
4.2898,"MH0105","Healthy"
0.23531,"MH0106","Healthy"
9.62824,"MH0107","Healthy"
0.46062,"MH0109","Healthy"
0.92792,"MH0110","Healthy"
9.82069,"MH0111","Healthy"
0.46454,"MH0113","Healthy"
0.52359,"MH0114","Healthy"
0.69601,"MH0115","Healthy"
8.49712,"MH0116","Healthy"
2.49636,"MH0117","Healthy"
4.63115,"MH0118","Healthy"
0.32766,"MH0120","Healthy"
0.42697,"MH0121","Healthy"
1.99617,"MH0122","Healthy"
2.05725,"MH0123","Healthy"
0.32149,"MH0124","Healthy"
1.3005,"MH0125","Healthy"
1.11802,"MH0126","Healthy"
6.56621,"MH0127","Healthy"
0,"MH0128","Healthy"
3.62443,"MH0129","Healthy"
0.21456,"MH0130","Healthy"
1.55104,"MH0132","Healthy"
0.24477,"MH0133","Healthy"
0.23632,"MH0134","Healthy"
2.25564,"MH0135","Healthy"
0.6327,"MH0136","Healthy"
16.98994,"MH0137","Healthy"
0.21514,"MH0138","Healthy"
0.42446,"MH0139","Healthy"
0.63967,"MH0140","Healthy"
0.50215,"MH0141","Healthy"
8.25443,"MH0142","Healthy"
0.89477,"MH0143","Healthy"
0.19807,"MH0144","Healthy"
10.20967,"MH0145","Healthy"
1.58271,"MH0146","Healthy"
1.67789,"MH0147","Healthy"
5.00224,"MH0148","Healthy"
0.54863,"MH0149","Healthy"
4.74842,"MH0151","Healthy"
4.44065,"MH0152","Healthy"
1.39575,"MH0153","Healthy"
8.76427,"MH0154","Healthy"
0,"MH0155","Healthy"
0,"MH0156","Healthy"
1.22367,"MH0157","Healthy"
0.32798,"MH0158","Healthy"
0.65644,"MH0159","Healthy"
6.08773,"MH0160","Healthy"
0.95504,"MH0162","Healthy"
1.41353,"MH0163","Healthy"
1.46514,"MH0164","Healthy"
0.94925,"MH0165","Healthy"
0.7724,"MH0166","Healthy"
1.66604,"MH0167","Healthy"
0.59427,"MH0168","Healthy"
0.31433,"MH0169","Healthy"
10.1857,"MH0170","Healthy"
1.07508,"MH0172","Healthy"
1.00339,"MH0173","Healthy"
1.15489,"MH0174","Healthy"
0.87506,"MH0175","Healthy"
0.52691,"MH0177","Healthy"
0,"MH0178","Healthy"
3.53079,"MH0179","Healthy"
0.81731,"MH0180","Healthy"
3.74102,"MH0181","Healthy"
0.20175,"MH0182","Healthy"
7.33507,"MH0183","Healthy"
4.04325,"MH0184","Healthy"
0.57266,"MH0185","Healthy"
0.11336,"MH0186","Healthy"
13.97272,"O2_UC1_0","IBD"
11.54111,"O2_UC1_2","IBD"
0.55854,"O2_UC11_0","IBD"
3.346,"O2_UC11_2","IBD"
3.88867,"O2_UC12_0","IBD"
4.31248,"O2_UC12_2","IBD"
1.85834,"O2_UC13_2","IBD"
1.05392,"O2_UC13_0","IBD"
1.28903,"O2_UC14_0","IBD"
2.42811,"O2_UC14_2","IBD"
0.39573,"O2_UC16_0","IBD"
1.42737,"O2_UC16_2","IBD"
0.11161,"O2_UC17_0","IBD"
5.488,"O2_UC17_2","IBD"
0.95324,"O2_UC18_0","IBD"
1.99167,"O2_UC18_2","IBD"
0,"O2_UC19_0","IBD"
0,"O2_UC19_2","IBD"
1.96058,"O2_UC2_0","IBD"
2.15936,"O2_UC2_2","IBD"
3.26439,"O2_UC20_0","IBD"
3.02838,"O2_UC20_2","IBD"
12.76241,"O2_UC21_0","IBD"
2.17198,"O2_UC21_2","IBD"
1.63447,"O2_UC22_0","IBD"
2.79344,"O2_UC22_2","IBD"
1.02887,"O2_UC23_0","IBD"
4.25143,"O2_UC23_2","IBD"
0.86123,"O2_UC24_0","IBD"
1.68109,"O2_UC24_2","IBD"
0,"O2_UC26_2","IBD"
0,"O2_UC26_0","IBD"
1.36113,"O2_UC27_2","IBD"
1.40006,"O2_UC27_0","IBD"
6.3666,"O2_UC29_2","IBD"
6.62265,"O2_UC29_0","IBD"
1.79023,"O2_UC3_2","IBD"
2.38438,"O2_UC3_0","IBD"
11.76689,"O2_UC30_0","IBD"
1.43518,"O2_UC30_2","IBD"
10.86073,"O2_UC31_0","IBD"
8.63613,"O2_UC31_2","IBD"
2.6055,"O2_UC32_0","IBD"
3.38529,"O2_UC32_2","IBD"
0.25927,"O2_UC34_0","IBD"
0.69875,"O2_UC34_2","IBD"
1.14044,"O2_UC35_0","IBD"
0.72702,"O2_UC35_2","IBD"
1.62777,"O2_UC36_2","IBD"
0,"O2_UC37_0","IBD"
0,"O2_UC37_2","IBD"
0.09094,"O2_UC38_0","IBD"
0.0654,"O2_UC38_2","IBD"
0.0323,"O2_UC4_0","IBD"
0.58616,"O2_UC4_2","IBD"
7.2933,"O2_UC40_0","IBD"
3.84382,"O2_UC40_2","IBD"
3.60731,"O2_UC41_2","IBD"
12.31302,"O2_UC41_0","IBD"
0.2769,"O2_UC43_2","IBD"
0.9103,"O2_UC43_0","IBD"
3.50628,"O2_UC44_2","IBD"
1.13707,"O2_UC44_0","IBD"
1.15795,"O2_UC46_0","IBD"
1.37171,"O2_UC46_2","IBD"
1.75949,"O2_UC47_2","IBD"
2.31362,"O2_UC47_0","IBD"
2.87203,"O2_UC48_2","IBD"
2.43331,"O2_UC48_0","IBD"
0.81041,"O2_UC49_2","Healthy"
1.92583,"O2_UC49_0","Healthy"
1.2596,"O2_UC5_2","IBD"
0.91708,"O2_UC5_0","IBD"
1.16392,"O2_UC50_2","Healthy"
1.98498,"O2_UC50_0","Healthy"
7.0128,"O2_UC51_0","Healthy"
5.4621,"O2_UC51_2","Healthy"
1.40975,"O2_UC52_2","Healthy"
0.47972,"O2_UC52_0","Healthy"
2.30366,"O2_UC53_0","Healthy"
1.20338,"O2_UC53_2","Healthy"
1.62478,"O2_UC54_0","Healthy"
0.74621,"O2_UC54_2","Healthy"
1.40701,"O2_UC55_0","Healthy"
0.75491,"O2_UC55_2","Healthy"
1.22835,"O2_UC56_2","Healthy"
1.05845,"O2_UC56_0","Healthy"
4.96283,"O2_UC57_0","Healthy"
6.28605,"O2_UC57_2","Healthy"
1.26505,"O2_UC58_0","Healthy"
1.16735,"O2_UC58_2","Healthy"
0.16969,"O2_UC59_2","Healthy"
0.19283,"O2_UC59_0","Healthy"
3.39124,"O2_UC60_0","Healthy"
4.246,"O2_UC60_2","Healthy"
3.3899,"O2_UC9_0","IBD"
1.86406,"O2_UC9_2","IBD"
0.55281,"V1_CD1_0","IBD"
0.00243,"V1_CD10_0","IBD"
0.34954,"V1_CD11_0","Healthy"
0.05437,"V1_CD12_0","IBD"
2.25811,"V1_CD13_0","Healthy"
1.73854,"V1_CD14_0","Healthy"
0,"V1_CD15_0","IBD"
0.27947,"V1_CD15_3","IBD"
1.29919,"V1_CD16_0","Healthy"
4.3133,"V1_CD17_0","IBD"
3.3894,"V1_CD17_4","IBD"
0.93796,"V1_CD18_3","IBD"
4.02092,"V1_CD18_0","IBD"
3.46865,"V1_CD19_0","Healthy"
1.76224,"V1_CD2_0","Healthy"
0.32275,"V1_CD20_4","IBD"
0,"V1_CD21_4","IBD"
0,"V1_CD21_0","IBD"
2.83339,"V1_CD22_0","Healthy"
1.92125,"V1_CD24_0","Healthy"
0.30368,"V1_CD25_0","IBD"
0.48377,"V1_CD25_4","IBD"
1.69027,"V1_CD27_0","Healthy"
0.59105,"V1_CD28_0","Healthy"
1.12514,"V1_CD29_0","Healthy"
0.89146,"V1_CD3_0","Healthy"
0.93256,"V1_CD30_0","Healthy"
1.93573,"V1_CD31_0","Healthy"
8.12046,"V1_CD34_0","Healthy"
4.19148,"V1_CD35_1","IBD"
0.01715,"V1_CD35_0","IBD"
2.4274,"V1_CD36_0","Healthy"
0.26427,"V1_CD38_0","Healthy"
2.64735,"V1_CD4_0","Healthy"
0.98472,"V1_CD41_0","IBD"
0.7826,"V1_CD42_0","Healthy"
0.01433,"V1_CD6_0","IBD"
0,"V1_CD6_4","IBD"
5.48412,"V1_CD7_0","IBD"
4.45448,"V1_CD7_4","IBD"
6.52134,"V1_CD8_0","Healthy"
0,"V1_CD9_0","Healthy"
0,"V1_UC1_0","IBD"
1.1994,"V1_UC10_0","IBD"
3.26939,"V1_UC10_2","IBD"
0,"V1_UC11_0","IBD"
0,"V1_UC11_5","IBD"
9.04539,"V1_UC12_0","IBD"
10.18165,"V1_UC12_4","IBD"
0.10599,"V1_UC13_0","IBD"
0.19446,"V1_UC13_3","IBD"
2.23581,"V1_UC14_0","IBD"
0.00095,"V1_UC14_1","IBD"
1.685,"V1_UC15_0","IBD"
2.86746,"V1_UC15_3","IBD"
3.02138,"V1_UC16_0","Healthy"
0.29938,"V1_UC17_0","IBD"
1.39032,"V1_UC17_2","IBD"
0.46705,"V1_UC18_0","Healthy"
4.503,"V1_UC19_0","Healthy"
1.89244,"V1_UC2_4","IBD"
2.15662,"V1_UC2_0","IBD"
0.1374,"V1_UC21_0","IBD"
1.21353,"V1_UC21_4","IBD"
2.79962,"V1_UC23_1","IBD"
1.61424,"V1_UC23_0","IBD"
7.27476,"V1_UC24_0","Healthy"
6.39937,"V1_UC25_0","IBD"
1.22917,"V1_UC25_1","IBD"
1.98031,"V1_UC26_0","IBD"
0.11346,"V1_UC26_4","IBD"
4.20809,"V1_UC27_0","Healthy"
0.96321,"V1_UC28_0","Healthy"
0.13411,"V1_UC29_0","Healthy"
1.20498,"V1_UC3_2","IBD"
2.67526,"V1_UC3_0","IBD"
4.50511,"V1_UC30_0","Healthy"
1.47315,"V1_UC31_0","IBD"
2.93497,"V1_UC31_4","IBD"
2.6262,"V1_UC32_0","Healthy"
1.92435,"V1_UC33_0","Healthy"
0.03377,"V1_UC34_0","Healthy"
0.3159,"V1_UC35_0","IBD"
0.13994,"V1_UC35_4","IBD"
8.95889,"V1_UC36_0","Healthy"
0.76465,"V1_UC37_0","Healthy"
1.07988,"V1_UC38_0","IBD"
7.55266,"V1_UC39_0","IBD"
0.33315,"V1_UC4_0","IBD"
1.45715,"V1_UC4_5","IBD"
3.20807,"V1_UC40_0","IBD"
0.00882,"V1_UC41_0","Healthy"
2.89569,"V1_UC42_0","Healthy"
6.08644,"V1_UC43_0","Healthy"
0.81919,"V1_UC44_0","Healthy"
3.4851,"V1_UC45_0","IBD"
1.10012,"V1_UC46_0","Healthy"
5.16112,"V1_UC47_0","IBD"
1.10315,"V1_UC48_0","Healthy"
1.26834,"V1_UC49_0","IBD"
0,"V1_UC49_1","IBD"
1.29134,"V1_UC5_0","IBD"
2.65703,"V1_UC5_3","IBD"
1.23555,"V1_UC50_1","IBD"
0.00231,"V1_UC51_0","IBD"
3.74811,"V1_UC51_4","IBD"
11.91768,"V1_UC52_0","IBD"
3.80375,"V1_UC52_1","IBD"
0.98938,"V1_UC53_0","IBD"
3.15516,"V1_UC53_4","IBD"
1.53983,"V1_UC54_0","IBD"
4.15741,"V1_UC55_0","IBD"
1.5248,"V1_UC55_4","IBD"
0.08416,"V1_UC56_0","IBD"
2.05909,"V1_UC57_0","Healthy"
2.29046,"V1_UC58_0","IBD"
1.65225,"V1_UC6_0","Healthy"
1.49827,"V1_UC61_0","Healthy"
3.70611,"V1_UC62_0","Healthy"
0.42347,"V1_UC7_0","Healthy"
4.32789,"V1_UC8_0","Healthy"
2.82734,"V1_UC9_0","Healthy"
