"k__Bacteria|p__Firmicutes|c__Clostridia|o__Clostridiales|f__Lachnospiraceae|g__Coprococcus|s__Coprococcus_catus","k__Bacteria|p__Firmicutes|c__Clostridia|o__Clostridiales|f__Lachnospiraceae|g__Coprococcus|s__Coprococcus_comes","k__Bacteria|p__Firmicutes|c__Clostridia|o__Clostridiales|f__Lachnospiraceae|g__Coprococcus|s__Coprococcus_eutactus","sample_id","condition"
0,0,0,"CSM5FZ3N_P","IBD"
0,0,0,"CSM5FZ4C_P","IBD"
0,0,0,"CSM5MCVV_P","IBD"
0,0,0,"CSM5FZ3R_P","IBD"
0,0,0,"CSM5MCVF_P","IBD"
0,0,0,"CSM5MCVD_P","IBD"
0,0,0,"CSM5FZ3V_P","IBD"
0,0,0,"CSM5MCWI_P","IBD"
0,0,0,"CSM5YRY7_P","IBD"
0,0,0,"CSM67UGC","IBD"
0,0,0,"CSM67U9J","IBD"
0,0,0,"CSM67UA2","IBD"
0,0,0,"CSM5MCXD","IBD"
0,0,0,"CSM5MCYS","IBD"
0,0,0,"CSM79HG5","IBD"
0,0,0,"CSM79HGP","IBD"
0,0,0,"CSM5FZ3T_P","IBD"
0,0,0,"CSM5FZ3X_P","IBD"
0,0,0,"CSM5FZ46_P","IBD"
0,0,0,"CSM5FZ44_P","IBD"
0,0,0,"CSM5FZ3Z_P","IBD"
0,0,0,"CSM5MCVJ_P","IBD"
0,0,0,"CSM5FZ42_P","IBD"
0,0,0,"CSM67UBR","IBD"
0,0,0,"CSM67UBF","IBD"
0,0,0,"CSM79HJY","IBD"
0,0,0,"CSM67UBN","IBD"
0,0,0,"CSM5MCVL","IBD"
0,0,0,"CSM5MCVN","IBD"
0,0,0,"CSM67UBH","IBD"
0,0,0,"CSM79HJW","IBD"
0,0.3879,0,"CSM5FZ4K_P","IBD"
0,0.04653,0,"CSM5MCWM_P","IBD"
0,0.12589,0,"CSM5FZ4E_P","IBD"
0,0.28279,0,"CSM5FZ4G_P","IBD"
0,0.93756,0,"CSM5MCWQ","IBD"
0,0.15467,0,"CSM79HLM","IBD"
0,0.20712,0,"CSM67UBZ","IBD"
0,0.29307,0,"CSM67UBX","IBD"
0,0.13665,0,"CSM5FZ4M","IBD"
0,0.38556,0,"CSM67UC6","IBD"
0,0,0,"CSM5FZ4A_P","IBD"
0,0.01014,0,"CSM5MCUE_P","IBD"
0,0,0,"CSM5MCU8_P","IBD"
0,0,0,"CSM5MCUA_P","IBD"
0,0,0,"CSM5MCUC_P","IBD"
0,0,0,"CSM79HLK","IBD"
0,0,0,"CSM67UDR","IBD"
0,0,0,"CSM67UDY","IBD"
0,0,0,"CSM67UDR_TR","IBD"
0,0,0,"CSM79HLA_TR","IBD"
0,0,0,"CSM79HLE","IBD"
0,0,0,"CSM67UDF","IBD"
0,0,0,"CSM5MCXR","IBD"
0,0,0,"CSM67UDN","IBD"
0,0,0,"CSM79HLG","IBD"
0,0,0,"CSM5MCXJ","IBD"
0,0,0,"CSM79HLI","IBD"
0,0.12649,0,"CSM5MCXN","IBD"
0,0,0,"CSM67UDJ","IBD"
0,0,0,"CSM5MCXH","IBD"
0,0,0,"CSM79HLA","IBD"
0,0,0,"CSM5MCXP","IBD"
0,0,0,"CSM79HLC","IBD"
0,0,0,"CSM5MCXL","IBD"
0,0,0,"CSM5MCUS_P","IBD"
0,0,0,"CSM5MCUW_P","IBD"
0,0,0,"CSM5MCUQ_P","IBD"
0,0,0,"CSM5MCUY_P","IBD"
0,0,0,"CSM67UEM","IBD"
0,0,0,"CSM67UEA","IBD"
0,0.05632,0,"CSM67UE7","IBD"
0,0,0,"CSM5MCY4","IBD"
0,0,0,"CSM79HO1","IBD"
0,0,0,"CSM67UEI","IBD"
0,0,0,"CSM67UE3","IBD"
0,0,0,"CSM5MCY8","IBD"
0,0.06344,0,"CSM5MCTZ_P","IBD"
0,0.05061,0,"CSM5MCUG_P","IBD"
0,0.02793,0,"CSM5MCUK_P","IBD"
0,0.04806,0,"CSM79HMN","IBD"
0,0.07,0,"CSM79HMP","IBD"
0,0.02642,0,"CSM79HMT","IBD"
0,0.03172,0,"CSM67UFZ","IBD"
0,0.04699,0,"CSM67UFV","IBD"
0,0.18922,0,"CSM5MCX3","IBD"
0,0.05498,0,"CSM67UG8","IBD"
0,0.08486,0,"CSM5MCUO","IBD"
0,0.11466,0,"CSM5MCV5_P","IBD"
0,0,0,"CSM5MCVB_P","IBD"
0,0,0,"CSM5MCV1_P","IBD"
0,0,0,"CSM5MCW4_P","IBD"
0,0,0,"CSM5MCU4_P","IBD"
0,0,0,"CSM5MCVZ_P","IBD"
0,0,0,"CSM5MCW6","IBD"
0.02126,0.47838,0,"CSM79HQB","IBD"
0,0,0,"CSM5MCYW","IBD"
0,0,0,"CSM79HQF","IBD"
0,0,0,"CSM5MCZ7","IBD"
0,0,0,"CSM5MCZ3","IBD"
0,0,0,"CSM79HKT","IBD"
0,0,0,"CSM5MCZ5","IBD"
0,0,0,"CSM79HKV","IBD"
0,0,0,"CSM79HQ9","IBD"
0,0.00288,0,"CSM5MCWA_P","IBD"
0,0,0,"CSM67UAG","IBD"
0,0,0,"CSM67UAA","IBD"
0,0,0,"CSM7KOJE","IBD"
0,0,0,"CSM5MCWG","IBD"
0,0,0,"CSM79HI7","IBD"
0,0,0,"CSM7KOJO","IBD"
0,0,0,"CSM5MCWC","IBD"
0,0,0,"CSM5MCWE","IBD"
0,0,0,"CSM79HIB","IBD"
0,0,0,"CSM7KOJG","IBD"
0,0,0,"CSM79HI3","IBD"
0,0,0,"CSM5MCXZ_P","IBD"
0,0,0,"CSM5MCXX_P","IBD"
0,0.00239,0,"CSM5MCWK_P","IBD"
0,0,0,"CSM5MCXT","IBD"
0,0,0,"CSM7KOLE","IBD"
0,0.0324,0,"CSM5MCY2","IBD"
0,0,0,"CSM67UCK","IBD"
0,0,0,"CSM79HOF","IBD"
0,0,0,"CSM79HKB","IBD"
0,0,0,"CSM5MCXV","IBD"
0,0,0,"CSM79HK9","IBD"
0,0,0,"CSM7KOLA","IBD"
0,0,0,"CSM7KOL4","IBD"
0,0,0,"CSM79HOH","IBD"
0,0,25.39957,"CSM67UET_P","IBD"
0,0,4.96205,"CSM79HM5_P","IBD"
0,0,4.62147,"CSM67UEP_P","IBD"
0,0.0145,10.43535,"CSM79HQT_P","IBD"
0,0,4.5668,"CSM5MCYI_P","IBD"
0,0.21783,9.32823,"CSM7KOMR_P","IBD"
0,0,4.99426,"CSM67UEW_P","IBD"
0,0.02338,4.40565,"CSM5MCYO_P","IBD"
0,0.071,3.85227,"CSM7KOMV_P","IBD"
0,0,11.47562,"CSM5MCXB_P","IBD"
0,0,13.67641,"CSM5MCYM_P","IBD"
0,0,21.04155,"CSM67UF1_P","IBD"
0,0,19.60954,"CSM5MCYQ_P","IBD"
0,0.11557,8.68141,"CSM79HM9_P","IBD"
0,0,3.9385,"CSM67UEW_TR","IBD"
0,0,3.98905,"CSM67UEW","IBD"
0,0,9.48669,"CSM67UF5","IBD"
0,0,16.74215,"CSM67UF1","IBD"
0,0.1607,3.62053,"CSM7KOMT","IBD"
0,0.04582,18.72029,"CSM79HM1","IBD"
0,0.1814,4.99883,"CSM7KOMP","IBD"
0,0.08317,5.26766,"CSM79HM7","IBD"
0,0,0,"CSM5MCXF_P","IBD"
0,0.27326,0,"CSM67UGO","IBD"
0,0.0215,0,"CSM7KOMZ","IBD"
0,0.20283,0,"CSM7KON2","IBD"
0,0.10373,0,"CSM5MCZF","IBD"
0,0.04739,0,"CSM7KON8","IBD"
0,0.13902,0,"CSM67U9B","IBD"
0,0.14927,0,"CSM67U9D","IBD"
0,0.15657,0,"CSM79HOT","IBD"
0,0.11899,0,"CSM7KOMX","IBD"
0,0.17068,0,"CSM5MCZD","IBD"
0,0,0,"CSM5MCZB","IBD"
0,0.25052,0,"CSM79HOL","IBD"
0,0.03426,0,"CSM79HOJ","IBD"
0,0,0,"CSM79HGJ_P","IBD"
0,0,0,"CSM5MCYU_P","IBD"
0,0,0,"CSM67U9P_P","IBD"
0,0,0,"CSM79HPM_P","IBD"
0,0.04237,0,"CSM67U9R_P","IBD"
0,0,0,"CSM79HGH_P","IBD"
0,0,0,"CSM79HGL_P","IBD"
0,0.17534,0,"CSM79HGD_P","IBD"
0,0,0,"CSM7KONS_P","IBD"
0,0.00275,0,"CSM79HPQ_P","IBD"
0.00202,0.06211,0,"CSM79HGF_P","IBD"
0,0.01682,0,"CSM7KONW_P","IBD"
0,0,0,"CSM79HGN_P","IBD"
0,0,0,"CSM67U9H_P","IBD"
0,0,0,"CSM79HPU","IBD"
0,0,0,"CSM79HPO","IBD"
0,0,0,"CSM7KONU","IBD"
0,0,0,"CSM67U9N","IBD"
0,0.05072,0,"CSM79HGF","IBD"
0,0,0,"CSM67U9H","IBD"
0,0.00363,0,"CSM79HPS","IBD"
0.06059,0.00409,0,"CSM79HPK","IBD"
0,0,0,"CSM67U9T_P","IBD"
0,0,0,"CSM7KOJW","IBD"
0,0,0,"CSM67UAO","IBD"
0,0,0,"CSM7KOPO","IBD"
0,0,0,"CSM7KOJU","IBD"
0,0,0,"CSM67UAK","IBD"
0,0,0,"CSM79HIL","IBD"
0,0,0,"CSM7KOPK","IBD"
0,0,0,"CSM7KOJY","IBD"
0,0,0,"CSM7KOPM","IBD"
0,0,0,"CSM79HIJ","IBD"
0,0,0,"CSM7KOPI","IBD"
0,0,0,"CSM79HIN","IBD"
0,0,0,"CSM7KOPG","IBD"
0,0,0,"CSM67UAQ","IBD"
0,0,0,"CSM79HIH","IBD"
0,0,0,"CSM79HIF","IBD"
0,0,0,"CSM7KOJQ","IBD"
0,0,0,"CSM67UAS","IBD"
0,0,0,"CSM79HID","IBD"
0,0,0,"CSM7KOJS","IBD"
0,0,0,"CSM67UAM","IBD"
0,0,0,"CSM7KOK1","IBD"
0,0.05312,0,"CSM67U9V_P","IBD"
0.06227,0.67617,0,"CSM7KOK3","IBD"
0,0.75615,0,"CSM7KOQ1","IBD"
0,0.27801,0,"CSM7KOK5","IBD"
0.13164,0.68522,0,"CSM7KOK7","IBD"
0,0,0,"CSM7KOKB","IBD"
0.00594,0.25601,0,"CSM79HIT","IBD"
0,0.50318,0,"CSM7KOPW","IBD"
0.03413,0.12256,0,"CSM67UAW","IBD"
0.0572,0.29226,0,"CSM67UAY","IBD"
0.11534,0.14416,0,"CSM67UB3","IBD"
0,0.20422,0,"CSM7KOPU","IBD"
0,0.05621,0,"CSM7KOKD","IBD"
0.09057,0.51921,0,"CSM79HIZ","IBD"
0,0.25576,0,"CSM7KOPS","IBD"
0.12506,0.4893,0,"CSM79HIV","IBD"
0.00303,0.19576,0,"CSM79HIR","IBD"
0.01774,0.06204,0,"CSM67UB1","IBD"
0.00823,0.31906,0,"CSM79HIX","IBD"
0.00552,0.31007,0,"CSM67UAU","IBD"
0.02423,0.10896,0,"CSM79HJ6_P","IBD"
0,0.02193,0,"CSM67UB5_P","IBD"
0,0.02812,0,"CSM7KOR4_P","IBD"
0,0.32871,0,"CSM7KOKP_P","IBD"
0,1.97131,0.00419,"CSM7KOKL_P","IBD"
0,0.36642,0,"CSM79HJC_P","IBD"
0,0.14121,0,"CSM67UB7_P","IBD"
0,0.02109,0,"CSM7KOR8_P","IBD"
0,0.02528,0,"CSM7KOQZ_P","IBD"
0,0.18557,0,"CSM79HJ4_P","IBD"
0,0.1928,0,"CSM79HJ2_P","IBD"
0,0.11644,0,"CSM67U9X_P","IBD"
0,0.28666,0,"CSM79HJ8_P","IBD"
0,0.03232,0,"CSM7KOKH_P","IBD"
0,0,0,"CSM67UB9_P","IBD"
0,0.13269,0,"CSM79HJA","IBD"
0,0.03845,0,"CSM7KOQX","IBD"
0,0.09908,0,"CSM7KOKN","IBD"
0,1.55841,0,"CSM7KOKJ","IBD"
0,0.06134,0,"CSM67UBB","IBD"
0,0.17821,0,"CSM7KOR2","IBD"
0,0,0,"CSM67UB9","IBD"
0,0.01765,0,"CSM7KOKF","IBD"
0,0,0,"CSM67UCU_P","IBD"
0.03966,0,0,"CSM67UAI_P","IBD"
0,0.03109,0,"CSM79HHO","IBD"
0.0234,0.03239,0,"CSM79HN6","IBD"
0,0.06847,0,"CSM7KOSX","IBD"
0,0.00082,0,"CSM7KOLK","IBD"
0,0.00481,0,"CSM79HHU","IBD"
0,0,0,"CSM7KOSV","IBD"
0,0.00563,0,"CSM79HHM","IBD"
0.02604,0.52897,0,"CSM79HN2","IBD"
0,0.00501,0,"CSM7KOLM","IBD"
0,0.0471,0,"CSM79HGR_P","Healthy"
0,0.01676,0,"CSM79HGV_P","Healthy"
0,0,0,"CSM79HOV","Healthy"
0,1.24635,0,"CSM79HGX","Healthy"
0,0.00418,0,"CSM7KOOL","Healthy"
0,0.01709,0,"CSM79HP4","Healthy"
0,0.02039,0,"CSM7KOOH","Healthy"
0,0.01216,0,"CSM79HP6","Healthy"
0,0.10011,0,"CSMAHYLR","Healthy"
0.00262,0.03929,0,"CSM79HGZ","Healthy"
0,0.02584,0,"CSMAG78W","Healthy"
0.00531,0.21017,0,"CSM7KOON","Healthy"
0,0.04197,0,"CSM79HOZ","Healthy"
0.02858,0.22545,0,"CSM67UH7","Healthy"
0,0.1038,0,"CSM7KOOP","Healthy"
0,0.02334,0,"CSMAAEUA","Healthy"
0,0.00185,0,"CSMAE44D","Healthy"
0,0.05216,0,"CSM7KOOJ","Healthy"
0.00414,0.03769,0,"CSM79HOX","Healthy"
0,0.04645,0,"CSMA8M9R","Healthy"
0,0.01074,0,"CSM79HP2","Healthy"
0,0.02017,0,"CSM79HH2_P","IBD"
0,0,0,"CSM7KONA","IBD"
0,0,0,"CSM7KOTC","IBD"
0,0,0,"CSM79HPA","IBD"
0,0.0444,0,"CSM79HH8","IBD"
0,0.00428,0,"CSM7KOTK","IBD"
0,0.00338,0,"CSM79HH4","IBD"
0,0,0,"CSM79HPC","IBD"
0,0.00146,0,"CSM79HHA","IBD"
0,0.00922,0,"CSM79HPA_TR","IBD"
0,0,0,"CSM7KONK","IBD"
0,0,0,"CSM7KOTA","IBD"
0,0.38555,0,"CSM79HG7_P","IBD"
0,0,0,"CSM79HHW_P","IBD"
3.86209,0,0,"CSM79HJQ","IBD"
0,0,0,"CSMA9J65","IBD"
0,0,0,"CSM7KOOV","IBD"
0,0,0,"CSM79HR4","IBD"
0,0,0,"CSMA88CB","IBD"
0,0,0,"CSMAIG7X","IBD"
0,0,0,"CSM79HHW","IBD"
0,0,0,"CSM79HR6","IBD"
0,0,0,"CSMAH393","IBD"
0,0,0,"CSM79HJS","IBD"
0,0,0,"CSM7KOOX","IBD"
0.0018,0,0,"CSM79HR2","IBD"
0,0,0,"CSMACTZP","IBD"
0,0,0,"CSM79HQX","IBD"
0,0,0,"CSM79HJU","IBD"
0,0,0,"CSM79HJO","IBD"
0,0,0,"CSMAF72L","IBD"
0,0,0,"CSM7KOP2","IBD"
0,0,0,"CSM79HJM","IBD"
0,0,0,"CSM7KOOT","IBD"
0,0,0,"CSM79HQZ","IBD"
0,0,0,"CSM7KOOZ","IBD"
0,0,0,"CSM79HQV","IBD"
0.00769,0,0,"CSM7KORC","IBD"
0,0,0,"CSM7KOKT","IBD"
0,0,0,"CSM79HL6","IBD"
0,0,0,"CSM79HL4","IBD"
0,0,0,"CSM7KOKR","IBD"
0,0,0,"CSM7KORI","IBD"
0.00597,0,0,"CSM7KORG","IBD"
0.04907,0,0,"CSM7KORK","IBD"
0,0,0,"CSM7KOL2","IBD"
0,0,0,"CSM7KOKZ","IBD"
0,0,0,"CSM79HKX","IBD"
0,0,0,"CSM79HKZ","IBD"
0.05633,0,0,"CSM79HNG_P","IBD"
0.021,0,0,"CSM79HNE","IBD"
0.08407,0,0,"CSM79HNK","IBD"
0.03037,0,0,"CSM9X1Y5","IBD"
0.00621,0,0,"CSM7KOSH","IBD"
0.02982,0,0,"CSM7KOS7","IBD"
0.06829,0,0,"CSM79HNI","IBD"
0.02618,0,0,"CSM79HNM","IBD"
0.00371,0,0,"CSM7KOLY","IBD"
0,0.01015,0,"CSM79HJI_P","IBD"
0,0,0,"CSM7KOSJ","IBD"
0,0,0,"CSM7KOSL","IBD"
0,0,0,"CSM79HNW","IBD"
0,0,0,"CSM79HNU","IBD"
0,0,0,"CSM7KOMB","IBD"
0,0,0,"CSM79HNO","IBD"
0,0,0,"CSM7KOST","IBD"
0,0,0,"CSM7KOSP","IBD"
0,0,0,"CSM7KOMH","IBD"
0,0.07058,0,"CSM79HNY_P","IBD"
0,0.31261,0,"CSM79HR8","IBD"
0,0.4157,0,"CSM79HRG","IBD"
0,0.17763,0,"CSM9X1ZC","IBD"
0,0.03487,0,"CSM7KOOF","IBD"
0,0.11984,0,"CSM7KOO9","IBD"
0,0.13574,0,"CSM9X1Z4","IBD"
0,0.83954,0,"CSM79HRC","IBD"
0,0.10247,0,"CSM7KOOD","IBD"
0,0.2215,0,"CSM7KOO5","IBD"
0,0.11676,0,"CSM79HRE","IBD"
0,0.10388,0,"CSM7KOU7_P","IBD"
0,0.04072,0,"CSM9X1ZY","IBD"
0,0.06605,0,"CSM9X22K","IBD"
0.09769,0.05822,0,"CSM7KOP6","IBD"
0,0,0,"CSM7KOUB","IBD"
0.00957,0.37778,0,"CSM7KOU9","IBD"
0,0.00798,0,"CSM7KOPE","IBD"
0.023,0.00578,0,"CSM9X22G","IBD"
0,0.07468,0,"CSM9X1ZO","IBD"
0,0.07385,0,"CSM7KOP8","IBD"
0.097,0.12971,0,"CSM9X22I","IBD"
0.00528,0.02369,0,"CSM9X1ZQ","IBD"
0,0,0,"CSM7KOQP_P","IBD"
0,0,0,"CSM79HQR_P","IBD"
0,0,0,"CSM7KORO","IBD"
0,0,0,"CSM7KORU","IBD"
0,0,0,"CSM9X1XU","IBD"
0,0,0,"CSM7KORM","IBD"
0,0,0,"CSM9X1Y3","IBD"
0,0,0,"CSM9X21L","IBD"
0,0,0,"CSM9X21J","IBD"
0,0,0,"CSM7KORS","IBD"
0,0,0,"CSM9X21N","IBD"
0,0,0,"CSM7KOTS","IBD"
0,0,0,"CSM9X235","IBD"
0,0,0,"CSM7KOTU","IBD"
0,0.00647,0,"CSM9X21T","IBD"
0,0,0,"CSM7KOTQ","IBD"
0,0.02995,0,"CSM9X237","IBD"
0,0,0,"CSM7KOTO","IBD"
0,0,0,"CSM9X233","IBD"
0,0,0,"CSM9X222","IBD"
0,0.01791,0,"CSM9X23B","IBD"
0,0,0,"CSM9X1YV","IBD"
0,0,0,"CSM9X21R","IBD"
0,0,0,"CSM7KOQ5_P","IBD"
0.0242,0.01078,0,"CSM7KOUJ_P","IBD"
0,0.09,0,"CSM7KOUL","IBD"
0,0.12669,0,"CSM9X22S","IBD"
0,0.06014,0,"CSM9X219","IBD"
0,0.09811,0,"CSM9X23N","IBD"
0.00059,0.1391,0,"CSM7KOUN","IBD"
0,0.03411,0,"CSM9X22U","IBD"
0.01151,0.15329,0,"CSM9X213","IBD"
0,0.00156,0,"CSM9X23H","IBD"
0.02401,0.40491,0,"CSM9X211","IBD"
0,0.01953,0,"CSM9X215","IBD"
0,0,0,"ESM5MEBA_P","IBD"
0,0,0,"ESM5ME9G_P","IBD"
0.02901,0.22056,0,"ESM5MEDZ_P","IBD"
0,0.01687,0,"HSM5MEE5_P","IBD"
0.01138,0.02246,0,"ESM5ME9D_P","IBD"
0.03001,0.09191,0,"ESM5MEE2_P","IBD"
0.00384,0.04419,0,"ESM5MEE6_P","IBD"
0,0.02854,0,"ESM5MEBE","IBD"
0.01592,0.03683,0,"ESM5MECQ","IBD"
0.00027,0.03235,0,"ESM5MEBG","IBD"
0.01253,0.0309,0,"ESM5GEXY","IBD"
0.00335,0.03688,0,"ESM5MECL","IBD"
0,0.08144,0,"ESM5MEBI","IBD"
0,0,0,"ESM5GEZ3_P","Healthy"
0,0,0,"ESM5MEBP_P","Healthy"
0,0,0,"ESM5GEYU_P","Healthy"
0,0,0,"ESM5GEZ1_P","Healthy"
0,0,0,"ESM5ME9H_P","Healthy"
0,0.27105,0,"ESM5GEYX_P","IBD"
0,0.0224,0,"ESM5MEEJ_P","IBD"
0,0.09188,0,"ESM5GEZ6_P","IBD"
0,0.1132,0,"ESM5GEZA_P","IBD"
0,0.04274,0,"ESM5GEZ4_P","IBD"
0,0.08892,0,"ESM5MEC5","IBD"
0,0.26829,0,"ESM5MEDU","IBD"
0,1.17228,0,"ESM5MEBU","IBD"
0,0.12435,0,"ESM5MEC3","IBD"
0,0.09205,0,"ESM5MEBS","IBD"
0,0.66845,0,"ESM5ME9U","IBD"
0,0.67092,0,"ESM718SY","IBD"
0,0,0,"ESM5MEC9","IBD"
0.03051,0.5425,0,"ESM5GEYW_P","IBD"
0,0,0,"ESM5GEYY_P","IBD"
0,0,0,"ESM5MEAB_P","IBD"
0,0,0,"ESM5MEA7_P","IBD"
0,0,0,"ESM5MEA9_P","IBD"
0,0.00134,0,"ESM5MEDP_P","IBD"
0.03216,0.55376,0,"ESM5MEDN","IBD"
0,0.01551,0,"ESM718UH","IBD"
0.42851,0.62062,0,"ESM5MEDF","IBD"
0.00076,0.07215,0,"ESM7F5CB","IBD"
0.0977,0.15087,0,"ESM7F5AK","IBD"
0.0041,0.14789,0,"ESM7F5CD","IBD"
0.00205,0.02954,0,"ESM5MEDK","IBD"
0.01975,0.21085,0,"ESM7F5CF","IBD"
0,0.01596,0,"ESM7F5AM","IBD"
0.01945,0.1246,0,"ESM5MEDD","IBD"
0,0.26986,0,"ESM5MEB9_P","IBD"
0,0.00266,0,"ESM718TM","IBD"
0,0,0.01897,"ESM9IEP1","IBD"
0,0.00591,0,"ESM7F5C5","IBD"
0,0,0,"ESM718T9","IBD"
0.00812,0.02723,0,"ESM718TF","IBD"
0,0.00462,0,"ESM7F5C7","IBD"
0,0.33485,0,"ESM5MEB7","IBD"
0,0.02103,0,"ESM718TK","IBD"
0.00567,0.06323,0,"ESM718V4","IBD"
0.01456,0.33791,0,"ESM718V8","IBD"
0,0.00849,0,"ESM718T7","IBD"
0,0.0359,0,"ESM5MED2","IBD"
0.00764,0.07411,0,"ESM7F5AE_P","IBD"
0,0.10772,0.00858,"ESM5MEC7_P","IBD"
0,0,0,"ESM718U9_P","IBD"
0,0,0,"HSM5FZBQ_P","IBD"
0,0,0,"HSM5MD5H_P","IBD"
0,0,0,"HSM5MD5K_P","IBD"
0,0,0,"HSM5FZBP_P","IBD"
0,0,0,"HSM5FZC2_P","IBD"
0,0,0,"HSM5MD7W_P","IBD"
0,0,0,"HSM5FZBR_P","IBD"
0,0,0,"HSM67VDZ","IBD"
0,0,0,"HSM67VE4","IBD"
0,0,0,"HSM5MD79","IBD"
0,0,0,"HSM5FZBZ","IBD"
0,0,0,"HSM5MD7J","IBD"
0,0,0,"HSM5MD4U_P","IBD"
0,0,0,"HSM5MD4W_P","IBD"
0,0,0,"HSM5MD4Y","IBD"
0,0,0,"HSM7CYZT","IBD"
0,0,0,"HSM67VDP","IBD"
0,0,0,"HSM5MD53","IBD"
0,0,0,"HSM7CZ14","IBD"
0,0,0,"HSM6XRSI","IBD"
0,0,0,"HSM6XRSG","IBD"
0,0,0,"HSM7CYZV","IBD"
0,0,0,"HSM5MD5P","IBD"
0,0,0,"HSM5MD4B_P","IBD"
0,0,0,"HSM5MD4A_P","IBD"
0,0,0,"HSM5MD49_P","IBD"
0,0,0,"HSM5MD7O","IBD"
0,0,0,"HSM5MD7M","IBD"
0,0,0,"HSM67VEG","IBD"
0,0,0,"HSM5MD7Q","IBD"
0,0,0,"HSM5MD7S","IBD"
0,0,0,"HSM67VEC","IBD"
0,0,0,"HSM7CYXC","IBD"
0,0,0,"HSM5MD7U","IBD"
0,0,0,"HSM67VEI","IBD"
0,0,0,"HSM67VEM_TR","IBD"
0,0,0,"HSM67VEE","IBD"
0,0,0,"HSM7CYXA","IBD"
0,0,0,"HSM5MD48","IBD"
0,0,0,"HSM7CYX6","IBD"
0,0,0,"HSM7CYX8","IBD"
0,0,0,"HSM5MD7K","IBD"
0,0,0,"HSM67VEK","IBD"
0,0,0,"HSM7CYX4","IBD"
0,0,0,"HSM67VEM","IBD"
0,0,0,"HSM7CYX2","IBD"
0.03106,0.15259,0,"HSM5MD4P_P","IBD"
0,0.03711,0,"HSM5MD7Z_P","IBD"
0,0.0355,0,"HSM7CYXQ","IBD"
0,0.07971,0,"HSM67VHS","IBD"
0,0.33854,0,"HSM67VHQ","IBD"
0.00793,0.21075,0,"HSM67VI1","IBD"
0,0.05741,0,"HSM7CYXS","IBD"
0,0.07063,0,"HSM67VHW","IBD"
0.01229,0.25708,0,"HSM5MD4O","IBD"
0.0021,0.1415,0,"HSM5MD4N","IBD"
0,0.11386,0,"HSM6XRSN","IBD"
0.00467,0.10411,0,"HSM6XRST","IBD"
0,0.13229,0,"HSM7CZ2J_P","Healthy"
0,0.14171,0,"HSM7CZ2L_P","Healthy"
0,0.68876,0,"HSM6XRT6_P","Healthy"
0,0.17785,0,"HSM6XRT2_P","Healthy"
0,0.06511,0,"CSM7CZ2F_P","Healthy"
0,0.0949,0,"HSM5MD57_P","Healthy"
0,0.31289,0,"HSM67VG6_P","Healthy"
0,0.32568,0,"HSM6XRSZ_P","Healthy"
0,0.11695,0,"HSM67VFX_P","Healthy"
0,0.58159,0.0152,"HSM5MD5F_P","Healthy"
0,0.23825,0,"HSM6XRSX_P","Healthy"
0,0.05964,0,"HSM5MD5D_P","Healthy"
0,0.28265,0,"HSM5MD8A_P","Healthy"
0,0,0,"HSM67VG2_P","Healthy"
0,0.35832,0,"HSM6XRT4_P","Healthy"
0,0.04807,0,"HSM5MD5B_P","Healthy"
0,0.0725,0,"HSM5MD59_P","Healthy"
0,0.51923,0,"HSM7CZ2H","Healthy"
0,0.22473,0,"HSM67VFX","Healthy"
0,0.1066,0,"HSM5MD5D","Healthy"
0,0.25413,0,"HSM6XRSX","Healthy"
0,0.23283,0,"HSM67VFZ","Healthy"
0,0.32594,0,"HSM5MD5B","Healthy"
0,0.0899,0,"HSM67VG8","Healthy"
0,0,0,"HSM67VGI_P","Healthy"
0,0,0,"HSM7CYYV_P","Healthy"
0,0,0,"HSM67VGA_P","Healthy"
0,0,0,"HSM6XRTA_P","Healthy"
0,0,0,"HSM6XRTC_P","Healthy"
0,0,0,"HSM5MD8P_P","Healthy"
0,0,0,"HSM5MD8D_P","Healthy"
0,0,0,"HSM6XRTE_P","Healthy"
0,0,0,"HSM7CYYR_P","Healthy"
0,0.01262,0,"HSM67VGE_P","Healthy"
0,0,0,"HSM5MD82_P","Healthy"
0,0,0,"HSM6XRTG_P","Healthy"
0,0,0,"HSM5MD8L_P","Healthy"
0,0,0,"HSM5MD8B_P","Healthy"
0,0,0,"HSM5MD8N_P","Healthy"
0,0,0,"HSM67VGA","Healthy"
0,0,0,"HSM6XRT8","Healthy"
0,0,0,"HSM67VGC","Healthy"
0,0,0,"HSM67VGK","Healthy"
0,0,0,"HSM67VGG","Healthy"
0,0,0,"HSM6XRTG","Healthy"
0,0,0,"HSM67VGK_TR","Healthy"
0,0,0,"HSM5MD47_P","IBD"
0,0.02654,0,"HSM5MD44_P","IBD"
0,0.13571,0,"HSM5MD87_P","IBD"
0,0.16809,0,"HSM5MD43_P","IBD"
0,0.62192,0,"HSM6XRTQ","IBD"
0,0.00497,0,"HSM5MD3Y","IBD"
0,0.03698,0,"HSM6XRTM","IBD"
0,0.09465,0,"HSM67VH1","IBD"
0,0.24083,0,"HSM5MD43","IBD"
0.00419,0.11149,0,"HSM6XRTS","IBD"
0,0.04984,0,"HSM5MD41","IBD"
0,0.80628,0,"HSM67VGY","IBD"
0,0.09891,0,"HSM6XRTO","IBD"
0,0,0,"HSM5MD8J_P","IBD"
0,0.00294,0,"HSM5MD8F_P","IBD"
0,0,0,"HSM5MD8H_P","Healthy"
0,0.03819,0,"HSM5MD6I_P","Healthy"
0,0.10839,0,"HSM5MD6K_P","Healthy"
0,0.00589,0,"HSM5MD6E_P","Healthy"
0,0,0,"HSM5MD6M","Healthy"
0,0.14715,0,"HSM6XRVK","Healthy"
0,0.00992,0,"HSM6XRVA","Healthy"
0,0.22549,0,"HSM7J4QZ","Healthy"
0,0.09702,0,"HSM5MD6K","Healthy"
0,0.01416,0,"HSM6XRVC_TR","Healthy"
0,0,0,"HSM6XRRJ","Healthy"
0,0.03992,0,"HSM5MD6I","Healthy"
0,0.03279,0,"HSM7J4R2","Healthy"
0,0.01339,0,"HSM6XRVC","Healthy"
0,2.66797,0,"HSM5MD3L_P","IBD"
0,0.54631,0,"HSM6XRS2","IBD"
0,0.17693,0,"HSM7J4QT","IBD"
0,0.21225,0,"HSM5MD6C","IBD"
0,0,0,"HSM5MD66","IBD"
0.02031,1.84755,0,"HSM6XRVM","IBD"
0,0.64059,0,"HSM6XRVO","IBD"
0,0.27773,0,"HSM6XRRV","IBD"
0,0.92475,0,"HSM5MD6A","IBD"
0,1.051,0,"HSM5MD6A_TR","IBD"
0,0.21666,0,"HSM6XRVU","IBD"
0,0.63583,0,"HSM6XRVW","IBD"
0,0.02313,1.32156,"HSM5MD5X_P","IBD"
0,0,0,"HSM7J4QJ","IBD"
0,0,0,"HSM6XRS8","IBD"
0,0,0,"HSM7J4QD","IBD"
0.17939,0.11542,0,"HSM5MD75","IBD"
0,0,0,"HSM7CYZD","IBD"
0,0,0,"HSM6XRS4","IBD"
0,0,0,"HSM6XRSE","IBD"
0,0,0,"HSM7CYZF","IBD"
0,0,0,"HSM7CYZB","IBD"
0,0,0,"HSM6XRS6","IBD"
0,0,0,"HSM7J4QB","IBD"
0,0,0,"HSM7J4QH","IBD"
0,0,0,"HSM7CYZ9","IBD"
0.03914,0.09966,0,"HSM5MD71","IBD"
0,0,0,"HSM7J4QL","IBD"
0.01403,0.11837,0,"HSM5MD73","IBD"
0,0,0,"HSM7CYZ5","IBD"
0,0,0,"HSM7CYZ7","IBD"
0.01586,0.06988,0,"HSM5MD6Y","IBD"
0.00661,0.01821,0,"HSM5MD62","IBD"
0,0,0,"HSM7J4QF","IBD"
0,0,0,"HSM5MD5Z_P","Healthy"
0,0,0,"HSM5MD6O_P","Healthy"
0,0.02229,0,"HSM5MD6S_P","Healthy"
0,0.05738,0,"HSM5MD6U_P","Healthy"
0,0,0,"HSM7CYXI","Healthy"
0,0.03809,0,"HSM5MD6Q","Healthy"
0,0.04716,0,"HSM7CYXG","Healthy"
0,0.01829,0,"HSM7J4KO","Healthy"
0,0.00713,0,"HSM7CYXE","Healthy"
0,0.12672,0,"HSM5MD6W","Healthy"
0,0.00353,0,"HSM7CYXO","Healthy"
0,0.00232,0,"HSM7J4KQ","Healthy"
0,0.00648,0,"HSM67VF3","Healthy"
0,0.0086,0,"HSM7J4I3","Healthy"
0,0.01038,0,"HSM6XRQB_P","IBD"
0,0,0,"HSM67VHK","IBD"
0,0,0,"HSM6XRQI","IBD"
0,0.01688,0,"HSM67VFH","IBD"
0,0,0,"HSM7CYYB","IBD"
0,0,0,"HSM6XRQO","IBD"
0,0.09472,0,"HSM7CYY5","IBD"
0,0.08078,0,"HSM67VFF","IBD"
0,0.03865,0,"HSM7CYY3","IBD"
0,0,0,"HSM6XRQK","IBD"
0,0.01279,0,"HSM6XRQB","IBD"
0,0,0,"HSM67VFD","IBD"
0,0.23064,0,"HSM67VFJ","IBD"
0,0,0,"HSM6XRQM","IBD"
0,0.17874,0,"HSM7CYY7","IBD"
0,0,0,"HSM67VF9","IBD"
0,0.197,0,"HSM7CYYD","IBD"
0,0.06629,0,"HSM7CYY9","IBD"
0,0,0,"HSM6XRQC_P","Healthy"
0,0,0,"HSM7CYYP","Healthy"
0,0.00507,0,"HSM6XRQY","Healthy"
0,0,0,"HSM7J4LF","Healthy"
0,0,0,"HSM6XRQS","Healthy"
0,0,0,"HSM6XRQW","Healthy"
0,0.01453,0,"HSM67VFR","Healthy"
0,0.08266,0,"HSM7CYYF","Healthy"
0,0.05958,0,"HSM6XRQU","Healthy"
0,0.02574,0,"HSM7J4LD","Healthy"
0,0.12046,0,"HSM7CYYH","Healthy"
0,0,0,"HSM6XRQE_P","IBD"
0,0,0,"HSM7J4PK","IBD"
0.17766,0.16249,0,"HSM6XRR5","IBD"
0.05938,0.87875,0,"HSM6XRV2","IBD"
0.07035,0.28936,0,"HSM7J4PC","IBD"
0.15016,0.4636,0,"HSM6XRUZ","IBD"
0.32919,1.60734,0,"HSM7J4M4","IBD"
0.23397,1.05074,0,"HSM7J4PI","IBD"
0.22235,0.57904,0,"HSM7J4M6","IBD"
0.08288,0.23448,0,"HSM7J4PE","IBD"
0.09381,0.49819,0,"HSM6XRR7","IBD"
0.16806,0.77526,0,"HSM7J4PM","IBD"
0.13083,0.13752,0,"HSM6XRUX","IBD"
0.08755,0.61977,0,"HSM7J4M8","IBD"
0.05909,0.44457,0,"HSM7J4PG","IBD"
0.28956,1.02454,0,"HSM7J4ME","IBD"
0.04242,0.19826,0,"HSM6XRV4","IBD"
0.03358,0.42408,0,"HSM7J4MC","IBD"
0.08209,0.52593,0,"HSM7J4MA","IBD"
0.05532,0.33069,0,"HSM6XRV8","IBD"
0.00856,0.0157,0,"HSM6XRRD","IBD"
0,0,0,"HSM6XRRB","IBD"
0.04128,0.13433,0,"HSM6XRV6","IBD"
0,0.05618,0,"HSM67VCX_P","IBD"
0,0.21145,0,"HSM7J4PU","IBD"
0.09636,0.60342,0,"HSM67VHH","IBD"
0,0.70993,0,"HSM67VHD","IBD"
0.10499,1.43382,0,"HSM7J4IO","IBD"
0.01224,0.23385,0,"HSM7J4PW","IBD"
0,0.10511,0,"HSM7J4PY","IBD"
0,0.14748,0,"HSM7J4IS","IBD"
0.00505,0.27028,0,"HSM67VCZ","IBD"
0,0.0913,0,"HSM7J4IP","IBD"
0.01592,0.36238,0,"HSM67VD6","IBD"
0.00479,0.3857,0,"HSM7J4PO","IBD"
0,0.03678,0,"HSM67VHB","IBD"
0.01498,0.11443,0,"HSM67VD4","IBD"
0,0.01687,0,"HSM6XRR3","IBD"
0,0.10229,0,"HSM7J4PS","IBD"
0.07251,0.27237,0,"HSM7J4IR","IBD"
0,0.07376,0,"HSM7J4PQ","IBD"
0.09898,0.44624,0,"HSM7J4IQ","IBD"
0.0036,0.19805,0,"HSM67VHF","IBD"
0,0.12323,0,"HSM6XRUV","IBD"
0.00023,0.2727,0,"HSM67VD2","IBD"
0.00069,0.30865,0,"HSM67VHJ","IBD"
0,1.52809,0,"HSM67VDX_P","Healthy"
0,0.44853,1.08886,"HSM67VEW","Healthy"
0,0.01452,1.53445,"HSM7J4IW","Healthy"
0.08219,0.18901,0.11445,"HSM7J4G1","Healthy"
0,0.04576,1.19946,"HSM7J4IU","Healthy"
0.00659,0.42274,0.10866,"HSM67VEQ","Healthy"
0,0.00508,2.37646,"HSM7J4G8","Healthy"
0,0.10957,1.77523,"HSM7CYZL","Healthy"
0,0.00238,1.51091,"HSM7J4RE","Healthy"
0,0,0.48928,"HSM7CYZJ","Healthy"
0,0.04384,0.41492,"HSM67VEO","Healthy"
0,0.21423,0.72826,"HSM7CYZR","Healthy"
0,0.01151,0.9663,"HSM67VEU","Healthy"
0.00076,0.04508,1.34759,"HSM67VES","Healthy"
0.00685,0.10974,0,"HSM67VDR_P","Healthy"
0.06863,0.00909,0,"HSM7CZ18","Healthy"
0.02912,0.00956,0,"HSM7J4HG","Healthy"
0.41003,0.06596,0,"HSM7CZ16","Healthy"
0,0.01056,0,"HSM7J4KG","Healthy"
0.00513,0,0,"HSM7J4HA","Healthy"
0.03475,0,0,"HSM7J4HK","Healthy"
0,0.00041,0,"HSM7CZ1G","Healthy"
0.10548,0.02763,0,"HSM7J4KM","Healthy"
0,0.00519,0,"HSM6XRUN","Healthy"
0.07195,0.00593,0,"HSM7J4KI","Healthy"
0,0.0288,0,"HSM6XRUL","Healthy"
0,0.00252,0,"HSM7J4HE","Healthy"
0,0,0,"HSM7CZ1E","Healthy"
0,0,0,"HSM7J4HI","Healthy"
0,0.00909,0,"HSM7J4HC","Healthy"
0.00418,0,0,"HSM6XRQ8","Healthy"
0,0.00513,0,"HSM7J4KC","Healthy"
0,0,0,"HSM6XRUR","Healthy"
0.00812,0.01733,0.29389,"HSM7CZ1C","Healthy"
0.1155,0.07063,0,"HSM7J4KK","Healthy"
0.03329,0.0164,0,"HSM7CZ1A","Healthy"
0,0,0,"HSM67VDT_P","Healthy"
0,0,0,"HSM7J4I9","Healthy"
0,0,0,"HSM7CZ2A","Healthy"
0,0,0,"HSM7CZ24","Healthy"
0,0,0,"HSM7J4I7","Healthy"
0,0,0,"HSM7J4I5","Healthy"
0,0,0,"HSM67VI7","Healthy"
0,0,0,"HSM7CZ2E","Healthy"
0,0,0,"HSM7J4HW","Healthy"
0,0,0,"HSM7J4O5","Healthy"
0,0,0,"HSM7CZ26","Healthy"
0,0,0,"HSM67VI3","Healthy"
0,0,0,"HSM7CZ28","Healthy"
0,0,0,"HSM7J4NY","Healthy"
0,0,0,"HSM67VI5","Healthy"
0,0,0,"HSM7J4O1","Healthy"
0,0,0,"HSM7J4O3","Healthy"
0,0,0,"HSM67VDT","Healthy"
0,0,0,"HSM7J4HY","Healthy"
0,0,0,"HSM67VIB","Healthy"
0,0.00915,0,"HSM7J4O9","Healthy"
0,0,0,"HSM67VI9","Healthy"
0,0,0,"HSM7J4O7","Healthy"
0,0.05867,0,"HSM7CZ1T_P","IBD"
0,0.1161,0,"HSMA33O3","IBD"
0,0.57753,0,"HSMA33O1","IBD"
0,0.40525,0,"HSM7CZ22","IBD"
0,0.59112,0,"HSM7J4NE","IBD"
0,0.40166,0,"HSM7J4NC","IBD"
0,0.42347,0,"HSM7CZ1Z","IBD"
0,0.2249,0,"HSM7J4GR","IBD"
0,0.3384,0,"HSM7J4NM","IBD"
0,0.16787,0,"HSM7J4GP","IBD"
0,0.52962,0,"HSM7CZ1V","IBD"
0.00716,0,0.11785,"HSM67VIJ_P","IBD"
0.00059,0,0.04564,"HSM67VID","IBD"
0.0029,0,0.18673,"HSM67VIF","IBD"
0.00619,0,0,"HSM7J4N4","IBD"
0.01473,0,0,"HSM7J4NA","IBD"
0,0,0,"HSM67VIL","IBD"
0,0,0,"HSM7J4GD","IBD"
0,0,0,"HSM7J4MY","IBD"
0,0,0,"HSM7J4N8","IBD"
0.00045,0,0,"HSM7J4N6","IBD"
0,0.17293,0,"HSM7CYWS_P","IBD"
0,0,0,"HSMA33JZ","IBD"
0,0.57766,0,"HSM7CZ2Z","IBD"
0,0,0,"HSM7J4OP","IBD"
0,0,0.00899,"HSM7J4OV","IBD"
0,0,0,"HSM7CZ32","IBD"
0,0,0,"HSM7J4ON","IBD"
0.00572,0.01328,0,"HSM7J4OT","IBD"
0,0,0,"HSM7CZ36","IBD"
0,0,0,"HSM7J4L9","IBD"
0,0,0,"HSM7J4L5","IBD"
0,0,0,"HSM7J4OX","IBD"
0,0,0,"HSM7CZ38","IBD"
0,0.05392,0.0567,"HSM7CZ2V_P","IBD"
0,0.01243,0,"HSM7J4PA","IBD"
0,0,0,"HSM7CZ3G","IBD"
0,0.04372,0,"HSM7CZ3E","IBD"
0,0.04823,0,"HSMA33JD","IBD"
0,0.03829,0,"HSM7J4MK","IBD"
0,0.02054,0,"HSM7CZ3C","IBD"
0,0.03096,0,"HSM7CZ3A","IBD"
0,0.42691,0,"HSM7J4OB","IBD"
0,0.05491,0,"HSM7J4OE","IBD"
0,0.06972,0,"HSMA33JB","IBD"
0,0.04672,0,"HSM7J4OL","IBD"
0,0.00498,0,"HSM7J4Q3_P","IBD"
0,0,0,"HSM7J4OZ","IBD"
0,0,0,"HSM7J4MS","IBD"
0,0,0,"HSM7J4MW","IBD"
0,0,0,"HSM7J4Q7","IBD"
0,0,0,"HSMA33JR","IBD"
0,0,0,"HSMA33MV","IBD"
0,0,0.40252,"HSM7J4IC","IBD"
0,0,0,"HSM7J4Q9","IBD"
0,0,0,"HSM7J4Q1","IBD"
0,0,0,"HSMA33JN","IBD"
0,0,0,"HSM7J4P2","IBD"
0,0,0,"HSMA33JP","IBD"
0.00449,0.30692,0,"HSM7CZ2X_P","IBD"
0,0,0,"HSM7J4KA","IBD"
0,0,0,"HSM7J4K4","IBD"
0,0,0,"HSMA33MI","IBD"
0,0.17811,0,"HSMA33OP","IBD"
0,0.05173,0,"HSMA33MK","IBD"
0,0.13536,0,"HSMA33OT","IBD"
0,0.24351,0,"HSM7J4JZ","IBD"
0,0,0,"HSMA33MG","IBD"
0,0.25623,0,"HSMA33ME","IBD"
0,0.09127,0,"HSMA33OR","IBD"
0,0.4149,0,"HSM7J4HU","IBD"
0.40677,0.98385,0,"HSM7J4HS","IBD"
0.05769,0,0,"HSMA33MC","IBD"
0.16095,0.27526,0,"HSM7J4K8","IBD"
0.1823,0.29697,0,"HSM7J4K6","IBD"
0.04746,0.63698,0,"HSMA33MA","IBD"
0,0.08784,0,"HSM7J4K2","IBD"
0.01663,0.18326,0,"HSMA33OX","IBD"
0,0.25517,0,"HSM7J4HQ","IBD"
0.03228,0.3083,0,"HSM7J4HO","IBD"
0.23693,0.65221,0,"HSM7J4HM","IBD"
0,0.05804,0,"HSMA33OV","IBD"
0.00168,0.14901,0,"HSMA33OZ","IBD"
0,0,0,"HSMA33NG_P","IBD"
0,0,0,"HSMA33KO","IBD"
0,0,0,"HSM7J4J9","IBD"
0,0,0,"HSMA33KE","IBD"
0,0,0,"HSMA33Q6","IBD"
0,0,0,"HSMA33PX","IBD"
0,0,0,"HSMA33KM","IBD"
0,0,0,"HSM7J4J7","IBD"
0,0,0,"HSMA33NA","IBD"
0,0,0,"HSMA33NC","IBD"
0,0,0,"HSM7J4JD","IBD"
0,0,0,"HSM7J4JF","IBD"
0,0,0,"HSMA33PZ","IBD"
0,0,0,"HSM7J4LP","IBD"
0,0,0,"HSM7J4JH","IBD"
0,0,0,"HSM7J4JN","IBD"
0,0,0,"HSMA33NQ","IBD"
0,0,0,"HSMA33KQ","IBD"
0,0,0,"HSM7J4JP","IBD"
0,0,0,"HSMA33L1","IBD"
0,0,0,"HSMA33PL","IBD"
0,0,0,"HSMA33KU","IBD"
0,0,0,"HSMA33PN","IBD"
0,0,0,"HSMA33KS","IBD"
0,0,0,"HSM7J4JJ","IBD"
0,0,0,"HSMA33NO","IBD"
0,0,0,"HSM7J4JT_P","IBD"
0.02511,0,0,"HSMA33M2","IBD"
0.00351,0,0,"HSMA33M8","IBD"
0.03569,0,0,"HSMA33OD","IBD"
0.12511,0,0,"HSM7J4NS","IBD"
0,0,0,"HSMA33OL","IBD"
0.07264,0,0,"HSM7J4NU","IBD"
0.00517,0,0,"HSMA33OJ","IBD"
0.10329,0,0,"HSMA33LX","IBD"
0,0,0,"HSMA33LZ","IBD"
0,0,0,"HSM7J4NO","IBD"
0,0,0,"HSM7J4JV_P","IBD"
0,0,0,"HSMA33IO","IBD"
0,0,0,"HSMA33N4","IBD"
0,0,0,"HSMA33MX","IBD"
0,0.14634,0,"HSMA33IS","IBD"
0,0.00624,0,"HSMA33MZ","IBD"
0.06955,0.24709,0,"HSMA33RF","IBD"
0.01312,0.05439,0,"HSMA33RD","IBD"
0.27682,0,0,"HSMA33R9","IBD"
0.02301,0,0,"HSMA33QY","IBD"
0,0,0,"HSMA33IE","IBD"
0.0045,0,0,"HSMA33R7","IBD"
0,0,0,"HSMA33S4","IBD"
0.00584,0,0,"HSMA33IK","IBD"
0,0,0,"HSMA33IG","IBD"
0,0,0,"HSMA33R1","IBD"
0.00276,0,0,"HSMA33R5","IBD"
0.02559,0,0,"HSMA33LP","IBD"
0.00994,0.05216,0,"HSMA33P2_P","IBD"
0,0.21153,0,"HSMA33LB","IBD"
0,0,0,"HSMA33RR","IBD"
0,0,0,"HSMA33LH","IBD"
0,0,0,"HSMA33LH_TR","IBD"
0,0.06889,0,"HSMA33NW","IBD"
0.02031,0.2988,0,"HSMA33P6","IBD"
0,0,0,"HSMA33LJ","IBD"
0,0,0,"HSMA33RT","IBD"
0,0,0,"HSMA33RX_TR","IBD"
0,0.95902,0,"HSMA33IC","IBD"
0,0.13077,0,"HSMA33IA","IBD"
0,0,0,"HSMA33RX","IBD"
0,0.02081,0,"HSMA33J1_P","Healthy"
0.07799,0.18771,0,"HSMA33SG","Healthy"
0,0.05859,0,"HSMA33J7","Healthy"
0.05259,0.22203,0,"HSMA33J9","Healthy"
0.02107,0.0745,0,"HSMA33NY","Healthy"
0.15875,0.19613,0,"HSMA33SI","Healthy"
0.00314,0.34564,0,"HSMA33SK","Healthy"
0.00534,0.02592,0,"HSMA33MS","Healthy"
0.02047,0.05806,0,"HSMA33J5","Healthy"
0.03025,0.16196,0,"HSMA33QM","Healthy"
0.12683,0.22619,0,"HSMA33SE","Healthy"
0,0,0,"HSMA33QO","Healthy"
0,0.03251,0,"HSMA33J3","Healthy"
0,0,0,"MSM5LLD6_P","IBD"
0,0,0,"MSM5LLI4_P","IBD"
0,0,0,"MSM5LLHQ_P","IBD"
0,0,0,"MSM5LLHX_P","IBD"
0,0,0,"MSM5LLI6_P","IBD"
0,0,0,"MSM5LLI2_P","IBD"
0,0,0,"MSM5LLI8_P","IBD"
0,0,0,"MSM5LLDU","IBD"
0,0,0,"MSM6J2LB","IBD"
0,0,0,"MSM5LLDE","IBD"
0,0,0,"MSM5LLDS","IBD"
0,0,0,"MSM5LLDI","IBD"
0,0,0,"MSM5LLDK","IBD"
0,0,0,"MSM5LLDA","IBD"
0,0,0,"MSM5LLDM","IBD"
0,0,0,"MSM5LLDC","IBD"
0,0,0,"MSM5LLDQ","IBD"
0,0,0,"MSM5LLE9_P","IBD"
0,0,0,"MSM5LLE3_P","IBD"
0,0,0,"MSM5FZ9N_P","IBD"
0,0,0,"MSM633FF_P","IBD"
0,0,0.07699,"MSM5FZ9X_P","IBD"
0,0,0.00446,"MSM5FZA2_P","IBD"
0,0,0,"MSM5ZOJY_P","IBD"
0,0.00564,0,"MSM5LLGF_P","IBD"
0,0.00841,0,"MSM5LLGH_P","IBD"
0,0,0,"CSM5LLGB_P","IBD"
0,0,0,"MSM5LLGD_P","IBD"
0,0.00053,0,"MSM5LLGJ_P","IBD"
0,0,0,"MSM6J2J1","IBD"
0,0,0,"MSM6J2QR","IBD"
0,0,0,"MSM6J2IQ","IBD"
0,0.0016,0,"MSM5LLGL","IBD"
0,0.01343,0,"MSM6J2IY","IBD"
0,0.09835,0,"MSM5LLIG_P","IBD"
0,0.07834,0,"MSM5LLIE_P","IBD"
0.0152,0.0796,0,"MSM5LLHR_P","IBD"
0,0.05891,0,"MSM5LLIK_P","IBD"
0,0.2537,0,"MSM5LLIM_P","IBD"
0,0,0,"MSM5LLER","IBD"
0,0.08527,0,"MSM5LLEP","IBD"
0,0,0,"MSM6J2LT","IBD"
0,0,0,"MSM5LLHV_P","IBD"
0,0,0,"MSM5LLHE_P","IBD"
0,0.00339,0,"MSM5LLHG_P","IBD"
0.07125,0.1687,0,"MSM5LLIC_P","IBD"
0,0,0,"MSM5LLHI_P","IBD"
0,0.02628,0,"MSM5LLHO_P","IBD"
0,0,0,"MSM6J2JB","IBD"
0.00185,0.04627,0,"MSM6J2J3","IBD"
0.00225,0.06826,0,"MSM6J2J5","IBD"
0.00498,0.04466,0,"MSM6J2JD","IBD"
0,0.02341,0,"MSM6J2PK","IBD"
0,0.09145,0,"MSM6J2PM","IBD"
0,0,0,"MSM5LLFK_P","IBD"
0,0,0,"MSM5LLFM_P","IBD"
0,0,0,"MSM5LLFU_P","IBD"
0,0,0,"MSM5LLIQ_P","IBD"
0,0,0,"MSM5LLFO_P","IBD"
0,0,0,"MSM6J2HH","IBD"
0,0,0,"MSM6J2OH","IBD"
0,0,0,"MSM6J2HJ","IBD"
0,0,0,"MSM6J2HD","IBD"
0,0,0,"MSM6J2HF","IBD"
0,0,0,"MSM6J2HL","IBD"
0,0,0,"MSM6J2ON","IBD"
0,0,0,"MSM6J2OL","IBD"
0,0,0,"MSM6J2OP","IBD"
0,0,0,"MSM79HEA","IBD"
0,0,0,"MSM6J2OJ","IBD"
0,0,0,"MSM5LLHA_P","IBD"
0,0.03034,0,"MSM5LLH2_P","IBD"
0,0.00121,0,"MSM5LLIS_P","IBD"
0,0,0,"MSM5LLH8_P","IBD"
0,4e-04,0,"MSM5LLH4_P","IBD"
0,0,0.8171,"MSM6J2KM","IBD"
0,0,1.55278,"MSM6J2KE","IBD"
0.01126,0.01707,3.74549,"MSM6J2RA","IBD"
0.00695,0.01676,0.02007,"MSM5LLHC","IBD"
0.00103,0.00474,0.86457,"MSM6J2R8","IBD"
0.01017,0.01574,0.02435,"MSM6J2KC","IBD"
0,0.01301,0.53757,"MSM6J2R2","IBD"
0.00335,0.0217,0.5905,"MSM6J2RC","IBD"
0,0,0,"MSM5LLFG_P","IBD"
0,0.02025,0,"MSM5LLGR_P","IBD"
0,0,0,"MSM5LLGN_P","IBD"
0,0,0,"MSM6J2II","IBD"
0,0,0,"MSM79H67","IBD"
0,0,0,"MSM6J2IM","IBD"
0,0,0,"MSM6J2Q3","IBD"
0,0,0,"MSM6J2IG","IBD"
0,0,0,"MSM6J2QD","IBD"
0,0,0,"MSM79H69","IBD"
0,0,0,"MSM6J2IE","IBD"
0,0,0,"MSM6J2Q9","IBD"
0,0,0,"MSM6J2QB","IBD"
0,0,0.00061,"MSM6J2IO","IBD"
0,0,0,"MSM6J2IK","IBD"
0,0,0,"MSM79H65","IBD"
0,0,0,"MSM79H63","IBD"
0,0,0,"MSM6J2Q5","IBD"
0,0,0,"MSM6J2Q7","IBD"
0,0,0,"MSM79H6B","IBD"
0,0,0.34046,"MSM5LLF2_P","IBD"
0,0,0,"MSM79HBP","IBD"
0,0,0,"MSM5LLF4","IBD"
0,0,0,"MSM79HBV","IBD"
0,0,0,"MSM79HBT","IBD"
0,0,0,"MSM6J2MJ","IBD"
0,0,0,"MSM79HBN","IBD"
0,0,0,"MSM6J2LH","IBD"
0,0,0,"MSM5LLF8","IBD"
0,0,0,"MSM6J2LR","IBD"
0,0,0,"MSM6J2ML","IBD"
0,0,0,"MSM6J2MB","IBD"
0,0,0,"MSM6J2LL","IBD"
0,0,0,"MSM79HBR","IBD"
0,0,0,"MSM6J2LJ","IBD"
0,0,0,"MSM6J2MH","IBD"
0,0,0,"MSM6J2MF","IBD"
0,0,0,"MSM5LLF6","IBD"
0,0,0,"MSM6J2MD","IBD"
0,0,0,"MSM6J2LN","IBD"
0.00547,0,0,"CSM6J2H9_P","Healthy"
0,0,0,"MSM6J2HP","Healthy"
0,0,0,"MSM79H5U","Healthy"
0.00762,0,0,"MSM6J2QJ","Healthy"
0,0,0.07041,"MSM79HAH","Healthy"
0.01781,0,0,"MSM79H5S","Healthy"
0,0,0,"MSM6J2QH","Healthy"
0,0,0,"MSM79H5Q","Healthy"
0,0,0,"MSM6J2QF","Healthy"
0,0,0,"MSM6J2QP","Healthy"
0,0,0,"MSM79H5Y","Healthy"
0,0,0,"MSM6J2HR","Healthy"
0,0,0,"MSM6J2QL","Healthy"
0,0,0,"MSM6J2HT","Healthy"
0,0,0,"MSM6J2HN","Healthy"
0,0,0.02689,"MSM6J2JF_P","Healthy"
0,0.00836,0,"MSM79HEW","Healthy"
0,0,0,"MSM6J2JP","Healthy"
0,0,0,"MSM6J2LV","Healthy"
0,0.02827,0,"MSM79HB6","Healthy"
0,0.00149,0,"MSM79HEU","Healthy"
0,0,0,"MSM79HEY","Healthy"
0,0,0,"MSM6J2SI","Healthy"
0,0.24246,0,"MSM79HES","Healthy"
0,0,0,"MSM6J2JT","Healthy"
0,0,0,"MSM6J2SE","Healthy"
0,0,0,"MSM6J2SK","Healthy"
0,0,0,"MSM6J2JR","Healthy"
0,0,0,"MSM6J2JN","Healthy"
0,0,2.38934,"MSM6J2JH_P","Healthy"
0,0,0.1481,"MSM79H6F","Healthy"
0,0.00317,0.86891,"MSM6J2K8","Healthy"
0,0.01051,0.20989,"MSM6J2K2","Healthy"
0,0.00236,0.33721,"MSM6J2JZ","Healthy"
0,0.00878,1.04313,"MSM79H9Y","Healthy"
0.00814,0.10802,0.58471,"MSM6J2KA","Healthy"
0,0.0072,0.26705,"MSM79H6H","Healthy"
0.00174,0.01437,0.37081,"MSM6J2RO","Healthy"
0,0.00889,0.94288,"MSM79HA7","Healthy"
0,0.01851,0.33913,"MSM79H6L","Healthy"
0,0.01447,0.15532,"MSM79HA3","Healthy"
0,0.02372,1.33811,"MSM79H6J","Healthy"
0,0,0.15222,"MSM6J2RS","Healthy"
0.00236,0.01803,0.26618,"MSM6J2K6","Healthy"
0.00957,0.06521,0,"MSM6J2RM","Healthy"
0,0.07183,0.31764,"MSM79H6N","Healthy"
0,0.01145,1.36056,"MSM79HA1","Healthy"
0.00661,0.03837,0.71596,"MSM79H6D","Healthy"
0.00038,0.01765,0.93221,"MSM6J2RK","Healthy"
0.01628,0.04763,4.85966,"MSM6J2RU","Healthy"
0,0.00764,0.0941,"MSM6J2K4","Healthy"
0,0.01679,0.84566,"MSM6J2RQ","Healthy"
0.85352,0.60911,0,"MSM6J2PQ_P","Healthy"
0.47142,0.46565,0,"MSM6J2PU","Healthy"
0.20006,0.5575,0,"MSM6J2PO","Healthy"
0.69299,0.40741,0,"MSM9VZNH_TR","Healthy"
0.27504,0.18688,0,"MSM6J2PW","Healthy"
0.77538,0.61256,0,"MSM9VZNL","Healthy"
0.08356,0.19122,0,"MSM79H7Y","Healthy"
0.18591,0.41416,0,"MSM79HC8","Healthy"
0.68991,0.49164,0,"MSM9VZNH","Healthy"
0.05825,0.14454,0,"MSM79H7W","Healthy"
0.17903,0.11441,0,"MSM6J2PS","Healthy"
0,0.0317,0.00113,"MSM79H7O","Healthy"
0.17333,0.16481,0.00087,"MSM79HC4","Healthy"
0.02502,0.17629,0,"MSM79H7Q","Healthy"
0.09289,0.1321,0,"MSM6J2M3_P","Healthy"
0,0.14137,0,"MSM79H6Y","Healthy"
0.01422,0.10154,0,"MSM79HBB","Healthy"
0,0.08067,0,"MSM6J2LY","Healthy"
0.05696,0.15164,0.0011,"MSM6J2M3","Healthy"
0,0.07344,0,"MSM79HBL","Healthy"
0.0158,0.01977,0,"MSM79HFW","Healthy"
0,0.02572,0,"MSM79HFY","Healthy"
0,0.01974,0,"MSM6J2Q1","Healthy"
0,0.10364,0,"MSM6J2LW","Healthy"
0.00977,0.09967,0,"MSM6J2RG_P","IBD"
0.93882,0,0,"MSM6J2N6_P","IBD"
0,0,0,"MSM79H52_P","Healthy"
0,0,0,"MSM79H9K","Healthy"
0,0,0,"MSM79H5A","Healthy"
0,0,0,"MSM79H9C","Healthy"
0,0,0,"MSM79H54","Healthy"
0,0,0,"MSM79H58","Healthy"
0,0,0,"MSM9VZFH","Healthy"
0,0,0,"MSM79H9G","Healthy"
0,0,0,"MSM9VZFF","Healthy"
0,0,0,"MSM79H9A","Healthy"
0,0,0,"MSM9VZPT","Healthy"
0,0,0,"MSM9VZF7","Healthy"
0.45778,0.4816,9.0658,"MSM9VZGS","Healthy"
1.51275,0.54212,0.27689,"MSM9VZHF","Healthy"
0.77735,0.16267,4.7663,"MSM9VZGU","Healthy"
0.08046,0.13097,0.88846,"MSM79H5E","Healthy"
0.06085,0.07035,2.4292,"MSM79H9Q","Healthy"
0.06726,0.19798,2.64665,"MSM9VZGO","Healthy"
0.01529,0.02058,1.46413,"MSM79H5G","Healthy"
0.55687,0.52025,0.03023,"MSM9VZHB","Healthy"
0.19891,0.39832,7.64932,"MSM9VZLJ","Healthy"
0.02109,0.08,2.39299,"MSM79H9M","Healthy"
0.0139,0.01532,0.93781,"MSM79H9W","Healthy"
0.03228,0.06443,2.02934,"MSM79H5K","Healthy"
0.06878,0.09993,5.61008,"MSM79H5M","Healthy"
0.07547,0.2793,0.1551,"MSM79HF1_P","IBD"
0.47932,4.05497,0.21263,"MSM79HF9_TR","IBD"
0.10661,0.20343,0.2736,"MSMA26ER","IBD"
0.7015,4.31252,0.20755,"MSM79HF9","IBD"
0.04081,0.52548,2.03853,"MSM79HF3","IBD"
0.08,0.38767,0.45023,"MSM9VZLP","IBD"
0.1167,0.65125,1.31807,"MSM9VZLR","IBD"
0.1488,0.18793,0.4709,"MSMA26ET","IBD"
0.62958,0.89516,2.85564,"MSM9VZLT","IBD"
0.01649,0.01647,0.07879,"MSMA26EZ","IBD"
0.07082,1.13418,2.47114,"MSM79HAJ","IBD"
0.12725,0.34317,0.11371,"MSM79HAT","IBD"
0.09731,0.05534,0.1577,"MSMA2688","IBD"
0.00522,0.27125,1.39018,"MSM79HAL","IBD"
0.27555,0.639,1.43467,"MSM9VZLV","IBD"
0.02102,0.28464,0.6183,"MSM79HF5","IBD"
0.13031,0.34379,0.3077,"MSM9VZLN","IBD"
0.01059,0.3052,0.25729,"MSM79HAR","IBD"
0.1494,0.83934,1.61343,"MSM79HAN","IBD"
0.06057,0.11388,0.06927,"MSM9VZLL","IBD"
0.04005,0.25545,0.36249,"MSM79HF7","IBD"
0.08609,1.10535,2.12623,"MSM79HFB","IBD"
0,0.02239,1.64191,"MSM79H9U_P","IBD"
0.0137,0.00222,0,"MSM79HBX_P","IBD"
0.06124,0.02239,0,"MSM79HDO","IBD"
1.00355,0.08927,0,"MSM9VZEK_TR","IBD"
0.04847,0.38803,0,"MSMA26AN","IBD"
0.03263,0.06657,0,"MSM79HDS","IBD"
0.05322,0.11744,0,"MSM9VZEK","IBD"
0.07317,0.06361,0,"MSM79HDQ_TR","IBD"
0,0.73144,0,"MSM79HDM","IBD"
0.01788,0.05276,0,"MSMA26AR","IBD"
0.11581,0.46345,0,"MSMA26AL","IBD"
0.11601,0.20302,0,"MSM9VZES","IBD"
0.2578,0.11289,0,"MSM7J16N","IBD"
0.06351,0.06508,0,"MSM7J16J","IBD"
0.00621,0.17693,0,"MSMA26AT","IBD"
0.01476,0.04119,0,"MSM9VZEM","IBD"
0.02823,0.08761,0,"MSM79HDQ","IBD"
0,0,0,"MSM9VZJB","IBD"
0.02558,0.10557,0,"MSMA26AP","IBD"
0,0.27805,0,"MSM79HDK","IBD"
0.00034,0.00902,0,"MSM79HDU","IBD"
0.00033,0.19102,0,"MSM9VZEO","IBD"
0.07362,0.11175,0,"MSM7J16P","IBD"
0.02746,0.06516,0,"MSM9VZEQ","IBD"
0.06672,0.02599,0,"MSM7J16R","IBD"
0.06238,0.01983,0,"MSM7J16L","IBD"
0,0.02836,0,"MSM79H98","IBD"
0,0.00316,0,"MSM79HD8_P","IBD"
0,0,0,"MSMA26EP","IBD"
0,0,0,"MSMA26EH","IBD"
0,0,0,"MSM79HBZ","IBD"
0,0,0,"MSM9VZOU","IBD"
0.6883,0.11825,0,"MSMA26EN","IBD"
0.34104,0.00818,0,"MSMA26EL","IBD"
0,0,0,"MSM9VZF5","IBD"
0,0,0,"MSM79HDA","IBD"
0,0,0,"MSM79HDG","IBD"
0,0,0,"MSM9VZOY","IBD"
0,0,0,"MSM9VZF1","IBD"
0,0,0,"MSMA26EJ","IBD"
0,0,0,"MSM9VZP3","IBD"
0,0,0,"MSM79HDI","IBD"
0,0,0,"MSM9VZOS","IBD"
0,0,0,"MSM79HDG_TR","IBD"
0,0,0,"MSM9VZP1","IBD"
0,0,0,"MSM9VZEU","IBD"
0,0,0,"MSM9VZEW","IBD"
0,0,0,"MSM9VZF3","IBD"
0,0,0,"MSM79HDE","IBD"
0,0,0,"MSM79HDC","IBD"
0,0,0,"MSM9VZOW","IBD"
0,0,0,"MSM9VZEY","IBD"
0,0.01225,0,"MSM79HD6_P","IBD"
0,0.23794,0,"MSMA26AX","IBD"
0,0.45024,0,"MSMA26AV","IBD"
0,0.08996,0,"MSMA26AZ_TR","IBD"
0,0,0,"MSM79H7M","IBD"
0,0.08286,0,"MSMB4LZ4","IBD"
0,0.11678,0,"MSMA26AZ","IBD"
0.0506,0.15572,0,"MSM79H7E","IBD"
0,0.04056,0,"MSM79H7G","IBD"
0,0.07656,0,"MSM79H7C","IBD"
0,0,0.0274,"MSM79HCN_P","Healthy"
0,0.02498,3.96597,"MSM9VZHL","Healthy"
0,0.14668,0.00065,"MSM79HCR","Healthy"
0.07393,0.26638,0.00575,"MSM9VZOK","Healthy"
0.00094,0.10637,1.62689,"MSM9VZHT","Healthy"
0,0,0,"MSM9VZOQ","Healthy"
0,0.0468,1.93076,"MSM9VZHP","Healthy"
0,0,0,"MSM9VZHJ","Healthy"
0.01257,0.176,1.15877,"MSM79H89","Healthy"
0,0.06625,0,"MSM9VZOO","Healthy"
0,0.00479,0.19478,"MSM79HCK","Healthy"
0.02269,0.06151,0.45612,"MSM9VZHR","Healthy"
0,0.00188,1.58829,"MSM79H8B","Healthy"
0,0.0728,0.01829,"MSM9VZOI","Healthy"
0.01804,0.03049,0.83895,"MSM79H81","Healthy"
0,0.02174,0.25842,"MSM79HCI","Healthy"
0,0.00875,0.69618,"MSM9VZOM","Healthy"
0,0.02885,0.11978,"MSM79HCP","Healthy"
0.00156,0.00656,2.28292,"MSM9VZHN","Healthy"
0.00607,0.05439,0.88319,"MSM79H85","Healthy"
0,0.02388,0.73457,"MSM79H87","Healthy"
0,0.05044,0.85849,"MSM9VZOG","Healthy"
0,0.01548,0.92787,"MSM79HCG","Healthy"
0.00261,0.05565,0.92298,"MSM79H83","Healthy"
0,0.077,0,"MSM79H8J_P","Healthy"
0,0.0527,0,"MSM9VZGY","Healthy"
0,0.17285,0,"MSM9VZH7","Healthy"
0,0.14892,0,"MSM79H8H","Healthy"
0,0.025,0,"MSM79H8L","Healthy"
0,0.4196,0,"MSM9VZGW","Healthy"
0,0.00455,0,"MSM79H8F","Healthy"
0,0.19127,0,"MSMAPC7J","Healthy"
0,0.0045,0,"MSM79H8N","Healthy"
0,0.04448,0,"MSM79H8D","Healthy"
0,0.11222,0,"MSM9VZJZ","Healthy"
0,0,0,"MSM79H94_P","Healthy"
0,0,0,"MSM9VZHZ","Healthy"
0,0,0,"MSMB4LZC","Healthy"
0,0,0,"MSM9VZME","Healthy"
0,0,0,"MSMAPC7P","Healthy"
0,0,0,"MSMAPC7R","Healthy"
0,0,0,"MSMAPC7T","Healthy"
0,0,0,"MSM9VZMA_TR","Healthy"
0,0,0,"MSM9VZI2","Healthy"
0,0,0,"MSM9VZHX","Healthy"
0,0,0,"MSM9VZI6","Healthy"
0,0,0,"MSM9VZMC","Healthy"
0,0,0,"MSM9VZMA","Healthy"
0,0,0,"MSM9VZMI","Healthy"
0,0.11416,0,"MSM9VZFJ_P","Healthy"
0,0.49959,0,"MSMA26BV","Healthy"
0,0.52281,0,"MSMA26BR","Healthy"
0,0.55495,0,"MSM9VZKC","Healthy"
0.00219,0.40862,0,"MSM9VZFT","Healthy"
0,0.24357,0,"MSMA26BX","Healthy"
0,0.32192,0,"MSM9VZFN","Healthy"
0,0.11565,0,"MSM9VZFL","Healthy"
0.01974,1.46118,0,"MSMB4LZ8","Healthy"
0,0.34465,0,"MSM9VZKI","Healthy"
0,0.68194,0,"MSMA26BN","Healthy"
0,0.09559,0,"MSM9VZFR","Healthy"
0,0.19697,0,"MSM9VZKE","Healthy"
0,0.4436,0,"MSMA26BT","Healthy"
0,0,0,"MSM9VZN4_P","IBD"
0,0.00615,0,"MSM9VZLX_P","IBD"
0,0,0,"MSM9VZLZ","IBD"
0,0,0,"MSM9VZIO","IBD"
0,0,0,"MSMAPC5B","IBD"
0,0,0,"MSM9VZIM","IBD"
0,0,0,"MSMAPC57","IBD"
0,0,0,"MSMB4LZP","IBD"
0,0,0,"MSMAPC59","IBD"
0,0,0,"MSM9VZNR","IBD"
0,0,0,"MSM9VZNZ","IBD"
0,0,0,"MSM9VZIW","IBD"
0,0,0,"MSMAPC5D","IBD"
0,0,0,"MSM9VZIS","IBD"
0,0,0,"MSMB4LZR","IBD"
0.09549,0.29379,0,"MSMAPC55","IBD"
0,0,0,"MSM9VZIQ","IBD"
0,0,0,"MSM9VZO2","IBD"
0,0,0,"MSM9VZIU","IBD"
0,0,0,"MSM9VZNX","IBD"
0.12603,0.01705,0,"MSMB4LZV","Healthy"
0.02776,0.02405,0,"MSMB4LZX","Healthy"
0,0,0,"MSM9VZLD","Healthy"
0.0126,0.00392,0,"MSM9VZLF","Healthy"
0,0,0,"MSM9VZL7","Healthy"
0,0,0,"MSMA26BD","Healthy"
0.01672,0,0,"MSM9VZLH","Healthy"
0.01518,0.03927,0,"MSMAPC6O","Healthy"
0,0.01649,0,"MSMA26BH","Healthy"
0.02065,0.02085,0,"MSMA26BJ","Healthy"
0,0,0,"MSM9VZMO","Healthy"
0,0.00733,0,"MSMA26BF","Healthy"
0.00237,0.05674,0,"MSMAPC6M","Healthy"
0.00078,0,0,"MSM9VZMW","Healthy"
0,0,0,"MSM9VZMS","Healthy"
0,0.01512,0,"MSMB4LZZ","Healthy"
0.00163,0,0,"MSMA26BL","Healthy"
0.01956,0.01296,0,"MSM9VZL9","Healthy"
0.0228,0.07618,0,"MSMAPC6K","Healthy"
0,0.00265,0,"MSMA26BB","Healthy"
0,0,0,"MSM9VZMU","Healthy"
0.00678,0.00093,0,"MSM9VZLB","Healthy"
0,0.00126,0,"MSM9VZMM","Healthy"
0,0,0,"MSM9VZM4_P","IBD"
0,0.21148,0,"MSM9VZPN","IBD"
0.00862,0.0458,0,"MSMAPC6A","IBD"
0,0.00871,0,"MSM9VZIY","IBD"
0,0.0018,0,"MSMA26CV","IBD"
0,0.07524,0,"MSMB4LYB","IBD"
0.01516,0.26191,0,"MSM9VZPH","IBD"
0,0.01483,0,"MSMAPC6C","IBD"
0,0.08984,0,"MSM9VZPL","IBD"
0,0.01379,0,"MSMAPC6E","IBD"
0.02081,0.08427,0,"MSMAPC6G","IBD"
0,0,0,"MSMA26CX","IBD"
0.11123,0.48362,0,"MSMB4LXY","IBD"
0.00594,0.03503,0,"MSM9VZJ3","IBD"
0,0,0,"MSM9VZJJ_P","IBD"
0.23224,1.09249,0,"MSM9VZJF_P","IBD"
0.10233,0.05359,0,"MSMB4LXW","Healthy"
0,0,0,"MSMA26DG","Healthy"
0,0,0,"MSMAPC5H","Healthy"
0,1.5879,0,"MSMB4LXS","Healthy"
0.01055,0.00741,0,"MSMAPC5L","Healthy"
0.1863,0.1185,0,"MSMA26DI","Healthy"
0.00521,0.02386,0,"MSMB4LZK","Healthy"
0.01232,0.00935,0,"MSMA26DM","Healthy"
0.05198,0.023,0,"MSMA26DO","Healthy"
0.01646,0.03119,0,"MSMA26DK","Healthy"
0.03053,0,0,"MSM9VZL5","Healthy"
0.09648,0.43377,1.6964,"MSMAPC66","IBD"
2.38853,0.90477,0.84153,"MSMAPC64","IBD"
0.21607,0.5397,1.55243,"MSMB4LYH","IBD"
0.00269,0.28796,0,"MSMA2684","IBD"
0.10467,0.34513,0.38832,"MSMA267X","IBD"
0.27307,0.43542,0.0635,"MSMAPC5Z","IBD"
0.01439,0.27329,2.3738,"MSMA267V","IBD"
0,0.0439,0,"PSM6XBQM_P","IBD"
0.05266,0.55885,0,"PSM6XBQY","IBD"
0.12682,0.71213,0,"PSM6XBQY_TR","IBD"
0.01386,0.05817,0,"PSM6XBT1","IBD"
0,0.17687,0,"PSM7J13E","IBD"
0.09214,0.17702,0,"PSM6XBQS","IBD"
0.00205,0.02747,0,"PSM6XBSU","IBD"
0,0.00789,0,"PSM7J136","IBD"
0.05513,0.01281,0,"PSM6XBQU","IBD"
0.01458,0.04704,0,"PSM6XBR1","IBD"
0.07577,0.09112,0,"PSM7J1CC","IBD"
0,0.24948,0,"PSM7J1CI","IBD"
0,0,0,"PSM7J1CG","IBD"
0.00602,0.02908,0,"PSM7J1C8","IBD"
0.02425,0.05952,0,"PSM6XBSS","IBD"
0,0,0,"PSM7J13U_P","IBD"
0,0,0,"PSM7J1CS_P","IBD"
0,0.47553,0,"PSM6XBSC_P","IBD"
0.04223,0.1438,0,"PSM7J1CK_P","IBD"
0.02528,0.32487,0,"PSM6XBTF_P","IBD"
0,0,0,"PSM7J13Y_P","IBD"
0.00426,0.07852,0,"PSM6XBTH_P","IBD"
0,0,0,"PSM7J143_P","IBD"
0.00239,0.23222,0,"PSM6XBTN_P","IBD"
0.01096,0.1451,0,"PSM6XBS2_P","IBD"
0.23342,0.57423,0,"PSM6XBS4_P","IBD"
0.02546,0.27312,0,"PSM6XBRK_P","IBD"
0.01763,0.8775,0,"PSM6XBRK_TR","IBD"
0.00849,0.26588,0,"PSM6XBRK","IBD"
0.0841,0.42239,0,"PSM6XBS8","IBD"
0.01286,0.1842,0,"PSM6XBSA","IBD"
0,0,0,"PSM7J1CU","IBD"
0,0,0,"PSM7J13Y","IBD"
0.02727,0.6446,0,"PSM6XBTP","IBD"
0.30374,0.57704,0,"PSM6XBS4","IBD"
0.05741,0.18986,0,"PSM6XBTL","IBD"
0,0,0,"PSM7J141","IBD"
0,0.05204,0.00662,"PSM6XBRM_P","IBD"
0.10102,0.70831,0,"PSM6XBUI","IBD"
0,0.05419,0,"PSM6XBSO","IBD"
0,0.08272,0,"PSM6XBV2","IBD"
0.35606,0.5721,0,"PSM7J14T","IBD"
0,0.00836,0.07744,"PSM6XBSM","IBD"
0,0.20615,0,"PSM7J18M","IBD"
0.02107,0.02583,0,"PSM6XBUG","IBD"
0,0,0,"PSM7J14L","IBD"
0,0,0,"PSM6XBV4","IBD"
0.01005,0.14209,0,"PSM6XBSI","IBD"
0.00845,0.03451,0.02713,"PSM6XBSK","IBD"
0.81872,1.65157,0,"PSM7J14N","IBD"
0.00487,0.11679,0,"PSM7J18K","IBD"
0.0299,0.10303,0,"PSM6XBUO","IBD"
0.23443,0.32805,0,"PSM7J14P","IBD"
0,0.16264,0,"PSM6XBUM","IBD"
0.65368,0.76517,0,"PSM7J18I","IBD"
0.21899,0.36432,0,"PSM7J18G","IBD"
0.00119,0.18368,0,"PSM6XBUK","IBD"
0.09214,0.27789,0,"PSM7J18E","IBD"
0.01712,0.06712,0,"PSM6XBUQ","IBD"
0.15228,0.48666,0,"PSM7J14R","IBD"
0,0.00446,0,"PSM6XBSE_P","IBD"
0,0,0,"PSM6XBSE","IBD"
0,0,0,"PSM7J1BD","IBD"
0,0.05294,0,"PSM6XBVO","IBD"
0,0.11191,0,"PSM6XBVM","IBD"
0,0.04956,0,"PSM6XBVK","IBD"
0,0.13559,0,"PSM7J1B9","IBD"
0,0.00279,0,"PSM7J1B7","IBD"
0,0.18987,0,"PSM6XBVI","IBD"
0,0.02121,0,"PSM7J18Q","IBD"
0,0.00592,0,"PSM7J1BF","IBD"
0,0.05565,0,"PSM6XBVS","IBD"
0,0.05216,0,"PSM7J1BB","IBD"
0,0.07642,0,"PSM6XBVQ","IBD"
0,0,0,"PSM6XBSG_P","IBD"
0,0,0,"PSM7J16H","IBD"
0,0,0,"PSM7J16B","IBD"
0,0,0,"PSM6XBT9","IBD"
0,0,0,"PSM6XBT5","IBD"
0,0,0,"PSM6XBT3","IBD"
0,0,0,"PSM6XBT7","IBD"
0,0,0,"PSM7J12F","IBD"
0,0,0,"PSM7J1AM","IBD"
0,0,0,"PSM6XBTB","IBD"
0,0,0,"PSM7J1AO","IBD"
0,0,0,"PSM7J169","IBD"
0,0,0,"PSM7J16F","IBD"
0,0,0,"PSM7J1AU","IBD"
0,0,0,"PSM7J1AQ","IBD"
0,0,0,"PSM7J12D","IBD"
0,0,0,"PSM7J193","IBD"
0,0,0,"PSM7J1AS","IBD"
0,0,0,"PSM7J12B","IBD"
0,0,0,"PSM7J127","IBD"
0,0.02598,0,"PSM6XBTZ_P","Healthy"
0,0.15049,0,"PSM7J1DF","Healthy"
0.01299,0.13031,0,"PSM6XBTX","Healthy"
0.00556,0.1257,0,"PSM7J14X","Healthy"
0,0.07756,0,"PSM7J156","Healthy"
0,0.10583,0,"PSM7J1DL","Healthy"
0.02665,0.16667,0,"PSM6XBU2","Healthy"
0,0.17218,0,"PSM7J154","Healthy"
0.01132,0.0714,0,"PSM6XBTT","Healthy"
0,0.01038,0,"PSM6XBTR","Healthy"
0,0.4121,0,"PSM6XBVY_P","IBD"
0,0.45281,0,"PSM7J19F","IBD"
0,1.3322,0,"PSM7J19H","IBD"
0,0.49531,0,"PSMA265N","IBD"
0,0.84599,0,"PSM7J15I","IBD"
0,3.04913,0,"PSM7J17T","IBD"
0,1.60343,0,"PSM7J15A","IBD"
0,0.61273,0,"PSM7J158","IBD"
0,0.40838,0,"PSM7J15G","IBD"
0,0.23277,0,"PSMA265T","IBD"
0,0.4697,0,"PSM7J19J","IBD"
0,1.09659,0,"PSM7J17L","IBD"
0,0.44711,0,"PSM7J19B","IBD"
0,0,0,"PSM7J199","IBD"
0.06428,0.07614,0,"PSM6XBW1_P","Healthy"
0,0.01378,0,"PSM7J171","Healthy"
0.04939,0.04975,0,"PSM7J16U","Healthy"
0.15775,0.58822,0,"PSM7J19R","Healthy"
0.06383,0.40386,0,"PSM7J16Y","Healthy"
0.00099,0.1996,0,"PSM7J16W","Healthy"
0.00916,0.06928,0,"PSM7J19N","Healthy"
0.00322,0.03089,0,"PSM7J173","Healthy"
0,0.00654,0,"PSM7J19T","Healthy"
0,0.02778,0,"PSM7J19P","Healthy"
0,0,0,"PSM7J19X_P","Healthy"
0,0,0,"PSM7J17X","Healthy"
0,0,0,"PSM6XBW3","Healthy"
0,0,0,"PSM7J19Z","Healthy"
0,0,0.23639,"PSM7J15U","Healthy"
0,0,0,"PSM7J15M","Healthy"
0,0,0,"PSM7J1A6","Healthy"
0,0,0,"PSM7J1A2","Healthy"
0,0,0.0318,"PSMA265H","Healthy"
0,0.17478,0,"PSM7J1A4","Healthy"
0,0,0,"PSM7J15O","Healthy"
0,0,0,"PSM7J15K","Healthy"
0,0,0,"PSMA265F","Healthy"
0,0,0,"PSM7J17V","Healthy"
0,0,0,"PSM7J15Q","Healthy"
0,0,0,"PSM7J186","Healthy"
0,0,0.04235,"PSM7J15S","Healthy"
0,0,0,"PSM7J17Z","Healthy"
0,0,0.04169,"PSMA265D","Healthy"
0,0,0.08944,"PSMA265L","Healthy"
0,0,0,"PSM7J184","Healthy"
0,0,0,"PSM7J1A8","Healthy"
0,0,0,"PSM7J182","Healthy"
0,0,0.25413,"PSMA265J","Healthy"
0,0,0.25413,"PSMA265J_TR","Healthy"
0,0,0,"PSM7J1BN_P","IBD"
0,0,0,"PSM7J1BL","IBD"
0,0,0,"PSM7J1BJ","IBD"
0,0,0,"PSM7J1BP","IBD"
0,0,0,"PSM7J1BR","IBD"
0,0,0,"PSMA263W","IBD"
0,0,0,"PSM7J12J","IBD"
0,0,0,"PSMA263U","IBD"
0,0,0,"PSMA263S","IBD"
0,0,0,"PSM7J12R","IBD"
0,0,0,"PSMA263M","IBD"
0,0,0,"PSM7J1C2_P","IBD"
0.23268,0.80225,0,"PSM7J1BX","IBD"
0.01348,0.10105,0,"PSM7J1C4","IBD"
0,0.03274,0,"PSM7J1BV","IBD"
0.01806,0.19769,0,"PSM7J12V","IBD"
0.00096,0.04192,0,"PSMA264K","IBD"
0.0188,0.11151,0,"PSM7J12Z","IBD"
0,0.05036,0.481,"PSM7J1B3_P","IBD"
0,0,0,"PSM7J17F","IBD"
0,0,0,"PSM7J17D","IBD"
0,0,0,"PSM7J179","IBD"
0,0,0,"PSM7J17B","IBD"
0,0.4724,0,"PSM7J15W","IBD"
0,0,0,"PSM7J163","IBD"
0,0,0,"PSMA2668","IBD"
0,0,0,"PSM7J161","IBD"
0,0.03577,0,"PSMA2651_P","IBD"
0,0.08745,0,"PSM7J13K","IBD"
0,0.07924,0,"PSMA265B","IBD"
0,0.1883,0,"PSMA2653","IBD"
0,0.1466,0,"PSM7J13I","IBD"
0,0.26192,0,"PSMA267H","IBD"
0,0.01464,0,"PSM7J13M","IBD"
0,0.0313,0,"PSMA2659","IBD"
0,0.20341,0,"PSMA267F","IBD"
0,0.02054,0,"PSMA267D","IBD"
0,0.00822,0,"PSM7J13Q","IBD"
0,0.31969,0,"PSMB4MC7","IBD"
0,0.08622,0,"PSMA264Q","IBD"
0,1.09383,0,"PSMB4MBK","IBD"
0,0.12624,0,"PSMA264S","IBD"
0,0,0,"PSMA264O","IBD"
0,0.19858,0,"PSMA264W","IBD"
0,0.23456,0,"PSMA267R","IBD"
0,0.07471,0,"PSMA264U","IBD"
0,0.03184,0,"PSMB4MBI","IBD"
0,0.06073,0,"PSMA267P","IBD"
0,0.01912,0,"PSMA267J","IBD"
0,0.25567,0,"PSM7J4EF","IBD"
0.01912,0.42435,0,"PSMA266Q","IBD"
0.02644,0.56504,0,"PSMA269G","IBD"
0.04362,1.25979,0,"PSMA266O","IBD"
0.06631,0.29669,0,"PSMA266I","IBD"
0.03212,1.05581,0,"PSMB4MBS","IBD"
0.07843,1.74128,0,"PSMA266M","IBD"
0.01622,0.51257,0,"PSMA269O","IBD"
0,0,0,"PSMA266U","IBD"
0,0,0,"PSMB4MC5","IBD"
0,0,0,"PSMB4MC3","IBD"
0,0,0,"PSMA269S","IBD"
0,0,0,"PSMA2671","IBD"
0,0,0,"PSMA266Y","IBD"
0,0,0,"PSMA26A3","IBD"
0,0,0,"PSMA2675","IBD"
0,0,0,"PSMA269W","IBD"
0,0,0,"PSMA265X","IBD"
0,0,0,"PSMA26A1","IBD"
0,0,0,"PSMB4MC1","IBD"
0,0,0,"SKST006_7_G102965","IBD"
0,0,0,"SKST006_9_G103014","IBD"
0,0,0,"SKST006_6_G102964","IBD"
0,0,0,"SKST006_5_G102963","IBD"
0,0,0,"SKST006_3_G102961","IBD"
0,0,0,"SKST006_1_G102959","IBD"
0,0,0,"SKST006_4_G102962","IBD"
0,0,0,"SKST006_2_G102960","IBD"
0,0,0,"SKST006_10_G102994","Healthy"
0,0.03447,0.03759,"SKST007_8_G102999","Healthy"
0,0.02548,0.05554,"SKST007_2_G102967","Healthy"
0.01731,0.09078,0.03055,"SKST007_1_G102966","Healthy"
0.18465,0.26602,0.24029,"SKST007_6_G102995","Healthy"
0.00247,0.26886,0.11886,"SKST007_3_G102949","Healthy"
0.0595,0.05844,0.37883,"SKST007_7_G103016","Healthy"
0.00736,0.0302,0.04062,"SKST007_4_G102948","Healthy"
0,0,0,"SKST010_6_G103004","Healthy"
0.69064,1.73716,0,"SKST010_3_G102970","Healthy"
0.21457,0.0994,0,"SKST010_4_G102956","Healthy"
0.17649,0.32373,0,"SKST010_7_G103003","Healthy"
0.00036,0,0.06002,"SKST010_2_G102969","Healthy"
1.22074,0.4302,1.00782,"SKST010_1_G102968","Healthy"
0.12675,0.12377,0.65141,"SKST010_5_G102990","Healthy"
0.13013,0.15537,0.05759,"SKST010_8_G102998","Healthy"
0.0651,0.2747,0.03752,"SKST011_7_G103017","Healthy"
0.01184,0,0.01519,"SKST011_8_G103000","Healthy"
0.12672,1.02024,0,"SKST011_3_G102973","Healthy"
0.03186,0.04395,0.0985,"SKST011_4_G102952","Healthy"
0.22319,0.09809,0.42587,"SKST011_5_G102993","Healthy"
0.01689,0.04275,0.07231,"SKST011_1_G102971","Healthy"
0,1.04811,0,"SKST011_2_G102972","Healthy"
0.0258,0.10262,0.32563,"SKST011_6_G103002","Healthy"
0.41019,0.36598,0,"SKST012_2_G102975","Healthy"
0.17502,0.35369,0.03575,"SKST012_3_G102950","Healthy"
0.39345,0.8358,0.08172,"SKST012_6_G102997","Healthy"
0.06602,0.0778,0.18128,"SKST012_5_G102992","Healthy"
0.21514,0.14088,0,"SKST012_1_G102974","Healthy"
0.29581,0.3548,0.23234,"SKST012_4_G102954","Healthy"
0,0,0,"SKST014_4_G102979","IBD"
0,0,0,"SKST014_3_G102978","IBD"
0,5.93228,0,"SKST014_7_G102940","IBD"
0,0,0,"SKST014_1_G102976","IBD"
0,1.42847,0,"SKST014_6_G102951","IBD"
0,0,0,"SKST014_2_G102977","IBD"
0,0,0,"SKST014_5_G102980","IBD"
0,0,0,"SKST023_4_G102937","Healthy"
0,0,0,"SKST023_6_G103009","Healthy"
0,0,0,"SKST023_7_G103015","Healthy"
0,0,0,"SKST023_5_G103007","Healthy"
0,0,0,"SKST023_3_G102941","Healthy"
0,0,0,"SKST023_1_G102981","Healthy"
0,0,0,"SKST023_2_G102987","Healthy"
0,0.01703,0,"SKST024_5_G103001","Healthy"
0,2.96971,0,"SKST024_8_G103031","Healthy"
0,4.08816,0,"SKST024_2_G102953","Healthy"
0,0.29253,0,"SKST024_1_G102982","Healthy"
0,2.561,0,"SKST024_7_G103022","Healthy"
0,4.00057,0,"SKST024_6_G103012","Healthy"
0,2.27528,0,"SKST024_4_G102938","Healthy"
0,4.96585,0,"SKST024_3_G102944","Healthy"
0,0,0,"SKST025_6_G103010","IBD"
0,0,0,"SKST025_4_G102939","IBD"
0,0,0,"SKST025_5_G103006","IBD"
0,0,0,"SKST025_1_G102983","IBD"
0,0,0,"SKST025_9_G103021","IBD"
0,0,0,"SKST025_3_G102942","IBD"
0,0,0,"SKST025_2_G102986","IBD"
0,0,0,"SKST027_12_G103011","IBD"
0,0,0,"SKST027_10_G102936","IBD"
0,0,0,"SKST027_1_G102984","IBD"
0,0,0,"SKST027_6_G102955","IBD"
0,0.00318,0,"SKST027_9_G102947","IBD"
0,0,0,"SKST027_11_G102996","IBD"
0,0,0,"SKST027_2_G102985","IBD"
0,0,0,"SKST027_4_G102958","IBD"
0.01524,0,0,"SKST027_3_G102945","IBD"
0,0,0,"SKST032_1_G102943","IBD"
0,0,0,"SKST032_3_G102989","IBD"
0,0,0,"SKST032_5_G103024","IBD"
0,0,0,"SKST032_4_G103008","IBD"
0,0,0,"SKST032_2_G102946","IBD"
0,0,0,"SKST036_2_G103020","Healthy"
0,0,0,"SKST036_1_G103013","Healthy"
0.0089,0.12377,0,"SKST036_3_G103025","Healthy"
0,0,0,"SKST037_3_G103026","Healthy"
0.0399,0.22208,0,"SKST037_2_G103023","Healthy"
0,0,0,"SKST041_1_G103005","Healthy"
0,0,0,"SKST041_2_G103027","Healthy"
0,0,0,"SKST041_3_G103028","Healthy"
0.11915,0,0,"p8582_mo9","IBD"
0.29058,0,0,"p8582_mo3","IBD"
0.31419,0,0,"p8582_mo6","IBD"
0.17491,0,0,"p8582_mo7","IBD"
0.03995,0,0,"p8582_mo4","IBD"
0.25943,0,0,"p8582_mo5","IBD"
0.26578,0,0,"p8582_mo2","IBD"
0.16547,0,0,"p8582_mo1","IBD"
0.12886,0,0,"p8582_mo12","IBD"
0.23407,0,0,"p8582_mo8","IBD"
0.25092,0.00046,0,"p8582_mo10","IBD"
0.21475,0,0,"p8582_mo11","IBD"
0,6.86869,0,"p8585_mo2","IBD"
0,2.80451,0,"p8585_mo3","IBD"
0,1.41404,0,"p8585_mo6","IBD"
0,1.31191,0,"p8585_mo4","IBD"
0.09183,1.77686,0,"p8585_mo8","IBD"
0.16515,1.57077,0.71199,"p8585_mo9","IBD"
0,1.02225,0,"p8585_mo1","IBD"
0.12412,1.63514,0,"p8585_mo7","IBD"
0,0,0,"p8600_mo4","IBD"
0,0,0,"p8600_mo3","IBD"
0,0,0,"p8600_mo6","IBD"
0,0,0,"p8600_mo5","IBD"
0,0,0,"p8600_mo1","IBD"
0,0,0,"p8600_mo12","IBD"
0,0,0,"p8600_mo7","IBD"
0,0,0,"p8600_mo11","IBD"
0,0,0,"p8600_mo10","IBD"
0,0,0,"p8600_mo2","IBD"
0,0,0,"p8600_mo9","IBD"
0,0,0,"p8600_mo8","IBD"
0.53961,3.89068,0,"p8646_mo1","IBD"
0.95596,3.58702,0,"p8646_mo3","IBD"
0.48368,5.11427,0,"p8646_mo2","IBD"
0.05146,0.53705,0,"p8646_mo4","IBD"
0,2.99085,0,"p8646_mo12","IBD"
0,5.19408,0,"p8646_mo10","IBD"
0,6.24482,0,"p8646_mo9","IBD"
0,2.61187,0,"p8646_mo11","IBD"
0,1.34155,0,"p8646_mo8","IBD"
0,1.43215,0,"p8646_mo7","IBD"
0.7723,3.15559,0,"p8646_mo5","IBD"
0.29672,1.10434,0,"p8646_mo6","IBD"
0,0,0,"p8649_mo5","IBD"
0.01037,0,0,"p8649_mo11","IBD"
0.52401,1.32311,0,"p8649_mo10","IBD"
0.29306,0.5664,0,"p8649_mo9","IBD"
0.52676,0.83788,0,"p8649_mo12","IBD"
0.21326,0.13649,0,"p8649_mo8","IBD"
0.36103,0.6351,0,"p8649_mo4","IBD"
0.50795,1.62586,0,"p8649_mo7","IBD"
0.64498,1.52513,0,"p8649_mo2","IBD"
0.52608,1.25167,0,"p8649_mo3","IBD"
0.68099,1.34676,0,"p8649_mo1","IBD"
0.46464,0.79671,0,"p8649_mo6","IBD"
0,0,0,"p8712_mo11","IBD"
0,0,0,"p8712_mo12","IBD"
0,0,0,"p8712_mo10","IBD"
0,0,0,"p8712_mo6","IBD"
0,0,0,"p8712_mo9","IBD"
0,0,0,"p8712_mo5","IBD"
0.06213,0.60053,0,"p8712_mo1","IBD"
0,0,0,"p8712_mo8","IBD"
0,0,0,"p8712_mo7","IBD"
0,0,0,"p8712_mo2","IBD"
0,0,0,"p8712_mo3","IBD"
0,0.00073,0,"p8712_mo4","IBD"
0,1.13104,8.94769,"p8748_mo11","IBD"
0.02632,1.59634,3.53573,"p8748_mo9","IBD"
0.02301,1.01494,0.09851,"p8748_mo8","IBD"
0.00724,0.54714,2.98407,"p8748_mo10","IBD"
0.01838,1.41125,0.82551,"p8748_mo7","IBD"
0.01149,0.95502,7.27072,"p8748_mo12","IBD"
0.01583,0.75853,0,"p8748_mo6","IBD"
0.00392,0.98227,0,"p8748_mo5","IBD"
0.00623,0.47893,0,"p8748_mo4","IBD"
0.04231,1.40261,0.00916,"p8775_mo11","IBD"
0.07824,0.88975,0.00131,"p8775_mo10","IBD"
0.11211,0.46499,0.00049,"p8775_mo9","IBD"
0.19834,0.99152,0.00033,"p8775_mo5","IBD"
0.21698,1.74254,0.00069,"p8775_mo4","IBD"
0.07551,1.44281,0,"p8775_mo3","IBD"
0.08307,1.1978,0.00082,"p8775_mo6","IBD"
0.11742,1.02423,0.00249,"p8775_mo7","IBD"
0.14649,1.3959,0.00024,"p8775_mo8","IBD"
0.05902,0.59372,0.00144,"p8775_mo12","IBD"
0.0791,0.8308,0.00057,"p8775_mo2","IBD"
0.0594,3.34306,0.00042,"p8775_mo1","IBD"
0,0,0,"p8808_mo10","IBD"
0,0,0,"p8808_mo6","IBD"
0,0,0,"p8808_mo9","IBD"
0,0,0,"p8808_mo5","IBD"
0,0,0,"p8808_mo4","IBD"
0,0,0,"p8808_mo12","IBD"
0,0,0,"p8808_mo8","IBD"
0,0,0,"p8808_mo7","IBD"
0,0,0,"p8808_mo11","IBD"
0.28315,1.77289,0,"p8816_mo9","IBD"
0.17652,1.54424,0,"p8816_mo11","IBD"
0.09347,2.14114,0,"p8816_mo8","IBD"
0.08136,2.69257,0,"p8816_mo7","IBD"
0.19626,2.15129,0,"p8816_mo4","IBD"
0.23725,4.47255,0,"p8816_mo6","IBD"
0.1707,1.68474,0,"p8816_mo3","IBD"
0.19348,2.10691,0,"p8816_mo5","IBD"
0.11217,1.25316,0,"p8816_mo12","IBD"
0.15629,1.53137,0,"p8816_mo10","IBD"
0.18992,4.33521,0,"p8816_mo2","IBD"
0.22361,1.25199,0,"p8816_mo1","IBD"
0,0,0,"p8855_mo10","IBD"
0,0,0,"p8855_mo8","IBD"
0,0,0,"p8855_mo9","IBD"
0,0,0,"p8855_mo3","IBD"
0,0,0,"p8855_mo11","IBD"
0,0,0,"p8855_mo4","IBD"
0,0,0,"p8855_mo12","IBD"
0,0,0,"p8883_mo4","IBD"
0,0,0,"p8883_mo10","IBD"
0,0.94783,0,"p8883_mo12","IBD"
0,0,0,"p8883_mo9","IBD"
0,0,0,"p8883_mo8","IBD"
0,0,0,"p8883_mo6","IBD"
0,0.23224,0,"p8883_mo11","IBD"
0,0,0,"p8883_mo3","IBD"
0,0,0,"p8883_mo2","IBD"
0,0,0,"p8883_mo7","IBD"
0.13846,0.56627,0,"p9061_mo6","IBD"
0.00723,0.89961,0,"p9061_mo2","IBD"
0.12609,1.26015,0,"p9061_mo7","IBD"
0.0725,1.08338,0,"p9061_mo5","IBD"
0.05391,1.35523,0,"p9061_mo4","IBD"
0.1074,0.62757,0,"p9061_mo1","IBD"
0.09568,0.7931,0,"p9061_mo3","IBD"
0.0719,0.56757,0,"p9061_mo8","IBD"
0.12854,1.37369,0,"p9193_mo7","IBD"
0.26832,1.56008,0,"p9193_mo6","IBD"
0.08297,0.61357,0,"p9193_mo4","IBD"
0.45056,1.09207,0.00084,"p9193_mo1","IBD"
0.02169,0.26006,0,"p9193_mo2","IBD"
0.29358,1.12324,0,"p9193_mo5","IBD"
0,0,0,"p9216_mo2","IBD"
0.22107,0.4655,0,"p9216_mo1","IBD"
0.27575,0,0,"p9216_mo5","IBD"
0.28661,0,0,"p9216_mo6","IBD"
0.17932,0,0,"p9216_mo8","IBD"
0.35517,1.24192,0,"p9216_mo3","IBD"
0.30322,0,0,"p9216_mo4","IBD"
0.60448,0,0,"p9216_mo7","IBD"
0,0.47868,0,"p9220_mo1","Healthy"
0,0.30831,0,"p9220_mo7","Healthy"
0,1.09005,0,"p9220_mo2","Healthy"
0,2.01982,0,"p9220_mo3","Healthy"
0,0.42476,0,"p9220_mo5","Healthy"
0,1.07662,0,"p9220_mo6","Healthy"
0,0.52353,0,"p9220_mo4","Healthy"
0.15483,1.29067,4.51279,"p9223_mo5","Healthy"
0.09283,0.42521,1.50405,"p9223_mo4","Healthy"
0.0553,0.56718,0.03324,"p9223_mo6","Healthy"
0.13505,0.72479,3.51558,"p9223_mo7","Healthy"
0.07393,0.30492,3.6955,"p9223_mo3","Healthy"
0.09899,1.47153,2.58788,"p9223_mo8","Healthy"
0.12353,0.50324,2.78507,"p9223_mo1","Healthy"
0.19269,0.63183,2.18346,"p9223_mo2","Healthy"
0,0,0,"p9281_mo6","Healthy"
0.15851,0.41868,0,"p9281_mo3","Healthy"
0.17904,0.7964,0,"p9281_mo1","Healthy"
0.22277,0.97506,0,"p9281_mo5","Healthy"
0.31877,0.69808,0,"p9281_mo4","Healthy"
0.10181,1.23259,0,"p9281_mo2","Healthy"
0,0,0,"S1_a_WGS","IBD"
0,0,0,"S5_a_WGS","IBD"
0,0,0,"S3_a_WGS","IBD"
0,0,0,"S2_a_WGS","IBD"
0,0,0,"S4_a_WGS","IBD"
0,0,0,"S57_a_WGS","IBD"
0,0,0,"S59_a_WGS","IBD"
0,0,0,"S56_a_WGS","IBD"
0,0,0,"S60_a_WGS","IBD"
0,0,0,"S58_a_WGS","IBD"
0,3.50135,0,"S63_a_WGS","IBD"
0,0.46427,0,"S65_a_WGS","IBD"
0,1.41711,0,"S62_a_WGS","IBD"
0,11.80654,0,"S64_a_WGS","IBD"
0,4.30918,0,"S66_a_WGS","IBD"
0.01736,2.22256,0.133,"S67_a_WGS","Healthy"
0,0,0,"S70_a_WGS","IBD"
0,0,0,"S69_a_WGS","IBD"
0,0,0,"S68_a_WGS","IBD"
0,1.4925,0,"S71_a_WGS","IBD"
0.08218,5.74374,1.30014,"S72_a_WGS","Healthy"
0.0251,2.51461,0.4332,"S73_a_WGS","Healthy"
0.24458,3.51461,0,"S79_a_WGS","Healthy"
0.29401,0,0,"S81_a_WGS","IBD"
0,0.95728,0,"S82_a_WGS","IBD"
0.27909,4.66906,0,"S80_a_WGS","IBD"
0.21751,1.85998,0,"S83_a_WGS","IBD"
0,0,0,"S84_a_WGS","Healthy"
0.40648,6.09912,4.64234,"S87_a_WGS","Healthy"
0.17887,0.98653,1.55143,"S6_a_WGS","Healthy"
0.00962,1.26781,0,"S101_a_WGS","IBD"
0,1.5703,0,"S102_a_WGS","IBD"
0,0,0,"S103_a_WGS","IBD"
0.24357,2.13211,0,"S139_a_WGS","Healthy"
0,1.81157,0.02241,"S117_a_WGS","Healthy"
0.01122,0.86264,0,"S140_a_WGS","Healthy"
0,0,0,"S15_a_WGS","IBD"
0,0,0,"S17_a_WGS","IBD"
0,0,0,"S16_a_WGS","IBD"
0,0,0,"S13_a_WGS","IBD"
0,0,0,"S14_a_WGS","IBD"
0.25892,2.57997,0.50117,"S142_a_WGS","Healthy"
0.31052,1.21533,1.2911,"S144_a_WGS","Healthy"
0.1199,0.76077,9.83028,"S146_a_WGS","Healthy"
0,0,0,"S148_a_WGS","IBD"
0.19193,2.29,0,"S149_a_WGS","IBD"
0.57608,2.82153,0,"S152_a_WGS","IBD"
0.29115,0.52371,0,"S150_a_WGS","IBD"
0.07611,0.88624,0,"S151_a_WGS","IBD"
0.57342,1.19783,0.48908,"S153_a_WGS","Healthy"
0.26545,1.07957,1.2741,"S154_a_WGS","Healthy"
0.26016,3.27711,0,"S155_a_WGS","Healthy"
0.92685,3.51181,0,"S156_a_WGS","Healthy"
0,0,0,"S157_a_WGS","Healthy"
0.5039,0,0,"S158_a_WGS","Healthy"
0.35909,0.67257,4.46384,"S159_a_WGS","Healthy"
1.26931,1.93245,3.25239,"S18_a_WGS","Healthy"
1.55168,9.05207,0,"S160_a_WGS","Healthy"
2.64971,15.4591,1.23977,"S161_a_WGS","Healthy"
0.64934,2.62838,0.01406,"S162_a_WGS","Healthy"
0.30635,1.3931,0.00746,"S163_a_WGS","Healthy"
1.58472,1.70582,2.32631,"S164_a_WGS","Healthy"
0.83389,2.92235,6.59777,"S165_a_WGS","Healthy"
2.06005,2.42225,2.0676,"S166_a_WGS","Healthy"
0.67902,1.67542,0,"S167_a_WGS","Healthy"
1.61032,15.08587,0.27796,"S26_a_WGS","Healthy"
0,0,0,"S29_a_WGS","IBD"
0,0,0,"S31_a_WGS","IBD"
0,0,0,"S27_a_WGS","IBD"
0,0,0,"S28_a_WGS","IBD"
0,0,0,"S30_a_WGS","IBD"
0.1671,0.65857,0,"S128_a_WGS","Healthy"
1.09002,5.85413,0,"S130_a_WGS","Healthy"
0.51723,1.97805,0,"S132_a_WGS","Healthy"
0.7183,2.47286,0.12106,"S134_a_WGS","Healthy"
0.68194,3.7562,7.34855,"S119_a_WGS","Healthy"
0.27629,0,0,"S32_a_WGS","IBD"
0,0,0,"S33_a_WGS","IBD"
0,0,0,"S34_a_WGS","IBD"
0.75311,0,0,"S36_a_WGS","IBD"
0.0299,0,0,"S35_a_WGS","IBD"
0.95887,4.447,0,"S138_a_WGS","Healthy"
0.22616,0,0,"S43_a_WGS","Healthy"
0,9.33114,0,"S49_a_WGS","IBD"
0.28275,2.60681,0,"S45_a_WGS","IBD"
0,0,0,"S46_a_WGS","IBD"
0,1.30554,0,"S48_a_WGS","IBD"
0,0.84053,0,"S47_a_WGS","IBD"
0,0,3.01952,"S50_a_WGS","Healthy"
0,1.12627,0,"S51_a_WGS","IBD"
0,0,0,"S53_a_WGS","IBD"
0.00542,0,0,"S52_a_WGS","IBD"
0.00657,0,0,"S54_a_WGS","IBD"
0.00404,1.29013,0,"S55_a_WGS","IBD"
0.05593,0.42303,4.13231,"DLF005-IE","IBD"
0.17863,0.42375,0,"DLM006-IE","IBD"
0,0,0,"DOM005-IE","IBD"
0.14227,0.03534,0,"DOM017-IE","IBD"
0.06037,1.22638,0,"MH0192","IBD"
0.08166,0.05982,0,"MH0221","IBD"
0.38228,0.39431,0.00047,"MH0222","IBD"
0.11841,0.2132,6.34065,"MH0234","IBD"
0.314,0.79826,1.72017,"MH0238","IBD"
0.12678,0.9366,0.09477,"MH0245","IBD"
0.68142,0,0,"MH0246","IBD"
0.01751,0.61348,0.73796,"MH0252","IBD"
0.11675,1.24676,0.2872,"MH0259","IBD"
0.08812,0.14692,0.21327,"MH0260","IBD"
0.05969,0.0171,0,"MH0261","IBD"
0.352,0.147,0,"MH0262","IBD"
0.05857,0.12802,0,"MH0264","IBD"
0.01771,0.69455,0.17861,"MH0265","IBD"
0.15406,0.14373,0,"MH0266","IBD"
0.38752,0.21795,0.35855,"MH0268","IBD"
0.0534,0,0.00132,"MH0270","IBD"
0.224,0.45868,0,"MH0271","IBD"
0.19593,0.23505,0,"MH0280","IBD"
0,0.23742,0,"MH0281","IBD"
0.03193,0.06439,0,"MH0283","IBD"
0.03989,1.128,0,"MH0284","IBD"
0.23693,0.68471,0.17455,"MH0290","Healthy"
0.08553,0.71456,0,"MH0293","IBD"
0.06195,0,0,"MH0297","IBD"
0.08858,0.15281,0.00051,"MH0298","IBD"
0.06498,0.03557,0,"MH0299","IBD"
0,0,0,"MH0301","IBD"
0.31924,1.52601,1.08675,"MH0303","IBD"
0.03726,0.18378,8.40276,"MH0308","IBD"
0.21863,0.42854,0,"MH0309","IBD"
0.15824,0.30009,0,"MH0310","IBD"
0,0,0.19533,"MH0311","IBD"
0.10247,0.57576,0,"MH0314","IBD"
0.13326,0.34566,1.68688,"MH0315","IBD"
0.07257,0.27152,0,"MH0319","IBD"
0.0648,0.53566,0,"MH0323","IBD"
0.05064,0.41395,0,"MH0325","IBD"
0.44029,1.02513,1.69383,"MH0326","IBD"
0.1076,0.15692,0,"MH0327","IBD"
0.34541,0.4154,0,"MH0328","IBD"
0.30066,0.24454,0,"MH0329","IBD"
0.2832,0.11775,0,"MH0330","IBD"
0.19333,0.18462,0,"MH0332","IBD"
0.1569,0.5455,5.24429,"MH0334","IBD"
0,0,0,"MH0335","IBD"
0.06859,0.46572,0.1685,"MH0336","Healthy"
0.03323,2.70174,0.60599,"MH0337","IBD"
0.24314,0.43818,0,"MH0338","IBD"
0.28439,0.41977,0.00576,"MH0339","IBD"
0.14115,0.2514,0.83849,"MH0340","Healthy"
0,0.37072,0,"MH0341","IBD"
0,0.68843,0,"MH0342","IBD"
0.11519,0,0,"MH0343","IBD"
0.12579,0.81153,0.00065,"MH0345","IBD"
0.42739,2.02219,0,"MH0346","IBD"
0.23093,0.71225,0,"MH0347","IBD"
0.28355,0.78119,0,"MH0348","IBD"
0.17286,1.54128,0.28582,"MH0349","IBD"
0.36089,1.71289,2.32698,"MH0350","IBD"
0,0.2299,0,"MH0351","IBD"
0.6553,0.63071,0,"MH0354","IBD"
0.07229,0.44035,0.86079,"MH0355","IBD"
0.24826,0.46275,0,"MH0356","IBD"
0.1219,0.31652,0,"MH0357","IBD"
0,0,0,"MH0358","IBD"
0.10636,0.16398,0,"MH0359","IBD"
0.46135,2.59214,0.24327,"MH0360","IBD"
0.03893,1.02632,0,"MH0361","IBD"
0.09753,0.02494,1.03354,"MH0362","IBD"
0.16934,0.26435,5.5976,"MH0363","IBD"
0.11501,0.34789,1.21359,"MH0364","IBD"
0.05391,0.11392,0,"MH0365","IBD"
0.62277,0.22371,2.65243,"MH0366","IBD"
0.3269,0.80184,0.00766,"MH0367","IBD"
0.12642,1.07389,7.57231,"MH0368","IBD"
0.06577,0.70905,0.00028,"MH0369","IBD"
0,0,0,"MH0370","IBD"
0.05418,0.55958,0.00015,"MH0371","IBD"
0,0.61428,0.15362,"MH0372","IBD"
0.08918,0,0,"MH0373","IBD"
0.28634,0.40409,0.12333,"MH0374","IBD"
0,0,0,"MH0375","IBD"
0.28698,0.20369,0,"MH0376","IBD"
0.14514,0.3655,1.067,"MH0377","IBD"
0.05712,0.23904,0,"MH0378","IBD"
0.23392,0.23197,0,"MH0379","IBD"
0.07644,0.57104,0,"MH0381","IBD"
0.16519,1.03851,0,"MH0382","IBD"
0.03657,0.36301,3.93752,"MH0383","IBD"
0.05427,0.13007,1.33388,"MH0384","IBD"
0.24936,0.15921,0.01402,"MH0385","IBD"
0.01436,0.25619,4.70228,"MH0386","IBD"
0.13397,0.35891,0,"MH0387","IBD"
0.04373,0.52559,0,"MH0388","IBD"
0.09552,0.13233,0,"MH0389","IBD"
0.22785,0.84963,0,"MH0390","IBD"
0.18464,0.11564,0.00295,"MH0391","IBD"
0.64542,0.46399,0.94816,"MH0392","IBD"
0,0,0,"MH0393","IBD"
0.16519,0.41618,1.39725,"MH0394","IBD"
0.18337,0.3539,0,"MH0395","IBD"
0.24487,0.14618,4.18684,"MH0396","IBD"
0.12647,0.31748,0,"MH0397","IBD"
0.1269,0.5903,2.05595,"MH0398","IBD"
0.04488,0.18535,0.31958,"MH0399","IBD"
0.23373,0.78728,0,"MH0400","IBD"
0.02894,0.61551,0.829,"MH0401","IBD"
0.41886,0.63106,0.14598,"MH0402","IBD"
0.01868,0,0,"NLF002-IE","Healthy"
0.05642,0.46431,0.25043,"NLF009-IE","Healthy"
0.01606,0.10018,0,"NLM009-IE","Healthy"
0.0696,0.14771,0.02535,"NLM025-IE","Healthy"
0,0,0,"NOF002-IE","Healthy"
0,0,0,"NOF007-IE","Healthy"
0,0,0,"NOF013-IE","Healthy"
0.06549,2.9213,0,"O2.CD1-0-PT","IBD"
0.05998,0.24184,0,"O2.CD2-0","IBD"
0,0.00298,0,"O2.CD2-0-PT","IBD"
0,0.3739,0,"O2.CD3-0-PT","IBD"
0.16145,1.01874,0,"O2.CD1-0","IBD"
0.06687,1.24829,0,"O2.UC1-1","IBD"
0.23613,1.48939,0,"O2.UC11-1","IBD"
0.16137,2.35834,0,"O2.UC12-1","IBD"
0.1581,1.3729,0,"O2.UC13-1","IBD"
0.10803,0.92351,0,"O2.UC14-1","IBD"
0.01612,1.92347,0,"O2.UC15-1","IBD"
0.00431,1.12698,0,"O2.UC15-2","IBD"
0.0216,0,0,"O2.UC15-0","IBD"
0.15459,0.2624,0,"O2.UC16-1","IBD"
0,0.71323,0,"O2.UC17-1","IBD"
0.08386,1.03872,0,"O2.UC18-1","IBD"
0,0,0,"O2.UC19-1","IBD"
0.15329,0.44586,1.2145,"O2.UC2-1","IBD"
0.37591,3.87712,0,"O2.UC20-1","IBD"
0.11654,1.18514,7.74335,"O2.UC21-1","IBD"
0,1.017,0,"O2.UC22-1","IBD"
0.62159,0.6418,0,"O2.UC23-1","IBD"
0.33254,1.96602,0,"O2.UC24-1","IBD"
0,0,0,"O2.UC26-1","IBD"
0.7629,0.54394,0,"O2.UC27-1","IBD"
0,0.73821,0,"O2.UC28-1","IBD"
0,6.19812,0,"O2.UC28-2","IBD"
0,3.06266,0,"O2.UC28-0","IBD"
0.4263,1.68423,0.63451,"O2.UC29-1","IBD"
0.22288,0.45515,0,"O2.UC3-1","IBD"
0.56174,1.78351,0,"O2.UC30-1","IBD"
0.14071,0.40257,3.63349,"O2.UC31-1","IBD"
0.17992,1.80927,0,"O2.UC32-1","IBD"
0.0741,0.28435,0,"O2.UC35-1","IBD"
0.07489,0.24058,0,"O2.UC36-1","IBD"
0.23984,0.0014,0,"O2.UC36-0","IBD"
0,0,0,"O2.UC37-1","IBD"
0.12974,0,0,"O2.UC38-1","IBD"
0.22541,0.229,0.00316,"O2.UC4-1","IBD"
0.11946,1.12709,0.19177,"O2.UC40-1","IBD"
0.11369,0.26925,0.45019,"O2.UC41-1","IBD"
0.05292,0.34581,0,"O2.UC43-1","IBD"
0.15628,0.94979,0.6576,"O2.UC44-1","IBD"
0,1.19713,0,"O2.UC46-1","IBD"
0.2195,0.46549,0.28599,"O2.UC47-1","IBD"
0.00936,0.67417,0,"O2.UC48-1","IBD"
0.0215,0.36838,0,"O2.UC5-1","IBD"
0,0,0,"O2.UC6-2","IBD"
0,0,0,"O2.UC6-0","IBD"
0,0,0,"O2.UC6-1","IBD"
0,0,0,"O2.UC7-1","IBD"
0,0,0.01161,"O2.UC7-0","IBD"
0.26777,0,0,"O2.UC8-0","IBD"
0.27902,0,0,"O2.UC8-1","IBD"
0.40328,1.65613,0,"O2.UC8-2","IBD"
0.23356,1.26756,0,"O2.UC9-1","IBD"
0.17731,0.85368,0,"V1.CD1-0-PN","IBD"
0,0,0,"V1.CD1-0-PT","IBD"
0.42323,0.96161,0,"V1.CD1-3-PN","IBD"
0.0035,0.00106,0,"V1.CD12-3","IBD"
0,2.9723,0,"V1.CD2-0-PN","IBD"
0.21934,0,0,"V1.CD2-0-PT","IBD"
0,0.00194,0,"V1.CD3-0-PN","IBD"
0,0,0.00774,"V1.CD3-0-PT","IBD"
0,0,0,"V1.CD3-3-PN","IBD"
0.36448,7.78187,0,"V1.CD32-0","IBD"
0.00384,1.17597,0,"V1.CD32-4","IBD"
0,1.37391,0,"V1.CD37-4","IBD"
0.18184,0.75371,0,"V1.CD4-0-PN","IBD"
0,0,0,"V1.CD4-0-PT","IBD"
0.2223,0.61366,0,"V1.CD40-0","IBD"
0.10663,0.58024,0,"V1.CD43-0","IBD"
0,1.50561,0,"V1.CD44-0","IBD"
0,0.24381,0,"V1.CD44-4","IBD"
0.16161,0.66771,0,"V1.CD45-0","IBD"
0.37865,0.84381,0,"V1.CD46-0","IBD"
0,0.20443,0.01082,"V1.CD48-0","IBD"
0.21992,2.62248,0,"V1.CD49-0","IBD"
0,0,0,"V1.CD5-0-PN","IBD"
0.2215,1.03884,0.83541,"V1.CD50-0","IBD"
0.25835,0.87707,0.02027,"V1.CD51-0","IBD"
0.26041,0.62707,7.56423,"V1.CD52-0","IBD"
0,0.02516,0.00282,"V1.CD53-0","IBD"
0,0,0.00103,"V1.CD54-0","IBD"
0.24494,1.05924,0.43801,"V1.CD55-0","IBD"
0.47136,1.999,0.00323,"V1.CD6-0-PN","IBD"
0.19206,2.00893,0,"V1.CD6-0-PT","IBD"
0,0,0,"V1.CD7-0-PN","IBD"
0.38185,2.87461,0,"V1.CD8-0-PN","IBD"
0.15949,1.18624,4.3637,"V1.FI01","IBD"
0.11071,0.99797,0,"V1.FI02","IBD"
0,0.33757,0,"V1.FI03","IBD"
0,0.46313,0.00217,"V1.FI04","IBD"
0,0.00212,0.00359,"V1.FI05","IBD"
0.14662,1.19386,3.28763,"V1.FI06","IBD"
0.53653,1.43642,0.18783,"V1.FI07","IBD"
0,0.75118,0,"V1.FI08","IBD"
0.27285,1.58502,1.70097,"V1.FI09","IBD"
0,0,0,"V1.FI10","IBD"
0.00445,1.11739,0,"V1.FI11","IBD"
0.03284,0.93728,0,"V1.FI12","IBD"
0,1.34617,0,"V1.FI13","IBD"
0.26566,1.8851,0,"V1.FI14","IBD"
0.17551,0.67346,0,"V1.FI15","IBD"
0.21487,0.78324,0,"V1.FI16","IBD"
0.3945,0.47379,0,"V1.FI17","IBD"
0,0.00071,0,"V1.FI18","IBD"
0.27791,1.39138,0,"V1.FI19","IBD"
0,0.40333,0,"V1.FI20","IBD"
0,0,0,"V1.FI21","IBD"
0,0,0.00019,"V1.FI22","IBD"
0,0,0,"V1.FI23","IBD"
0.00788,0.12236,0.78949,"V1.FI24","IBD"
0.00947,1.5354,0.00489,"V1.FI25","IBD"
0.08955,2.11484,0.00557,"V1.FI26","IBD"
0.19514,0.78278,7.78561,"V1.FI27","IBD"
0,1.83251,11.79808,"V1.FI28","IBD"
0.56395,0.00369,0.01914,"V1.FI29","IBD"
0.17538,1.94166,0.72525,"V1.FI30","IBD"
0.13701,0.24499,5.07688,"V1.FI31","IBD"
0.06346,1.07915,0.00232,"V1.FI32","IBD"
0,0.87162,0,"V1.FI33","IBD"
0,0.24691,0,"V1.FI34","IBD"
0.0681,0,0,"V1.FI35","IBD"
0,0.50196,0,"V1.FI36","IBD"
0.25162,2.59557,0,"V1.FI37","IBD"
0.00822,0,0,"V1.CD20-0","IBD"
0.51649,1.62449,7.63653,"V1.UC22-1","IBD"
0.32691,3.73053,0.00854,"V1.UC38-4","IBD"
0.27156,1.27604,0,"V1.UC39-4","IBD"
0,1.38006,0,"V1.UC40-1","IBD"
0.30735,1.35784,0.55756,"V1.UC47-4","IBD"
0,0.25975,0,"V1.UC54-4","IBD"
0,0.27408,0,"V1.UC56-1","IBD"
0.2928,1.78707,0.006,"V1.UC58-4","IBD"
0,0,0,"V1.UC59-4","IBD"
0.13985,0.27985,0,"V1.UC59-0","IBD"
0.34543,2.79962,0,"V1.UC60-0","IBD"
0.3723,1.88202,0,"V1.UC63-0","IBD"
0.05762,0.56294,0,"V1.UC64-0","IBD"
0.02011,0.25901,0,"MH0001","Healthy"
0.01096,1.08953,0,"MH0002","Healthy"
0.10329,0.35727,2.71857,"MH0003","Healthy"
0.17541,0.32975,0,"MH0004","Healthy"
0.03882,0.22727,2.78817,"MH0005","Healthy"
0.09741,0.49685,0,"MH0006","Healthy"
0.16969,0.54119,9.20909,"MH0007","Healthy"
0.23562,0.33629,0,"MH0008","Healthy"
0.2289,0.39597,0,"MH0009","Healthy"
0.12805,0.40113,0,"MH0010","Healthy"
0.12734,0.76739,0,"MH0011","Healthy"
0.1104,0.78443,0,"MH0012","Healthy"
0.3963,0.2072,2.19827,"MH0013","Healthy"
0,0.29792,0.60287,"MH0014","Healthy"
0,0.38786,7.75512,"MH0015","Healthy"
0.00135,0.05014,0,"MH0016","Healthy"
0.15189,0.28952,0,"MH0017","Healthy"
0.04771,0.19709,0,"MH0018","Healthy"
0.06838,0.16093,14.30737,"MH0019","Healthy"
0,1.01718,0,"MH0020","Healthy"
0.01352,1.10496,0.64652,"MH0021","Healthy"
0.12649,0.80575,7.32107,"MH0022","Healthy"
0.07265,0.30146,0.30708,"MH0023","Healthy"
0.02886,0.95277,0.88272,"MH0024","Healthy"
0.33591,1.249,0.75565,"MH0025","Healthy"
0.22847,0.68635,1.47163,"MH0026","Healthy"
0.13508,0.47992,4.67779,"MH0027","Healthy"
0.0611,0.32303,0,"MH0028","Healthy"
0.20001,1.28302,5.93,"MH0030","Healthy"
0.17349,0.28755,0,"MH0031","Healthy"
0.04895,0.35993,0,"MH0032","Healthy"
0.08831,0.45655,0.05888,"MH0033","Healthy"
0,0.05317,1.44689,"MH0034","Healthy"
0.08685,0.14986,0,"MH0035","Healthy"
0.09475,0.38216,0,"MH0036","Healthy"
0.06552,0.47182,0,"MH0037","Healthy"
0.05426,0.20848,0.43927,"MH0038","Healthy"
0.0498,0.23769,0.5859,"MH0039","Healthy"
0.04198,0.62878,0.27968,"MH0040","Healthy"
0.10307,1.12862,0,"MH0041","Healthy"
0.45583,0.43732,5.58437,"MH0042","Healthy"
0.08311,0.28033,6.3089,"MH0043","Healthy"
0.08449,0.28074,0,"MH0044","Healthy"
0.20385,0.74015,0,"MH0045","Healthy"
0.08193,0.90053,4.27256,"MH0046","Healthy"
0.0246,0.16106,0,"MH0047","Healthy"
0.06281,0.3769,0,"MH0048","Healthy"
0.05921,0.76236,0,"MH0049","Healthy"
0.10645,0.47046,3.11264,"MH0050","Healthy"
0.21356,0.05052,5.27501,"MH0051","Healthy"
0.058,1.35857,6.41347,"MH0052","Healthy"
0.08267,0.52804,0.31842,"MH0053","Healthy"
0.19993,1.62763,2.71393,"MH0054","Healthy"
0.09906,0.4241,0.00598,"MH0055","Healthy"
0,0.54692,3.96132,"MH0056","Healthy"
0.07324,0.27099,0.28922,"MH0057","Healthy"
0.1134,0.20821,0,"MH0058","Healthy"
0.35751,0.49744,0.71784,"MH0059","Healthy"
0.49663,1.35791,0.17738,"MH0060","Healthy"
0,0,0,"MH0061","Healthy"
0,2.70875,0,"MH0062","Healthy"
0.1332,0.41116,4.83662,"MH0063","Healthy"
0.0275,0.13038,2.08417,"MH0064","Healthy"
0.06287,0.54749,2.60168,"MH0065","Healthy"
0.4627,1.82716,2.01135,"MH0066","Healthy"
0.04242,0.33003,0,"MH0067","Healthy"
0.02933,0.54791,0,"MH0068","Healthy"
0.1119,0.56167,0,"MH0069","Healthy"
0.04636,0.18841,2.23489,"MH0070","Healthy"
0.32226,1.23901,0,"MH0071","Healthy"
0,0.47477,0,"MH0072","Healthy"
0.16663,0.32414,0,"MH0073","Healthy"
0,1.14322,0,"MH0074","Healthy"
0.04137,0.99215,1.66347,"MH0075","Healthy"
0.20001,0.68197,0.53549,"MH0076","Healthy"
0.02955,0.28682,0.16452,"MH0077","Healthy"
0.01561,0.20067,2.8929,"MH0078","Healthy"
0,0.19402,0.117,"MH0079","Healthy"
0.10952,0.32376,0.00499,"MH0080","Healthy"
0.06331,0.47976,1.05778,"MH0081","Healthy"
0.08928,0.35948,0,"MH0082","Healthy"
0.11234,0.81786,0.22934,"MH0083","Healthy"
0,0.37366,0,"MH0084","Healthy"
0.01966,0.49977,0.53848,"MH0085","Healthy"
0.3716,1.7159,2.69297,"MH0086","Healthy"
0,0.18586,0,"MH0087","Healthy"
0.23365,1.40317,0,"MH0088","Healthy"
0,0.23978,0,"MH0089","Healthy"
0.13205,0.47609,3.88282,"MH0090","Healthy"
0.06045,0.12434,2.65366,"MH0091","Healthy"
0.09309,0.11617,0.01961,"MH0092","Healthy"
0.03518,0.35317,0,"MH0093","Healthy"
0.05576,0.34326,0,"MH0094","Healthy"
0.01792,0.146,0,"MH0095","Healthy"
0.09798,1.32308,0,"MH0096","Healthy"
0.02624,1.84615,0,"MH0097","Healthy"
0.17301,0.7196,0,"MH0098","Healthy"
0.20263,0.65861,6.87329,"MH0099","Healthy"
0.27711,1.66017,1.32674,"MH0100","Healthy"
0.05064,0.31636,0,"MH0101","Healthy"
0.23993,1.18904,0.01033,"MH0102","Healthy"
0.10173,0.16262,5.46363,"MH0103","Healthy"
0,0.83042,0,"MH0104","Healthy"
0.08283,0.36024,3.84673,"MH0105","Healthy"
0.02955,0.20576,0,"MH0106","Healthy"
0.04748,0.31951,9.26125,"MH0107","Healthy"
0,0.46062,0,"MH0109","Healthy"
0.00723,0.92069,0,"MH0110","Healthy"
0.12281,0.58532,9.11256,"MH0111","Healthy"
0.17083,0.26305,0.03066,"MH0113","Healthy"
0.08525,0.43834,0,"MH0114","Healthy"
0.1001,0.12994,0.46597,"MH0115","Healthy"
0.06728,0.49681,7.93303,"MH0116","Healthy"
0.84155,1.65481,0,"MH0117","Healthy"
0.12946,2.35312,2.14857,"MH0118","Healthy"
0.02627,0.22897,0.07242,"MH0120","Healthy"
0,0.42697,0,"MH0121","Healthy"
0,0.40996,1.58621,"MH0122","Healthy"
0.14772,0.42149,1.48804,"MH0123","Healthy"
0.05571,0.26578,0,"MH0124","Healthy"
0.0252,0.35467,0.92063,"MH0125","Healthy"
0.34439,0.61431,0.15932,"MH0126","Healthy"
0.22437,6.34184,0,"MH0127","Healthy"
0,0,0,"MH0128","Healthy"
0.18329,0.40687,3.03427,"MH0129","Healthy"
0.01819,0.07011,0.12626,"MH0130","Healthy"
0.0594,0.59388,0.89776,"MH0132","Healthy"
0.03998,0.20479,0,"MH0133","Healthy"
0.00304,0,0.23328,"MH0134","Healthy"
0.16741,0.48014,1.60809,"MH0135","Healthy"
0.06083,0.57187,0,"MH0136","Healthy"
0.04684,0.13423,16.80887,"MH0137","Healthy"
0.01365,0.20149,0,"MH0138","Healthy"
0.09086,0.3336,0,"MH0139","Healthy"
0.055,0.43448,0.15019,"MH0140","Healthy"
0.11236,0.38979,0,"MH0141","Healthy"
0.26307,0.1994,7.79196,"MH0142","Healthy"
0.01949,0.87497,0.00031,"MH0143","Healthy"
0.0377,0.15056,0.00981,"MH0144","Healthy"
0.05259,0.41788,9.7392,"MH0145","Healthy"
0.04716,0.24139,1.29416,"MH0146","Healthy"
0.20457,1.47332,0,"MH0147","Healthy"
0.00673,0.44504,4.55047,"MH0148","Healthy"
0.09105,0.45758,0,"MH0149","Healthy"
0.15774,0.46508,4.1256,"MH0151","Healthy"
0.07119,0.90714,3.46232,"MH0152","Healthy"
0.06571,0.08602,1.24402,"MH0153","Healthy"
0.02886,0.38015,8.35526,"MH0154","Healthy"
0,0,0,"MH0155","Healthy"
0,0,0,"MH0156","Healthy"
0.25919,0.82456,0.13992,"MH0157","Healthy"
0.06352,0.26446,0,"MH0158","Healthy"
0,0.65644,0,"MH0159","Healthy"
0.09193,0.39404,5.60176,"MH0160","Healthy"
0.15766,0.79738,0,"MH0162","Healthy"
0.20848,1.20505,0,"MH0163","Healthy"
0.04124,0.21794,1.20596,"MH0164","Healthy"
0.12723,0.82202,0,"MH0165","Healthy"
0.09076,0.68164,0,"MH0166","Healthy"
0.0631,0.82433,0.77861,"MH0167","Healthy"
0.12769,0.37,0.09658,"MH0168","Healthy"
0.10957,0.20476,0,"MH0169","Healthy"
0.25614,0.57568,9.35388,"MH0170","Healthy"
0.10962,0.96546,0,"MH0172","Healthy"
0.06815,0.41188,0.52336,"MH0173","Healthy"
0.42464,0.4233,0.30695,"MH0174","Healthy"
0.34057,0.40712,0.12737,"MH0175","Healthy"
0.04867,0.47824,0,"MH0177","Healthy"
0,0,0,"MH0178","Healthy"
0,0,3.53079,"MH0179","Healthy"
0.07701,0.25829,0.48201,"MH0180","Healthy"
0.11053,0.98429,2.6462,"MH0181","Healthy"
0,0.20175,0,"MH0182","Healthy"
0.12141,0.28783,6.92583,"MH0183","Healthy"
0.18651,0.55466,3.30208,"MH0184","Healthy"
0.11491,0.45762,0.00013,"MH0185","Healthy"
0,0.11336,0,"MH0186","Healthy"
0.08438,13.88834,0,"O2_UC1_0","IBD"
1.52599,10.01512,0,"O2_UC1_2","IBD"
0.04604,0.5125,0,"O2_UC11_0","IBD"
0.79663,2.54937,0,"O2_UC11_2","IBD"
0.22291,3.66576,0,"O2_UC12_0","IBD"
0.43432,3.87816,0,"O2_UC12_2","IBD"
0.29699,1.56135,0,"O2_UC13_2","IBD"
0.05448,0.99944,0,"O2_UC13_0","IBD"
0.04849,1.24054,0,"O2_UC14_0","IBD"
0.44558,1.98253,0,"O2_UC14_2","IBD"
0,0.39573,0,"O2_UC16_0","IBD"
0.25812,1.16925,0,"O2_UC16_2","IBD"
0,0.11161,0,"O2_UC17_0","IBD"
0.00971,5.47829,0,"O2_UC17_2","IBD"
0.0437,0.90954,0,"O2_UC18_0","IBD"
0.18254,1.80913,0,"O2_UC18_2","IBD"
0,0,0,"O2_UC19_0","IBD"
0,0,0,"O2_UC19_2","IBD"
0.19461,1.76597,0,"O2_UC2_0","IBD"
0.16114,1.99822,0,"O2_UC2_2","IBD"
0.16453,3.09986,0,"O2_UC20_0","IBD"
0.65285,2.37553,0,"O2_UC20_2","IBD"
0.01872,0.42538,12.31831,"O2_UC21_0","IBD"
0.09256,1.16639,0.91303,"O2_UC21_2","IBD"
0,1.63447,0,"O2_UC22_0","IBD"
0,2.79344,0,"O2_UC22_2","IBD"
0.10337,0.9255,0,"O2_UC23_0","IBD"
0.32673,3.9247,0,"O2_UC23_2","IBD"
0.0379,0.82333,0,"O2_UC24_0","IBD"
0.32738,1.35371,0,"O2_UC24_2","IBD"
0,0,0,"O2_UC26_2","IBD"
0,0,0,"O2_UC26_0","IBD"
0.65622,0.70491,0,"O2_UC27_2","IBD"
0.5816,0.81846,0,"O2_UC27_0","IBD"
0.43747,2.85678,3.07235,"O2_UC29_2","IBD"
0.43506,3.04158,3.14601,"O2_UC29_0","IBD"
0.18737,1.60286,0,"O2_UC3_2","IBD"
0.12548,2.2589,0,"O2_UC3_0","IBD"
1.43441,10.33248,0,"O2_UC30_0","IBD"
0.76475,0.67043,0,"O2_UC30_2","IBD"
0.12938,1.21495,9.5164,"O2_UC31_0","IBD"
0.23811,1.39626,7.00176,"O2_UC31_2","IBD"
0.3219,2.2836,0,"O2_UC32_0","IBD"
0.2902,3.09471,0.00038,"O2_UC32_2","IBD"
0.05316,0.20611,0,"O2_UC34_0","IBD"
0.61071,0.08804,0,"O2_UC34_2","IBD"
0.08959,1.05085,0,"O2_UC35_0","IBD"
0.0729,0.65412,0,"O2_UC35_2","IBD"
0.19822,1.42955,0,"O2_UC36_2","IBD"
0,0,0,"O2_UC37_0","IBD"
0,0,0,"O2_UC37_2","IBD"
0.09094,0,0,"O2_UC38_0","IBD"
0.0654,0,0,"O2_UC38_2","IBD"
0,0,0.0323,"O2_UC4_0","IBD"
0.34605,0.23561,0.0045,"O2_UC4_2","IBD"
0.10109,0.85272,6.33949,"O2_UC40_0","IBD"
0.1169,0.93002,2.7969,"O2_UC40_2","IBD"
0.42745,0.59789,2.58197,"O2_UC41_2","IBD"
0.11363,0.63007,11.56932,"O2_UC41_0","IBD"
0.03961,0.23729,0,"O2_UC43_2","IBD"
0.09588,0.81442,0,"O2_UC43_0","IBD"
0.21771,2.0391,1.24947,"O2_UC44_2","IBD"
0.15256,0.80412,0.18039,"O2_UC44_0","IBD"
0,1.15795,0,"O2_UC46_0","IBD"
0.00953,1.36218,0,"O2_UC46_2","IBD"
0.23037,1.46489,0.06423,"O2_UC47_2","IBD"
0.26035,0.82651,1.22676,"O2_UC47_0","IBD"
0.15045,2.72158,0,"O2_UC48_2","IBD"
0.20366,2.22965,0,"O2_UC48_0","IBD"
0.40769,0.40272,0,"O2_UC49_2","Healthy"
0.13549,1.79034,0,"O2_UC49_0","Healthy"
0.04024,1.21936,0,"O2_UC5_2","IBD"
0.14197,0.77511,0,"O2_UC5_0","IBD"
0.20072,0.9632,0,"O2_UC50_2","Healthy"
0.27507,1.58192,0.12799,"O2_UC50_0","Healthy"
0.16791,0.44933,6.39556,"O2_UC51_0","Healthy"
0.12576,1.09384,4.2425,"O2_UC51_2","Healthy"
0.08293,0.49524,0.83158,"O2_UC52_2","Healthy"
0.07603,0.0125,0.39119,"O2_UC52_0","Healthy"
0.04996,2.2537,0,"O2_UC53_0","Healthy"
0.11743,1.08595,0,"O2_UC53_2","Healthy"
0.10203,1.52275,0,"O2_UC54_0","Healthy"
0.09156,0.60557,0.04908,"O2_UC54_2","Healthy"
0.10514,1.30187,0,"O2_UC55_0","Healthy"
0.05924,0.69567,0,"O2_UC55_2","Healthy"
0.06388,1.16447,0,"O2_UC56_2","Healthy"
0.05524,1.00321,0,"O2_UC56_0","Healthy"
0.20227,0.79405,3.96651,"O2_UC57_0","Healthy"
0.11422,0.80808,5.36375,"O2_UC57_2","Healthy"
0.30288,0.95349,0.00868,"O2_UC58_0","Healthy"
0.47186,0.69549,0,"O2_UC58_2","Healthy"
0,0.16969,0,"O2_UC59_2","Healthy"
0,0.19283,0,"O2_UC59_0","Healthy"
0.17965,0.61542,2.59617,"O2_UC60_0","Healthy"
0.15438,1.68051,2.41111,"O2_UC60_2","Healthy"
0.42324,2.96666,0,"O2_UC9_0","IBD"
0.42113,1.44293,0,"O2_UC9_2","IBD"
0,0.55281,0,"V1_CD1_0","IBD"
0,0.00243,0,"V1_CD10_0","IBD"
0,0.34954,0,"V1_CD11_0","Healthy"
0.05437,0,0,"V1_CD12_0","IBD"
0.24955,1.25675,0.75181,"V1_CD13_0","Healthy"
0.05624,1.28882,0.39348,"V1_CD14_0","Healthy"
0,0,0,"V1_CD15_0","IBD"
0.23726,0.04221,0,"V1_CD15_3","IBD"
0.30412,0.99507,0,"V1_CD16_0","Healthy"
0,4.3133,0,"V1_CD17_0","IBD"
0,3.3894,0,"V1_CD17_4","IBD"
0,0.93796,0,"V1_CD18_3","IBD"
0,4.02092,0,"V1_CD18_0","IBD"
0.50224,2.59122,0.37519,"V1_CD19_0","Healthy"
0.01463,0.2264,1.52121,"V1_CD2_0","Healthy"
0.00682,0.31593,0,"V1_CD20_4","IBD"
0,0,0,"V1_CD21_4","IBD"
0,0,0,"V1_CD21_0","IBD"
0.20082,1.03907,1.5935,"V1_CD22_0","Healthy"
0.30312,1.61813,0,"V1_CD24_0","Healthy"
0,0.30368,0,"V1_CD25_0","IBD"
0,0.48377,0,"V1_CD25_4","IBD"
0,1.69027,0,"V1_CD27_0","Healthy"
0,0.59105,0,"V1_CD28_0","Healthy"
0.1716,0.84715,0.10639,"V1_CD29_0","Healthy"
0.18088,0.71058,0,"V1_CD3_0","Healthy"
0.43421,0.4595,0.03885,"V1_CD30_0","Healthy"
0.26848,1.66725,0,"V1_CD31_0","Healthy"
0.21471,0.21161,7.69414,"V1_CD34_0","Healthy"
0,4.19148,0,"V1_CD35_1","IBD"
0,0.01658,0.00057,"V1_CD35_0","IBD"
0,2.4274,0,"V1_CD36_0","Healthy"
0.12206,0.14221,0,"V1_CD38_0","Healthy"
0.20221,0.31076,2.13438,"V1_CD4_0","Healthy"
0.12775,0.85697,0,"V1_CD41_0","IBD"
0.06432,0.71828,0,"V1_CD42_0","Healthy"
0,0.01433,0,"V1_CD6_0","IBD"
0,0,0,"V1_CD6_4","IBD"
0,5.48412,0,"V1_CD7_0","IBD"
0,4.45448,0,"V1_CD7_4","IBD"
0.23151,0.76573,5.5241,"V1_CD8_0","Healthy"
0,0,0,"V1_CD9_0","Healthy"
0,0,0,"V1_UC1_0","IBD"
0.34857,0.43131,0.41952,"V1_UC10_0","IBD"
0.3031,0.76161,2.20468,"V1_UC10_2","IBD"
0,0,0,"V1_UC11_0","IBD"
0,0,0,"V1_UC11_5","IBD"
0.03511,6.38344,2.62684,"V1_UC12_0","IBD"
0.01543,1.46457,8.70165,"V1_UC12_4","IBD"
0.10599,0,0,"V1_UC13_0","IBD"
0.19446,0,0,"V1_UC13_3","IBD"
0.08755,2.14826,0,"V1_UC14_0","IBD"
0,0.00095,0,"V1_UC14_1","IBD"
0.11908,1.56592,0,"V1_UC15_0","IBD"
0.15885,2.70861,0,"V1_UC15_3","IBD"
0,3.02138,0,"V1_UC16_0","Healthy"
0,0.29938,0,"V1_UC17_0","IBD"
0.19044,1.19988,0,"V1_UC17_2","IBD"
0,0.46705,0,"V1_UC18_0","Healthy"
0.02334,1.00555,3.47411,"V1_UC19_0","Healthy"
0.3647,1.52774,0,"V1_UC2_4","IBD"
0.58514,1.57148,0,"V1_UC2_0","IBD"
0.00534,0.13206,0,"V1_UC21_0","IBD"
0.19844,1.01509,0,"V1_UC21_4","IBD"
0.27775,2.52187,0,"V1_UC23_1","IBD"
0.17783,1.43641,0,"V1_UC23_0","IBD"
0.29585,0.45004,6.52887,"V1_UC24_0","Healthy"
0.12703,6.27234,0,"V1_UC25_0","IBD"
0.00711,1.22206,0,"V1_UC25_1","IBD"
0,1.98031,0,"V1_UC26_0","IBD"
0,0.11346,0,"V1_UC26_4","IBD"
0.58009,3.3746,0.2534,"V1_UC27_0","Healthy"
0.19195,0.77126,0,"V1_UC28_0","Healthy"
0,0.13411,0,"V1_UC29_0","Healthy"
0.12742,1.07756,0,"V1_UC3_2","IBD"
0.6158,2.05946,0,"V1_UC3_0","IBD"
0,4.50511,0,"V1_UC30_0","Healthy"
0,1.47315,0,"V1_UC31_0","IBD"
0,2.93497,0,"V1_UC31_4","IBD"
0,1.95218,0.67402,"V1_UC32_0","Healthy"
0.09754,1.45343,0.37338,"V1_UC33_0","Healthy"
0,0.03377,0,"V1_UC34_0","Healthy"
0.14765,0.16825,0,"V1_UC35_0","IBD"
0.09218,0.04776,0,"V1_UC35_4","IBD"
0.33722,1.4526,7.16907,"V1_UC36_0","Healthy"
0.13044,0.63421,0,"V1_UC37_0","Healthy"
0.15482,0.92506,0,"V1_UC38_0","IBD"
1.88918,5.66348,0,"V1_UC39_0","IBD"
0,0.33315,0,"V1_UC4_0","IBD"
0.04706,1.41009,0,"V1_UC4_5","IBD"
0,3.20807,0,"V1_UC40_0","IBD"
0,0.00882,0,"V1_UC41_0","Healthy"
0,2.89569,0,"V1_UC42_0","Healthy"
0.12308,0.60681,5.35655,"V1_UC43_0","Healthy"
0.13399,0.68491,0.00029,"V1_UC44_0","Healthy"
0.65362,2.83148,0,"V1_UC45_0","IBD"
0.02432,1.07124,0.00456,"V1_UC46_0","Healthy"
0.2538,4.72958,0.17774,"V1_UC47_0","IBD"
0.1635,0.93965,0,"V1_UC48_0","Healthy"
0.20382,1.06452,0,"V1_UC49_0","IBD"
0,0,0,"V1_UC49_1","IBD"
0.12822,1.16312,0,"V1_UC5_0","IBD"
0.60575,2.05128,0,"V1_UC5_3","IBD"
0.07676,1.15865,0.00014,"V1_UC50_1","IBD"
0,0.00231,0,"V1_UC51_0","IBD"
0.04256,0.24432,3.46123,"V1_UC51_4","IBD"
0.13051,0.77892,11.00825,"V1_UC52_0","IBD"
0.40232,0.60269,2.79874,"V1_UC52_1","IBD"
0.11993,0.86945,0,"V1_UC53_0","IBD"
0.09681,0.20507,2.85328,"V1_UC53_4","IBD"
0,1.53703,0.0028,"V1_UC54_0","IBD"
0.32839,3.82902,0,"V1_UC55_0","IBD"
0.13211,1.39269,0,"V1_UC55_4","IBD"
0,0.08416,0,"V1_UC56_0","IBD"
0.12245,0.94705,0.98959,"V1_UC57_0","Healthy"
0.44682,1.84364,0,"V1_UC58_0","IBD"
0.31229,1.33996,0,"V1_UC6_0","Healthy"
0.02114,0.03101,1.44612,"V1_UC61_0","Healthy"
0.12641,1.20744,2.37226,"V1_UC62_0","Healthy"
0.03147,0.392,0,"V1_UC7_0","Healthy"
0.34906,3.97883,0,"V1_UC8_0","Healthy"
0.70738,2.11996,0,"V1_UC9_0","Healthy"
