"sample_id","PCo1","PCo2","condition","batch","var_PCo1","var_PCo2"
"p8582_mo1",0.115102823313499,-0.0222318126787672,"IBD","HallAB_2017",8.40854534044177,5.59487339174085
"p8582_mo10",0.15676976698743,-0.11158256812385,"IBD","HallAB_2017",8.40854534044177,5.59487339174085
"p8582_mo11",0.173865945949426,-0.104791826113363,"IBD","HallAB_2017",8.40854534044177,5.59487339174085
"p8582_mo12",0.13545083561702,-0.0637895991049628,"IBD","HallAB_2017",8.40854534044177,5.59487339174085
"p8582_mo2",0.102934651878302,-0.029944578787243,"IBD","HallAB_2017",8.40854534044177,5.59487339174085
"p8582_mo3",0.0567844492208315,0.0389388275187922,"IBD","HallAB_2017",8.40854534044177,5.59487339174085
"p8582_mo4",0.13728341726531,-0.100540209221549,"IBD","HallAB_2017",8.40854534044177,5.59487339174085
"p8582_mo5",0.0386402689419063,0.0830569133958768,"IBD","HallAB_2017",8.40854534044177,5.59487339174085
"p8582_mo6",-0.0176529024290244,0.169995781700796,"IBD","HallAB_2017",8.40854534044177,5.59487339174085
"p8582_mo7",0.0651655595346781,0.0248456317411315,"IBD","HallAB_2017",8.40854534044177,5.59487339174085
"p8582_mo8",0.173578345149141,-0.0533022534471375,"IBD","HallAB_2017",8.40854534044177,5.59487339174085
"p8582_mo9",0.13154942870888,-0.10563957771108,"IBD","HallAB_2017",8.40854534044177,5.59487339174085
"p8585_mo1",-0.115242184605879,0.449102768540085,"IBD","HallAB_2017",8.40854534044177,5.59487339174085
"p8585_mo2",-0.328566013226812,0.17448061152814,"IBD","HallAB_2017",8.40854534044177,5.59487339174085
"p8585_mo3",-0.410627787404522,0.207718764836659,"IBD","HallAB_2017",8.40854534044177,5.59487339174085
"p8585_mo4",-0.137760177852463,0.293443769065358,"IBD","HallAB_2017",8.40854534044177,5.59487339174085
"p8585_mo6",-0.257694244385053,-0.0410680239862691,"IBD","HallAB_2017",8.40854534044177,5.59487339174085
"p8585_mo7",-0.345137312250795,-0.0367066315540236,"IBD","HallAB_2017",8.40854534044177,5.59487339174085
"p8585_mo8",-0.44676647587803,-0.0223695434549643,"IBD","HallAB_2017",8.40854534044177,5.59487339174085
"p8585_mo9",-0.208858471848333,-0.130260476683979,"IBD","HallAB_2017",8.40854534044177,5.59487339174085
"p8600_mo1",0.0693575065679757,0.332739049031562,"IBD","HallAB_2017",8.40854534044177,5.59487339174085
"p8600_mo10",0.207921979445665,0.0931761570519874,"IBD","HallAB_2017",8.40854534044177,5.59487339174085
"p8600_mo11",0.212199279592173,0.122624575743226,"IBD","HallAB_2017",8.40854534044177,5.59487339174085
"p8600_mo12",0.211134999721059,0.171002516429062,"IBD","HallAB_2017",8.40854534044177,5.59487339174085
"p8600_mo2",0.0735143996350327,0.317876771922621,"IBD","HallAB_2017",8.40854534044177,5.59487339174085
"p8600_mo3",-0.0814720504112119,0.510340232142162,"IBD","HallAB_2017",8.40854534044177,5.59487339174085
"p8600_mo4",0.21303899406267,0.191565691378871,"IBD","HallAB_2017",8.40854534044177,5.59487339174085
"p8600_mo5",0.151954721547265,0.267847163159444,"IBD","HallAB_2017",8.40854534044177,5.59487339174085
"p8600_mo6",0.0850836532011909,0.318302445882727,"IBD","HallAB_2017",8.40854534044177,5.59487339174085
"p8600_mo7",0.224568190474995,0.13876067142272,"IBD","HallAB_2017",8.40854534044177,5.59487339174085
"p8600_mo8",0.216015892155916,0.140024723142572,"IBD","HallAB_2017",8.40854534044177,5.59487339174085
"p8600_mo9",0.19562223878034,0.107384082924919,"IBD","HallAB_2017",8.40854534044177,5.59487339174085
"p8646_mo1",-0.0701573215868904,0.228731371746016,"IBD","HallAB_2017",8.40854534044177,5.59487339174085
"p8646_mo10",0.0940367644006991,0.083710358937898,"IBD","HallAB_2017",8.40854534044177,5.59487339174085
"p8646_mo11",0.0830212575691076,0.0524848169420985,"IBD","HallAB_2017",8.40854534044177,5.59487339174085
"p8646_mo12",0.114472668791382,0.0462821054571274,"IBD","HallAB_2017",8.40854534044177,5.59487339174085
"p8646_mo2",-0.0853567332137178,0.276639854235119,"IBD","HallAB_2017",8.40854534044177,5.59487339174085
"p8646_mo3",-0.0747193603400641,0.211604542399885,"IBD","HallAB_2017",8.40854534044177,5.59487339174085
"p8646_mo4",0.0829987309798883,0.113160787190301,"IBD","HallAB_2017",8.40854534044177,5.59487339174085
"p8646_mo5",0.0189307181500508,0.170295925520251,"IBD","HallAB_2017",8.40854534044177,5.59487339174085
"p8646_mo6",0.0676567176594682,0.135459960725013,"IBD","HallAB_2017",8.40854534044177,5.59487339174085
"p8646_mo7",0.0276878879181665,0.162895043150723,"IBD","HallAB_2017",8.40854534044177,5.59487339174085
"p8646_mo8",0.0032504651702952,0.0931306258096454,"IBD","HallAB_2017",8.40854534044177,5.59487339174085
"p8646_mo9",0.0498069489770002,0.185512404493869,"IBD","HallAB_2017",8.40854534044177,5.59487339174085
"p8649_mo1",-0.0476813863433618,0.00532263988246256,"IBD","HallAB_2017",8.40854534044177,5.59487339174085
"p8649_mo10",-0.153809269644291,-0.107847877329456,"IBD","HallAB_2017",8.40854534044177,5.59487339174085
"p8649_mo11",0.0228171433073923,0.221795102889783,"IBD","HallAB_2017",8.40854534044177,5.59487339174085
"p8649_mo12",-0.362609919086859,-0.0859483232978642,"IBD","HallAB_2017",8.40854534044177,5.59487339174085
"p8649_mo2",-0.0302016497354759,0.0803780484421807,"IBD","HallAB_2017",8.40854534044177,5.59487339174085
"p8649_mo3",-0.265734768699858,-0.0829969612655603,"IBD","HallAB_2017",8.40854534044177,5.59487339174085
"p8649_mo4",-0.147269308039717,-0.0080136689446329,"IBD","HallAB_2017",8.40854534044177,5.59487339174085
"p8649_mo5",-0.114773472463913,0.368308230573371,"IBD","HallAB_2017",8.40854534044177,5.59487339174085
"p8649_mo6",-0.197961273248699,-0.062661285327799,"IBD","HallAB_2017",8.40854534044177,5.59487339174085
"p8649_mo7",0.131955222825502,0.0611944720505185,"IBD","HallAB_2017",8.40854534044177,5.59487339174085
"p8649_mo8",0.120543454625795,0.118043555985299,"IBD","HallAB_2017",8.40854534044177,5.59487339174085
"p8649_mo9",0.082669434266263,-0.0419487841382491,"IBD","HallAB_2017",8.40854534044177,5.59487339174085
"p8712_mo1",0.0852132414217008,0.109623405985653,"IBD","HallAB_2017",8.40854534044177,5.59487339174085
"p8712_mo10",0.111375081947891,0.0536579167833591,"IBD","HallAB_2017",8.40854534044177,5.59487339174085
"p8712_mo11",0.0675232384082984,-0.0198928386282616,"IBD","HallAB_2017",8.40854534044177,5.59487339174085
"p8712_mo12",0.135406793369738,0.0285564417337473,"IBD","HallAB_2017",8.40854534044177,5.59487339174085
"p8712_mo2",0.0696472741677163,0.0987182561046756,"IBD","HallAB_2017",8.40854534044177,5.59487339174085
"p8712_mo3",0.164497669005769,0.0686756467227167,"IBD","HallAB_2017",8.40854534044177,5.59487339174085
"p8712_mo4",0.119754912850763,0.0953635070999231,"IBD","HallAB_2017",8.40854534044177,5.59487339174085
"p8712_mo5",0.186858039766269,0.113409656306904,"IBD","HallAB_2017",8.40854534044177,5.59487339174085
"p8712_mo6",0.0898393028238333,0.143910127807589,"IBD","HallAB_2017",8.40854534044177,5.59487339174085
"p8712_mo7",0.182125598943387,0.0283831411617273,"IBD","HallAB_2017",8.40854534044177,5.59487339174085
"p8712_mo8",0.0999530246372294,0.119954097242403,"IBD","HallAB_2017",8.40854534044177,5.59487339174085
"p8712_mo9",0.0306668681131012,0.16219569089688,"IBD","HallAB_2017",8.40854534044177,5.59487339174085
"p8748_mo10",0.134928798954402,-0.0287331051579829,"IBD","HallAB_2017",8.40854534044177,5.59487339174085
"p8748_mo11",0.142944009551767,-0.0592342155826512,"IBD","HallAB_2017",8.40854534044177,5.59487339174085
"p8748_mo12",0.124962155108012,-0.0426429539064541,"IBD","HallAB_2017",8.40854534044177,5.59487339174085
"p8748_mo4",0.210932561231432,-0.0525274175453365,"IBD","HallAB_2017",8.40854534044177,5.59487339174085
"p8748_mo5",0.0776639823047527,0.0645960288174,"IBD","HallAB_2017",8.40854534044177,5.59487339174085
"p8748_mo6",0.0424442844170432,0.0586357141126343,"IBD","HallAB_2017",8.40854534044177,5.59487339174085
"p8748_mo7",0.206553481343684,-0.0403831939370694,"IBD","HallAB_2017",8.40854534044177,5.59487339174085
"p8748_mo8",0.157838954492202,-0.0208871178474148,"IBD","HallAB_2017",8.40854534044177,5.59487339174085
"p8748_mo9",0.126514906546058,-0.0418060037668011,"IBD","HallAB_2017",8.40854534044177,5.59487339174085
"p8775_mo1",0.126781085161833,0.0852599373546637,"IBD","HallAB_2017",8.40854534044177,5.59487339174085
"p8775_mo10",0.131507013567616,-0.0294581694117711,"IBD","HallAB_2017",8.40854534044177,5.59487339174085
"p8775_mo11",0.170387146205424,-0.06979922128615,"IBD","HallAB_2017",8.40854534044177,5.59487339174085
"p8775_mo12",0.185116690608495,-0.0892331841544082,"IBD","HallAB_2017",8.40854534044177,5.59487339174085
"p8775_mo2",0.173597212128821,-0.069727899654347,"IBD","HallAB_2017",8.40854534044177,5.59487339174085
"p8775_mo3",0.163328067506767,-0.07207527438612,"IBD","HallAB_2017",8.40854534044177,5.59487339174085
"p8775_mo4",0.140609394198736,-0.0614471303509406,"IBD","HallAB_2017",8.40854534044177,5.59487339174085
"p8775_mo5",0.159647799841338,-0.0897518024879992,"IBD","HallAB_2017",8.40854534044177,5.59487339174085
"p8775_mo6",0.112703135294556,-0.0330196329345493,"IBD","HallAB_2017",8.40854534044177,5.59487339174085
"p8775_mo7",0.178943883707344,-0.0889711258991325,"IBD","HallAB_2017",8.40854534044177,5.59487339174085
"p8775_mo8",0.102347495098874,-0.0377973176879743,"IBD","HallAB_2017",8.40854534044177,5.59487339174085
"p8775_mo9",0.205267924288105,-0.070014532420528,"IBD","HallAB_2017",8.40854534044177,5.59487339174085
"p8808_mo10",-0.0700401771133963,0.246941100377082,"IBD","HallAB_2017",8.40854534044177,5.59487339174085
"p8808_mo11",-0.100926562934166,0.469473921594797,"IBD","HallAB_2017",8.40854534044177,5.59487339174085
"p8808_mo12",-0.0836354747030008,0.380221460920292,"IBD","HallAB_2017",8.40854534044177,5.59487339174085
"p8808_mo4",-0.105080588052533,0.31316471057074,"IBD","HallAB_2017",8.40854534044177,5.59487339174085
"p8808_mo5",-0.080223634760366,0.298583915832914,"IBD","HallAB_2017",8.40854534044177,5.59487339174085
"p8808_mo6",-0.0706888757253166,0.343461316784381,"IBD","HallAB_2017",8.40854534044177,5.59487339174085
"p8808_mo7",-0.0871745757808416,0.267376684415562,"IBD","HallAB_2017",8.40854534044177,5.59487339174085
"p8808_mo8",-0.0687682803149706,0.223241021623006,"IBD","HallAB_2017",8.40854534044177,5.59487339174085
"p8808_mo9",-0.0827206185190538,0.272514210319229,"IBD","HallAB_2017",8.40854534044177,5.59487339174085
"p8816_mo1",0.0238125614207267,-0.00989919122792199,"IBD","HallAB_2017",8.40854534044177,5.59487339174085
"p8816_mo10",0.131367026034366,-0.046821711761696,"IBD","HallAB_2017",8.40854534044177,5.59487339174085
"p8816_mo11",0.0720367598897711,-0.0458422112114847,"IBD","HallAB_2017",8.40854534044177,5.59487339174085
"p8816_mo12",0.146878103923821,-0.0244180192196434,"IBD","HallAB_2017",8.40854534044177,5.59487339174085
"p8816_mo2",0.0525877444375554,0.0238870591960123,"IBD","HallAB_2017",8.40854534044177,5.59487339174085
"p8816_mo3",0.102347965122585,-0.0331237028484933,"IBD","HallAB_2017",8.40854534044177,5.59487339174085
"p8816_mo4",0.123860373978903,-0.0221149936901094,"IBD","HallAB_2017",8.40854534044177,5.59487339174085
"p8816_mo5",0.151386573590518,-0.0518589284610881,"IBD","HallAB_2017",8.40854534044177,5.59487339174085
"p8816_mo6",0.11641704319323,0.00443961573472255,"IBD","HallAB_2017",8.40854534044177,5.59487339174085
"p8816_mo7",0.0849859520956287,-0.0185700193958992,"IBD","HallAB_2017",8.40854534044177,5.59487339174085
"p8816_mo8",0.166670201724257,-0.0816853924710796,"IBD","HallAB_2017",8.40854534044177,5.59487339174085
"p8816_mo9",0.11189008508556,-0.0311456987374014,"IBD","HallAB_2017",8.40854534044177,5.59487339174085
"p8855_mo10",-0.073609245450222,0.451356612179886,"IBD","HallAB_2017",8.40854534044177,5.59487339174085
"p8855_mo11",-0.0740573145038291,0.465272960920885,"IBD","HallAB_2017",8.40854534044177,5.59487339174085
"p8855_mo12",-0.0854456399930378,0.462412370455454,"IBD","HallAB_2017",8.40854534044177,5.59487339174085
"p8855_mo3",-0.0721156094350418,0.423458018696682,"IBD","HallAB_2017",8.40854534044177,5.59487339174085
"p8855_mo4",-0.0852213099367358,0.496961735705214,"IBD","HallAB_2017",8.40854534044177,5.59487339174085
"p8855_mo8",-0.0614397154446734,0.487615197959678,"IBD","HallAB_2017",8.40854534044177,5.59487339174085
"p8855_mo9",-0.084919148685262,0.506701140312114,"IBD","HallAB_2017",8.40854534044177,5.59487339174085
"p8883_mo10",0.0176336425168175,0.127607892692463,"IBD","HallAB_2017",8.40854534044177,5.59487339174085
"p8883_mo11",0.0743836061892309,0.13007017936151,"IBD","HallAB_2017",8.40854534044177,5.59487339174085
"p8883_mo12",0.103425424287293,0.0519507976940454,"IBD","HallAB_2017",8.40854534044177,5.59487339174085
"p8883_mo2",0.0856541802430311,0.106399738500795,"IBD","HallAB_2017",8.40854534044177,5.59487339174085
"p8883_mo3",0.0994150795839227,0.124872321187649,"IBD","HallAB_2017",8.40854534044177,5.59487339174085
"p8883_mo4",0.0505614798931294,0.118843678603073,"IBD","HallAB_2017",8.40854534044177,5.59487339174085
"p8883_mo6",0.0743787964613202,0.11281012190276,"IBD","HallAB_2017",8.40854534044177,5.59487339174085
"p8883_mo7",0.0803250594228349,0.139845213881181,"IBD","HallAB_2017",8.40854534044177,5.59487339174085
"p8883_mo8",0.0822829082838479,0.129370294546407,"IBD","HallAB_2017",8.40854534044177,5.59487339174085
"p8883_mo9",0.0263556451254998,0.114489709512974,"IBD","HallAB_2017",8.40854534044177,5.59487339174085
"p9061_mo1",-0.439205563885747,-0.126358040141815,"IBD","HallAB_2017",8.40854534044177,5.59487339174085
"p9061_mo2",-0.493907306309279,-0.0781427092058611,"IBD","HallAB_2017",8.40854534044177,5.59487339174085
"p9061_mo3",-0.509588166366324,-0.101645356651186,"IBD","HallAB_2017",8.40854534044177,5.59487339174085
"p9061_mo4",-0.525194399092218,-0.0614105053365453,"IBD","HallAB_2017",8.40854534044177,5.59487339174085
"p9061_mo5",-0.527122967491475,-0.0751033024643887,"IBD","HallAB_2017",8.40854534044177,5.59487339174085
"p9061_mo6",-0.448719464892741,-0.145099679577747,"IBD","HallAB_2017",8.40854534044177,5.59487339174085
"p9061_mo7",-0.48790079986985,-0.108683655771084,"IBD","HallAB_2017",8.40854534044177,5.59487339174085
"p9061_mo8",-0.548346150352945,-0.0609653328688549,"IBD","HallAB_2017",8.40854534044177,5.59487339174085
"p9193_mo1",0.137929890009248,-0.0938904590527951,"IBD","HallAB_2017",8.40854534044177,5.59487339174085
"p9193_mo2",0.236811557490106,-0.0602472511312846,"IBD","HallAB_2017",8.40854534044177,5.59487339174085
"p9193_mo4",0.193333204039393,-0.13109847600331,"IBD","HallAB_2017",8.40854534044177,5.59487339174085
"p9193_mo5",0.154944458432802,-0.114084854526737,"IBD","HallAB_2017",8.40854534044177,5.59487339174085
"p9193_mo6",0.15014938017334,-0.112587907439438,"IBD","HallAB_2017",8.40854534044177,5.59487339174085
"p9193_mo7",0.162391423139384,-0.11364989054417,"IBD","HallAB_2017",8.40854534044177,5.59487339174085
"p9216_mo1",0.192226039250955,-0.129521263751953,"IBD","HallAB_2017",8.40854534044177,5.59487339174085
"p9216_mo2",0.0550007305896611,0.195391653847178,"IBD","HallAB_2017",8.40854534044177,5.59487339174085
"p9216_mo3",0.17274036776753,-0.0935719691556269,"IBD","HallAB_2017",8.40854534044177,5.59487339174085
"p9216_mo4",0.198980835929401,-0.0469432103883832,"IBD","HallAB_2017",8.40854534044177,5.59487339174085
"p9216_mo5",0.194598210045873,-0.0306039041366352,"IBD","HallAB_2017",8.40854534044177,5.59487339174085
"p9216_mo6",0.195556723817112,-0.0706060809606902,"IBD","HallAB_2017",8.40854534044177,5.59487339174085
"p9216_mo7",0.151742951375011,-0.0610384352128644,"IBD","HallAB_2017",8.40854534044177,5.59487339174085
"p9216_mo8",0.166356498180209,-0.0563480515297168,"IBD","HallAB_2017",8.40854534044177,5.59487339174085
"p9220_mo1",0.0309323272955281,-0.00184261882892031,"Healthy","HallAB_2017",8.40854534044177,5.59487339174085
"p9220_mo2",0.114446613559491,-0.0660087684492891,"Healthy","HallAB_2017",8.40854534044177,5.59487339174085
"p9220_mo3",0.0280453684912785,-0.0105808548055441,"Healthy","HallAB_2017",8.40854534044177,5.59487339174085
"p9220_mo4",0.0754452536568159,-0.044113309213498,"Healthy","HallAB_2017",8.40854534044177,5.59487339174085
"p9220_mo5",0.0884045695016691,-0.0488779802792602,"Healthy","HallAB_2017",8.40854534044177,5.59487339174085
"p9220_mo6",-0.0571728265214708,0.209406230157148,"Healthy","HallAB_2017",8.40854534044177,5.59487339174085
"p9220_mo7",0.0953777958422151,-0.030288561713546,"Healthy","HallAB_2017",8.40854534044177,5.59487339174085
"p9223_mo1",-0.521032024960222,-0.112393346092019,"Healthy","HallAB_2017",8.40854534044177,5.59487339174085
"p9223_mo2",-0.40032496984075,-0.159930785032723,"Healthy","HallAB_2017",8.40854534044177,5.59487339174085
"p9223_mo3",-0.40462864088098,-0.155514687589304,"Healthy","HallAB_2017",8.40854534044177,5.59487339174085
"p9223_mo4",-0.436698523957444,-0.17897146095256,"Healthy","HallAB_2017",8.40854534044177,5.59487339174085
"p9223_mo5",-0.224621819109618,-0.181201856914801,"Healthy","HallAB_2017",8.40854534044177,5.59487339174085
"p9223_mo6",-0.356728645407174,-0.184424566325079,"Healthy","HallAB_2017",8.40854534044177,5.59487339174085
"p9223_mo7",-0.366396750490239,-0.199235387589426,"Healthy","HallAB_2017",8.40854534044177,5.59487339174085
"p9223_mo8",-0.374536479001056,-0.190498769267444,"Healthy","HallAB_2017",8.40854534044177,5.59487339174085
"p9281_mo1",0.139525890763482,-0.153862626415969,"Healthy","HallAB_2017",8.40854534044177,5.59487339174085
"p9281_mo2",0.0734600299443869,-0.10744097639343,"Healthy","HallAB_2017",8.40854534044177,5.59487339174085
"p9281_mo3",0.0609227159678716,-0.137711274511357,"Healthy","HallAB_2017",8.40854534044177,5.59487339174085
"p9281_mo4",-0.0259281430770479,-0.0547949595378225,"Healthy","HallAB_2017",8.40854534044177,5.59487339174085
"p9281_mo5",0.0395410626896503,-0.084937589604705,"Healthy","HallAB_2017",8.40854534044177,5.59487339174085
"p9281_mo6",-0.146126429294357,0.197443964437713,"Healthy","HallAB_2017",8.40854534044177,5.59487339174085
"SKST006_1_G102959",-0.0803258449326964,0.330145062961839,"IBD","HallAB_2017",8.40854534044177,5.59487339174085
"SKST006_10_G102994",-0.106584557959525,0.315656754898464,"Healthy","HallAB_2017",8.40854534044177,5.59487339174085
"SKST006_2_G102960",0.187438317970168,0.136977621998736,"IBD","HallAB_2017",8.40854534044177,5.59487339174085
"SKST006_3_G102961",0.231856960524122,0.131286405187978,"IBD","HallAB_2017",8.40854534044177,5.59487339174085
"SKST006_4_G102962",-0.112625935938247,0.344923589111387,"IBD","HallAB_2017",8.40854534044177,5.59487339174085
"SKST006_5_G102963",-0.108418685133278,0.313912175806798,"IBD","HallAB_2017",8.40854534044177,5.59487339174085
"SKST006_6_G102964",-0.107201617962223,0.317392322681653,"IBD","HallAB_2017",8.40854534044177,5.59487339174085
"SKST006_7_G102965",-0.115133109629385,0.402253277801074,"IBD","HallAB_2017",8.40854534044177,5.59487339174085
"SKST006_9_G103014",-0.103873260664092,0.415087251802969,"IBD","HallAB_2017",8.40854534044177,5.59487339174085
"SKST007_1_G102966",0.233888720272278,-0.149215722732132,"Healthy","HallAB_2017",8.40854534044177,5.59487339174085
"SKST007_2_G102967",0.274006193083595,-0.10842158959052,"Healthy","HallAB_2017",8.40854534044177,5.59487339174085
"SKST007_3_G102949",0.225689245273731,-0.158685809977244,"Healthy","HallAB_2017",8.40854534044177,5.59487339174085
"SKST007_4_G102948",0.285454026555712,-0.142245646614682,"Healthy","HallAB_2017",8.40854534044177,5.59487339174085
"SKST007_6_G102995",0.0636101878384678,-0.047251200608346,"Healthy","HallAB_2017",8.40854534044177,5.59487339174085
"SKST007_7_G103016",0.212773699736861,-0.104246918601621,"Healthy","HallAB_2017",8.40854534044177,5.59487339174085
"SKST007_8_G102999",0.245012602718739,-0.135565216160457,"Healthy","HallAB_2017",8.40854534044177,5.59487339174085
"SKST010_1_G102968",0.0933916611362023,-0.0469719005362394,"Healthy","HallAB_2017",8.40854534044177,5.59487339174085
"SKST010_2_G102969",0.244651551953823,-0.115215625626486,"Healthy","HallAB_2017",8.40854534044177,5.59487339174085
"SKST010_3_G102970",-0.01194700009335,0.14840435178112,"Healthy","HallAB_2017",8.40854534044177,5.59487339174085
"SKST010_4_G102956",0.235142476144166,-0.125212760096124,"Healthy","HallAB_2017",8.40854534044177,5.59487339174085
"SKST010_5_G102990",0.227234703590772,-0.0839033187015117,"Healthy","HallAB_2017",8.40854534044177,5.59487339174085
"SKST010_6_G103004",0.258666011887407,-0.0409779864856707,"Healthy","HallAB_2017",8.40854534044177,5.59487339174085
"SKST010_7_G103003",0.209047349022715,-0.0482882753311353,"Healthy","HallAB_2017",8.40854534044177,5.59487339174085
"SKST010_8_G102998",0.251428667911447,-0.0570470360604368,"Healthy","HallAB_2017",8.40854534044177,5.59487339174085
"SKST011_1_G102971",0.239315833783461,-0.106348968361827,"Healthy","HallAB_2017",8.40854534044177,5.59487339174085
"SKST011_2_G102972",0.231766638409337,-0.120967059871251,"Healthy","HallAB_2017",8.40854534044177,5.59487339174085
"SKST011_3_G102973",0.20423575750564,-0.136190811087471,"Healthy","HallAB_2017",8.40854534044177,5.59487339174085
"SKST011_4_G102952",0.219794819815488,-0.132801363512031,"Healthy","HallAB_2017",8.40854534044177,5.59487339174085
"SKST011_5_G102993",0.177128715417753,-0.0484049252570331,"Healthy","HallAB_2017",8.40854534044177,5.59487339174085
"SKST011_6_G103002",0.144990627816645,-0.0234648737380294,"Healthy","HallAB_2017",8.40854534044177,5.59487339174085
"SKST011_7_G103017",0.164504787695827,-0.0259954421986793,"Healthy","HallAB_2017",8.40854534044177,5.59487339174085
"SKST011_8_G103000",0.121020282037241,0.0422960342516271,"Healthy","HallAB_2017",8.40854534044177,5.59487339174085
"SKST012_1_G102974",0.151481503513863,-0.0789586345203011,"Healthy","HallAB_2017",8.40854534044177,5.59487339174085
"SKST012_2_G102975",0.177251061409983,-0.0839580949064188,"Healthy","HallAB_2017",8.40854534044177,5.59487339174085
"SKST012_3_G102950",0.198847030628766,-0.0962304897856323,"Healthy","HallAB_2017",8.40854534044177,5.59487339174085
"SKST012_4_G102954",0.139969378852105,-0.0330221887444969,"Healthy","HallAB_2017",8.40854534044177,5.59487339174085
"SKST012_5_G102992",0.249845950275185,-0.150880284280581,"Healthy","HallAB_2017",8.40854534044177,5.59487339174085
"SKST012_6_G102997",0.180482731330533,-0.065630720281764,"Healthy","HallAB_2017",8.40854534044177,5.59487339174085
"SKST014_1_G102976",-0.114606897406061,0.333287251158187,"IBD","HallAB_2017",8.40854534044177,5.59487339174085
"SKST014_2_G102977",-0.112602778746936,0.39046403533553,"IBD","HallAB_2017",8.40854534044177,5.59487339174085
"SKST014_3_G102978",-0.116097159303338,0.380070056587523,"IBD","HallAB_2017",8.40854534044177,5.59487339174085
"SKST014_4_G102979",-0.10311071755649,0.360653425577091,"IBD","HallAB_2017",8.40854534044177,5.59487339174085
"SKST014_5_G102980",-0.103437673612996,0.430068983358708,"IBD","HallAB_2017",8.40854534044177,5.59487339174085
"SKST014_6_G102951",-0.100473496291347,0.267450090513905,"IBD","HallAB_2017",8.40854534044177,5.59487339174085
"SKST014_7_G102940",-0.0923857620521615,0.266081588981114,"IBD","HallAB_2017",8.40854534044177,5.59487339174085
"SKST023_1_G102981",0.220579108421785,-0.0169521135952936,"Healthy","HallAB_2017",8.40854534044177,5.59487339174085
"SKST023_2_G102987",0.23857597906547,-0.0163562762561948,"Healthy","HallAB_2017",8.40854534044177,5.59487339174085
"SKST023_3_G102941",-0.0177687646959685,0.175821559669866,"Healthy","HallAB_2017",8.40854534044177,5.59487339174085
"SKST023_4_G102937",-0.0103679800657685,0.165635078130101,"Healthy","HallAB_2017",8.40854534044177,5.59487339174085
"SKST023_5_G103007",0.253122921199046,-0.00312262320915867,"Healthy","HallAB_2017",8.40854534044177,5.59487339174085
"SKST023_6_G103009",-0.0126010211222801,0.208841564937616,"Healthy","HallAB_2017",8.40854534044177,5.59487339174085
"SKST023_7_G103015",0.0801717078333175,0.052615897174239,"Healthy","HallAB_2017",8.40854534044177,5.59487339174085
"SKST024_1_G102982",0.279348425817793,0.0138209168394483,"Healthy","HallAB_2017",8.40854534044177,5.59487339174085
"SKST024_2_G102953",-0.0228137868387173,0.231214756096955,"Healthy","HallAB_2017",8.40854534044177,5.59487339174085
"SKST024_3_G102944",0.0556524347859624,0.205552773734323,"Healthy","HallAB_2017",8.40854534044177,5.59487339174085
"SKST024_4_G102938",0.0979803094489756,0.209370672968932,"Healthy","HallAB_2017",8.40854534044177,5.59487339174085
"SKST024_5_G103001",0.288099060280726,0.0296765379271843,"Healthy","HallAB_2017",8.40854534044177,5.59487339174085
"SKST024_6_G103012",0.0236964661882515,0.217799944455498,"Healthy","HallAB_2017",8.40854534044177,5.59487339174085
"SKST024_7_G103022",0.199964900313131,0.0974155776713413,"Healthy","HallAB_2017",8.40854534044177,5.59487339174085
"SKST024_8_G103031",0.0611440337755187,0.158661768421506,"Healthy","HallAB_2017",8.40854534044177,5.59487339174085
"SKST025_1_G102983",0.123151300904155,0.232228466023716,"IBD","HallAB_2017",8.40854534044177,5.59487339174085
"SKST025_2_G102986",0.016448341590091,0.397024408788945,"IBD","HallAB_2017",8.40854534044177,5.59487339174085
"SKST025_3_G102942",-0.0564368746753716,0.448790899658482,"IBD","HallAB_2017",8.40854534044177,5.59487339174085
"SKST025_4_G102939",-0.0852291264947491,0.535530212423384,"IBD","HallAB_2017",8.40854534044177,5.59487339174085
"SKST025_5_G103006",0.132502579354817,0.112388005586021,"IBD","HallAB_2017",8.40854534044177,5.59487339174085
"SKST025_6_G103010",-0.0911616084661799,0.518953610403542,"IBD","HallAB_2017",8.40854534044177,5.59487339174085
"SKST025_9_G103021",0.247066420438879,0.0514832939029984,"IBD","HallAB_2017",8.40854534044177,5.59487339174085
"SKST027_1_G102984",-0.0233057435616243,0.206123526287282,"IBD","HallAB_2017",8.40854534044177,5.59487339174085
"SKST027_10_G102936",-0.113697615723821,0.436207675335389,"IBD","HallAB_2017",8.40854534044177,5.59487339174085
"SKST027_11_G102996",-0.0929410554244714,0.467256787688578,"IBD","HallAB_2017",8.40854534044177,5.59487339174085
"SKST027_12_G103011",-0.102590039714859,0.406959551773553,"IBD","HallAB_2017",8.40854534044177,5.59487339174085
"SKST027_2_G102985",0.145226372211241,0.104274949863696,"IBD","HallAB_2017",8.40854534044177,5.59487339174085
"SKST027_3_G102945",0.131504571249216,0.045729884877172,"IBD","HallAB_2017",8.40854534044177,5.59487339174085
"SKST027_4_G102958",0.148993564719451,0.0286404112362349,"IBD","HallAB_2017",8.40854534044177,5.59487339174085
"SKST027_9_G102947",-0.106079813028662,0.340715551144805,"IBD","HallAB_2017",8.40854534044177,5.59487339174085
"SKST032_1_G102943",0.0982522030553264,0.166755045148517,"IBD","HallAB_2017",8.40854534044177,5.59487339174085
"SKST032_2_G102946",0.152235231101772,0.115292124274102,"IBD","HallAB_2017",8.40854534044177,5.59487339174085
"SKST032_3_G102989",0.159628881451639,0.034879565627062,"IBD","HallAB_2017",8.40854534044177,5.59487339174085
"SKST032_4_G103008",0.252479816888857,-0.0298248318396035,"IBD","HallAB_2017",8.40854534044177,5.59487339174085
"SKST032_5_G103024",0.211490989704935,-0.0724161703808462,"IBD","HallAB_2017",8.40854534044177,5.59487339174085
"SKST036_1_G103013",0.243651945473655,-0.0155126018489281,"Healthy","HallAB_2017",8.40854534044177,5.59487339174085
"SKST036_2_G103020",0.12446623462245,-0.0185375647789429,"Healthy","HallAB_2017",8.40854534044177,5.59487339174085
"SKST036_3_G103025",0.211194387369539,-0.110742575772606,"Healthy","HallAB_2017",8.40854534044177,5.59487339174085
"SKST037_2_G103023",0.0129125280585924,0.0783732628291903,"Healthy","HallAB_2017",8.40854534044177,5.59487339174085
"SKST037_3_G103026",-0.0172593565435827,0.169605974660921,"Healthy","HallAB_2017",8.40854534044177,5.59487339174085
"SKST041_1_G103005",0.120388345599398,-0.0248686144803663,"Healthy","HallAB_2017",8.40854534044177,5.59487339174085
"SKST041_2_G103027",0.0830273970168959,0.0810464220367984,"Healthy","HallAB_2017",8.40854534044177,5.59487339174085
"SKST041_3_G103028",0.115915278176406,0.0609274852529446,"Healthy","HallAB_2017",8.40854534044177,5.59487339174085
"MH0001",-0.571538219785218,-0.0573417651606513,"Healthy","NielsenHB_2014",8.40854534044177,5.59487339174085
"MH0002",0.103843018144121,-0.0431604831411325,"Healthy","NielsenHB_2014",8.40854534044177,5.59487339174085
"MH0003",0.120274911919322,-0.112149437500242,"Healthy","NielsenHB_2014",8.40854534044177,5.59487339174085
"MH0004",0.0144300268984045,-0.0507208929339255,"Healthy","NielsenHB_2014",8.40854534044177,5.59487339174085
"MH0005",-0.588845332354824,-0.0722184624724519,"Healthy","NielsenHB_2014",8.40854534044177,5.59487339174085
"MH0006",-0.50514033022947,-0.166042932068189,"Healthy","NielsenHB_2014",8.40854534044177,5.59487339174085
"MH0007",0.00931376278546045,-0.106434116912333,"Healthy","NielsenHB_2014",8.40854534044177,5.59487339174085
"MH0008",0.0681313852386629,-0.0312217838852572,"Healthy","NielsenHB_2014",8.40854534044177,5.59487339174085
"MH0009",-0.266400327224999,-0.0891957313772251,"Healthy","NielsenHB_2014",8.40854534044177,5.59487339174085
"MH0010",0.194325367909103,-0.0459595470791061,"Healthy","NielsenHB_2014",8.40854534044177,5.59487339174085
"MH0011",0.0984405812469063,-0.119181707419539,"Healthy","NielsenHB_2014",8.40854534044177,5.59487339174085
"MH0012",0.0206973261651755,-0.118516965635791,"Healthy","NielsenHB_2014",8.40854534044177,5.59487339174085
"MH0013",0.135215989481482,-0.0647784157690917,"Healthy","NielsenHB_2014",8.40854534044177,5.59487339174085
"MH0014",0.137970528822698,-0.0843707524327701,"Healthy","NielsenHB_2014",8.40854534044177,5.59487339174085
"MH0015",0.116432701266131,-0.0860379429043519,"Healthy","NielsenHB_2014",8.40854534044177,5.59487339174085
"MH0016",0.195616151385127,-0.125003078859476,"Healthy","NielsenHB_2014",8.40854534044177,5.59487339174085
"MH0017",0.123767745201992,-0.124464781343328,"Healthy","NielsenHB_2014",8.40854534044177,5.59487339174085
"MH0018",-0.454804647415747,-0.11238144082491,"Healthy","NielsenHB_2014",8.40854534044177,5.59487339174085
"MH0019",0.146020451330869,-0.11806800049423,"Healthy","NielsenHB_2014",8.40854534044177,5.59487339174085
"MH0020",0.104297349590433,-0.0417739650089156,"Healthy","NielsenHB_2014",8.40854534044177,5.59487339174085
"MH0021",0.0650121252650964,-0.0829219403035853,"Healthy","NielsenHB_2014",8.40854534044177,5.59487339174085
"MH0022",-0.0467197795174471,-0.0687259615501145,"Healthy","NielsenHB_2014",8.40854534044177,5.59487339174085
"MH0023",-0.379737510812342,-0.176991897684618,"Healthy","NielsenHB_2014",8.40854534044177,5.59487339174085
"MH0024",0.134349357103898,-0.0729184283682754,"Healthy","NielsenHB_2014",8.40854534044177,5.59487339174085
"MH0025",0.145487109954387,-0.144136585821912,"Healthy","NielsenHB_2014",8.40854534044177,5.59487339174085
"MH0026",-0.335095615062529,-0.162074810856243,"Healthy","NielsenHB_2014",8.40854534044177,5.59487339174085
"MH0027",0.169605480061971,-0.174300677702705,"Healthy","NielsenHB_2014",8.40854534044177,5.59487339174085
"MH0028",0.0952545357497381,-0.151739429262242,"Healthy","NielsenHB_2014",8.40854534044177,5.59487339174085
"MH0030",-0.28928001941938,-0.0426491222167827,"Healthy","NielsenHB_2014",8.40854534044177,5.59487339174085
"MH0031",-0.220799727648758,-0.0234161372927023,"Healthy","NielsenHB_2014",8.40854534044177,5.59487339174085
"MH0032",-0.483731047795022,-0.150722877530734,"Healthy","NielsenHB_2014",8.40854534044177,5.59487339174085
"MH0033",0.0628377766840244,-0.131442449518522,"Healthy","NielsenHB_2014",8.40854534044177,5.59487339174085
"MH0034",-0.543447716277515,-0.0907503288883966,"Healthy","NielsenHB_2014",8.40854534044177,5.59487339174085
"MH0035",0.124359677181932,-0.13471300984653,"Healthy","NielsenHB_2014",8.40854534044177,5.59487339174085
"MH0036",0.0121352644405904,-0.0492195015932378,"Healthy","NielsenHB_2014",8.40854534044177,5.59487339174085
"MH0037",0.11721923500937,0.0307269531198146,"Healthy","NielsenHB_2014",8.40854534044177,5.59487339174085
"MH0038",0.137907318696685,-0.0613552748808106,"Healthy","NielsenHB_2014",8.40854534044177,5.59487339174085
"MH0039",0.131180189397743,-0.0633941610626033,"Healthy","NielsenHB_2014",8.40854534044177,5.59487339174085
"MH0040",0.116888844616903,-0.139929867806029,"Healthy","NielsenHB_2014",8.40854534044177,5.59487339174085
"MH0041",0.146717705565471,-0.126766744011615,"Healthy","NielsenHB_2014",8.40854534044177,5.59487339174085
"MH0042",0.12335754730739,-0.0785612023112145,"Healthy","NielsenHB_2014",8.40854534044177,5.59487339174085
"MH0043",0.167552619850381,-0.119675624805702,"Healthy","NielsenHB_2014",8.40854534044177,5.59487339174085
"MH0044",0.0429752822705224,-0.105370760801657,"Healthy","NielsenHB_2014",8.40854534044177,5.59487339174085
"MH0045",0.137521023426235,-0.0735651085000455,"Healthy","NielsenHB_2014",8.40854534044177,5.59487339174085
"MH0046",-0.196145864682433,-0.131017766194502,"Healthy","NielsenHB_2014",8.40854534044177,5.59487339174085
"MH0047",0.0546710047411175,0.0265136986282804,"Healthy","NielsenHB_2014",8.40854534044177,5.59487339174085
"MH0048",0.167513452386799,-0.111860148175374,"Healthy","NielsenHB_2014",8.40854534044177,5.59487339174085
"MH0049",-0.153707213929489,-0.152354468475852,"Healthy","NielsenHB_2014",8.40854534044177,5.59487339174085
"MH0050",-0.239107276337454,-0.115075718267133,"Healthy","NielsenHB_2014",8.40854534044177,5.59487339174085
"MH0051",0.124531514942268,-0.0915747287195081,"Healthy","NielsenHB_2014",8.40854534044177,5.59487339174085
"MH0052",-0.017633145483687,-0.139547309754062,"Healthy","NielsenHB_2014",8.40854534044177,5.59487339174085
"MH0053",-0.321125190108583,-0.105682019014729,"Healthy","NielsenHB_2014",8.40854534044177,5.59487339174085
"MH0054",-0.0649324176275102,0.0446363053315136,"Healthy","NielsenHB_2014",8.40854534044177,5.59487339174085
"MH0055",0.0372899136952864,-0.134346166707891,"Healthy","NielsenHB_2014",8.40854534044177,5.59487339174085
"MH0056",0.0450924793949237,-0.0706642275902926,"Healthy","NielsenHB_2014",8.40854534044177,5.59487339174085
"MH0057",0.167603691408226,-0.168720195246421,"Healthy","NielsenHB_2014",8.40854534044177,5.59487339174085
"MH0058",0.0877022437601309,-0.065189046641863,"Healthy","NielsenHB_2014",8.40854534044177,5.59487339174085
"MH0059",0.029635553326324,-0.1280310141788,"Healthy","NielsenHB_2014",8.40854534044177,5.59487339174085
"MH0060",0.104393940082196,-0.139222745026398,"Healthy","NielsenHB_2014",8.40854534044177,5.59487339174085
"MH0061",0.0681359540826513,0.00453631552850595,"Healthy","NielsenHB_2014",8.40854534044177,5.59487339174085
"MH0062",0.0023885917290338,-0.0433548837422,"Healthy","NielsenHB_2014",8.40854534044177,5.59487339174085
"MH0063",-0.447391963127641,-0.142823144319233,"Healthy","NielsenHB_2014",8.40854534044177,5.59487339174085
"MH0064",-0.406065733446285,-0.207428001472905,"Healthy","NielsenHB_2014",8.40854534044177,5.59487339174085
"MH0065",-0.28456512735963,-0.170258105055578,"Healthy","NielsenHB_2014",8.40854534044177,5.59487339174085
"MH0066",0.122124891661955,-0.13208130259474,"Healthy","NielsenHB_2014",8.40854534044177,5.59487339174085
"MH0067",0.116226693996524,-0.139694403744227,"Healthy","NielsenHB_2014",8.40854534044177,5.59487339174085
"MH0068",0.0780975697456718,0.0577505701301094,"Healthy","NielsenHB_2014",8.40854534044177,5.59487339174085
"MH0069",0.0537628733188386,-0.127951913344433,"Healthy","NielsenHB_2014",8.40854534044177,5.59487339174085
"MH0070",-0.0499501449341055,-0.108020168028681,"Healthy","NielsenHB_2014",8.40854534044177,5.59487339174085
"MH0071",0.123185706250629,-0.104242324352444,"Healthy","NielsenHB_2014",8.40854534044177,5.59487339174085
"MH0072",0.204439337674728,0.0287242938095842,"Healthy","NielsenHB_2014",8.40854534044177,5.59487339174085
"MH0073",0.0558607551537521,-0.0982066286909164,"Healthy","NielsenHB_2014",8.40854534044177,5.59487339174085
"MH0074",0.039112969713553,0.114080701816313,"Healthy","NielsenHB_2014",8.40854534044177,5.59487339174085
"MH0075",-0.0631777358047855,-0.104148504878694,"Healthy","NielsenHB_2014",8.40854534044177,5.59487339174085
"MH0076",0.0723202908092777,-0.0241883962728089,"Healthy","NielsenHB_2014",8.40854534044177,5.59487339174085
"MH0077",-0.256501972809125,-0.195852776564974,"Healthy","NielsenHB_2014",8.40854534044177,5.59487339174085
"MH0078",-0.552883752793114,-0.116536933570867,"Healthy","NielsenHB_2014",8.40854534044177,5.59487339174085
"MH0079",0.00848899143697992,-0.0642630098342861,"Healthy","NielsenHB_2014",8.40854534044177,5.59487339174085
"MH0080",0.0158997910791539,-0.0335878739633471,"Healthy","NielsenHB_2014",8.40854534044177,5.59487339174085
"MH0081",0.169598914431314,-0.195846896649439,"Healthy","NielsenHB_2014",8.40854534044177,5.59487339174085
"MH0082",-0.0585737696078343,-0.0725452509569764,"Healthy","NielsenHB_2014",8.40854534044177,5.59487339174085
"MH0083",0.0893809910592739,-0.126919084834437,"Healthy","NielsenHB_2014",8.40854534044177,5.59487339174085
"MH0084",-0.464731085727433,-0.0882988982694134,"Healthy","NielsenHB_2014",8.40854534044177,5.59487339174085
"MH0085",-0.239487783014077,-0.172337205903535,"Healthy","NielsenHB_2014",8.40854534044177,5.59487339174085
"MH0086",0.0376513257060996,-0.0009299840050669,"Healthy","NielsenHB_2014",8.40854534044177,5.59487339174085
"MH0087",0.22706655627967,0.0856355910512202,"Healthy","NielsenHB_2014",8.40854534044177,5.59487339174085
"MH0088",0.132677902553564,0.0307598700488034,"Healthy","NielsenHB_2014",8.40854534044177,5.59487339174085
"MH0089",0.144296886985335,-0.0918364695023366,"Healthy","NielsenHB_2014",8.40854534044177,5.59487339174085
"MH0090",0.11358699696096,-0.226870804922369,"Healthy","NielsenHB_2014",8.40854534044177,5.59487339174085
"MH0091",-0.362906298898947,-0.213027500552436,"Healthy","NielsenHB_2014",8.40854534044177,5.59487339174085
"MH0092",0.1417907517841,-0.112640979869846,"Healthy","NielsenHB_2014",8.40854534044177,5.59487339174085
"MH0093",0.139663958311203,-0.00737876003989713,"Healthy","NielsenHB_2014",8.40854534044177,5.59487339174085
"MH0094",0.0473901386557261,-0.232726285831798,"Healthy","NielsenHB_2014",8.40854534044177,5.59487339174085
"MH0095",0.0171340490218578,-0.0585907223865616,"Healthy","NielsenHB_2014",8.40854534044177,5.59487339174085
"MH0096",-0.552808073127589,-0.108405966873449,"Healthy","NielsenHB_2014",8.40854534044177,5.59487339174085
"MH0097",0.108186273165655,-0.0349422178405226,"Healthy","NielsenHB_2014",8.40854534044177,5.59487339174085
"MH0098",-0.258175671515813,-0.170213186497926,"Healthy","NielsenHB_2014",8.40854534044177,5.59487339174085
"MH0099",0.0692011215558226,-0.174869046413807,"Healthy","NielsenHB_2014",8.40854534044177,5.59487339174085
"MH0100",0.0467589874854616,-0.10603949266444,"Healthy","NielsenHB_2014",8.40854534044177,5.59487339174085
"MH0101",-0.0226703832520412,0.078632821920901,"Healthy","NielsenHB_2014",8.40854534044177,5.59487339174085
"MH0102",0.0173472404598261,-0.177955692808807,"Healthy","NielsenHB_2014",8.40854534044177,5.59487339174085
"MH0103",-0.385558366091793,-0.196558846827824,"Healthy","NielsenHB_2014",8.40854534044177,5.59487339174085
"MH0104",-0.127794323954816,-0.0873108208656765,"Healthy","NielsenHB_2014",8.40854534044177,5.59487339174085
"MH0105",-0.390467573586951,-0.170410205873325,"Healthy","NielsenHB_2014",8.40854534044177,5.59487339174085
"MH0106",-0.355096018527991,-0.191012045568339,"Healthy","NielsenHB_2014",8.40854534044177,5.59487339174085
"MH0107",-0.047431842780543,-0.0862262611244411,"Healthy","NielsenHB_2014",8.40854534044177,5.59487339174085
"MH0109",0.218802173375532,-0.0520831195410328,"Healthy","NielsenHB_2014",8.40854534044177,5.59487339174085
"MH0110",0.194505315397351,-0.0407251795331547,"Healthy","NielsenHB_2014",8.40854534044177,5.59487339174085
"MH0111",0.0396784545181024,-0.119372366835822,"Healthy","NielsenHB_2014",8.40854534044177,5.59487339174085
"MH0113",0.0787498045632533,-0.124312630114783,"Healthy","NielsenHB_2014",8.40854534044177,5.59487339174085
"MH0114",0.168498881434562,0.0441922206548942,"Healthy","NielsenHB_2014",8.40854534044177,5.59487339174085
"MH0115",0.0878484862365176,-0.164102445966159,"Healthy","NielsenHB_2014",8.40854534044177,5.59487339174085
"MH0116",0.0737640490699087,-0.166088094266264,"Healthy","NielsenHB_2014",8.40854534044177,5.59487339174085
"MH0117",-0.00830572728965278,-0.102800794012652,"Healthy","NielsenHB_2014",8.40854534044177,5.59487339174085
"MH0118",-0.068220283068357,-0.0850157927966034,"Healthy","NielsenHB_2014",8.40854534044177,5.59487339174085
"MH0120",-0.462598979524446,-0.182846328818211,"Healthy","NielsenHB_2014",8.40854534044177,5.59487339174085
"MH0121",0.14789154643999,-0.00753557497480357,"Healthy","NielsenHB_2014",8.40854534044177,5.59487339174085
"MH0122",0.114013548127937,-0.088895790518349,"Healthy","NielsenHB_2014",8.40854534044177,5.59487339174085
"MH0123",0.129427406499416,-0.158610624304272,"Healthy","NielsenHB_2014",8.40854534044177,5.59487339174085
"MH0124",-0.00237099513163359,-0.140764083253532,"Healthy","NielsenHB_2014",8.40854534044177,5.59487339174085
"MH0125",0.0284788540866533,-0.182327430889284,"Healthy","NielsenHB_2014",8.40854534044177,5.59487339174085
"MH0126",-0.122752387738439,-0.0853058309801553,"Healthy","NielsenHB_2014",8.40854534044177,5.59487339174085
"MH0127",0.126624621917602,-0.0549713461416387,"Healthy","NielsenHB_2014",8.40854534044177,5.59487339174085
"MH0128",0.180086303668551,-0.0944363075687561,"Healthy","NielsenHB_2014",8.40854534044177,5.59487339174085
"MH0129",0.138776116537401,-0.129336786491957,"Healthy","NielsenHB_2014",8.40854534044177,5.59487339174085
"MH0130",-0.589734169555887,-0.0762578420036185,"Healthy","NielsenHB_2014",8.40854534044177,5.59487339174085
"MH0132",-0.176715394376578,-0.0253249183703858,"Healthy","NielsenHB_2014",8.40854534044177,5.59487339174085
"MH0133",0.19373789698057,-0.0516577553965421,"Healthy","NielsenHB_2014",8.40854534044177,5.59487339174085
"MH0134",0.152075427002884,-0.0540691551661193,"Healthy","NielsenHB_2014",8.40854534044177,5.59487339174085
"MH0135",0.108926971161958,-0.137650913354926,"Healthy","NielsenHB_2014",8.40854534044177,5.59487339174085
"MH0136",0.173558427113017,-0.141770606668813,"Healthy","NielsenHB_2014",8.40854534044177,5.59487339174085
"MH0137",-0.260035573287802,-0.207346622674817,"Healthy","NielsenHB_2014",8.40854534044177,5.59487339174085
"MH0138",-0.599117727215633,-0.0338338064414179,"Healthy","NielsenHB_2014",8.40854534044177,5.59487339174085
"MH0139",0.126665189710133,-0.0850498779472928,"Healthy","NielsenHB_2014",8.40854534044177,5.59487339174085
"MH0140",-0.00724575286106857,-0.102891431550309,"Healthy","NielsenHB_2014",8.40854534044177,5.59487339174085
"MH0141",-0.344300041115069,-0.152641800034024,"Healthy","NielsenHB_2014",8.40854534044177,5.59487339174085
"MH0142",0.110711043954142,-0.160809277383,"Healthy","NielsenHB_2014",8.40854534044177,5.59487339174085
"MH0143",-0.0812620047142237,-0.0486818700164313,"Healthy","NielsenHB_2014",8.40854534044177,5.59487339174085
"MH0144",-0.374113058216897,-0.184043650339747,"Healthy","NielsenHB_2014",8.40854534044177,5.59487339174085
"MH0145",0.0232163018206969,-0.17215947467261,"Healthy","NielsenHB_2014",8.40854534044177,5.59487339174085
"MH0146",0.219724385026306,-0.128974927125355,"Healthy","NielsenHB_2014",8.40854534044177,5.59487339174085
"MH0147",0.0152954945798862,-0.143501697888572,"Healthy","NielsenHB_2014",8.40854534044177,5.59487339174085
"MH0148",0.0469467026255697,-0.195000564462275,"Healthy","NielsenHB_2014",8.40854534044177,5.59487339174085
"MH0149",0.171500265434125,-0.0826324318558872,"Healthy","NielsenHB_2014",8.40854534044177,5.59487339174085
"MH0151",-0.395678812342512,-0.181398320616548,"Healthy","NielsenHB_2014",8.40854534044177,5.59487339174085
"MH0152",-0.218912338788073,-0.0687126111692753,"Healthy","NielsenHB_2014",8.40854534044177,5.59487339174085
"MH0153",0.095389387890135,-0.122974536191233,"Healthy","NielsenHB_2014",8.40854534044177,5.59487339174085
"MH0154",0.0145799564907545,-0.0239094589524678,"Healthy","NielsenHB_2014",8.40854534044177,5.59487339174085
"MH0155",0.152356310851077,-0.160905632927991,"Healthy","NielsenHB_2014",8.40854534044177,5.59487339174085
"MH0156",0.213896388909875,-0.00571200938095678,"Healthy","NielsenHB_2014",8.40854534044177,5.59487339174085
"MH0157",-0.122464843730449,-0.18284221705405,"Healthy","NielsenHB_2014",8.40854534044177,5.59487339174085
"MH0158",0.14479785820585,-0.14125406586949,"Healthy","NielsenHB_2014",8.40854534044177,5.59487339174085
"MH0159",0.161926379645533,-0.0648458122719727,"Healthy","NielsenHB_2014",8.40854534044177,5.59487339174085
"MH0160",0.0958594304211539,-0.0982970349189601,"Healthy","NielsenHB_2014",8.40854534044177,5.59487339174085
"MH0162",0.178033317233772,-0.182840663513041,"Healthy","NielsenHB_2014",8.40854534044177,5.59487339174085
"MH0163",-0.0584816719716195,0.0224339128683729,"Healthy","NielsenHB_2014",8.40854534044177,5.59487339174085
"MH0164",-0.582082651886105,-0.0477327166982299,"Healthy","NielsenHB_2014",8.40854534044177,5.59487339174085
"MH0165",-0.214841860678243,-0.220881796614042,"Healthy","NielsenHB_2014",8.40854534044177,5.59487339174085
"MH0166",0.166598274377526,-0.0290123115282337,"Healthy","NielsenHB_2014",8.40854534044177,5.59487339174085
"MH0167",0.104262778578473,-0.123850377032168,"Healthy","NielsenHB_2014",8.40854534044177,5.59487339174085
"MH0168",-0.314755721114586,-0.155655482454398,"Healthy","NielsenHB_2014",8.40854534044177,5.59487339174085
"MH0169",-0.141858096018859,-0.137352140940156,"Healthy","NielsenHB_2014",8.40854534044177,5.59487339174085
"MH0170",0.0906827799095262,-0.105717658711683,"Healthy","NielsenHB_2014",8.40854534044177,5.59487339174085
"MH0172",0.027632255850671,-0.137082397843651,"Healthy","NielsenHB_2014",8.40854534044177,5.59487339174085
"MH0173",-0.345463079657671,-0.172936344631262,"Healthy","NielsenHB_2014",8.40854534044177,5.59487339174085
"MH0174",0.0519839095258283,-0.124480409448083,"Healthy","NielsenHB_2014",8.40854534044177,5.59487339174085
"MH0175",-0.0481002729366327,-0.131140309172227,"Healthy","NielsenHB_2014",8.40854534044177,5.59487339174085
"MH0177",0.106800094606458,-0.0853443208717562,"Healthy","NielsenHB_2014",8.40854534044177,5.59487339174085
"MH0178",0.186239831487854,-0.0407971403938453,"Healthy","NielsenHB_2014",8.40854534044177,5.59487339174085
"MH0179",0.0603719832439103,0.0704002790444957,"Healthy","NielsenHB_2014",8.40854534044177,5.59487339174085
"MH0180",0.0767249414373104,-0.0495201569583678,"Healthy","NielsenHB_2014",8.40854534044177,5.59487339174085
"MH0181",0.0548159272286399,-0.207006051409048,"Healthy","NielsenHB_2014",8.40854534044177,5.59487339174085
"MH0182",0.243853401795014,-0.0335053710115287,"Healthy","NielsenHB_2014",8.40854534044177,5.59487339174085
"MH0183",-0.369571810992157,-0.18877042895756,"Healthy","NielsenHB_2014",8.40854534044177,5.59487339174085
"MH0184",0.182169546365369,-0.140605362029201,"Healthy","NielsenHB_2014",8.40854534044177,5.59487339174085
"MH0185",0.197866504825662,-0.125547281310455,"Healthy","NielsenHB_2014",8.40854534044177,5.59487339174085
"MH0186",0.0695047992049241,0.13305242255851,"Healthy","NielsenHB_2014",8.40854534044177,5.59487339174085
"O2_UC1_0",-0.403207954452379,-0.107489505004367,"IBD","NielsenHB_2014",8.40854534044177,5.59487339174085
"O2_UC1_2",-0.2096244559624,-0.00370239930946677,"IBD","NielsenHB_2014",8.40854534044177,5.59487339174085
"O2_UC11_0",-0.0863558543497796,0.153449953404243,"IBD","NielsenHB_2014",8.40854534044177,5.59487339174085
"O2_UC11_2",-0.071681876804018,0.202905162219363,"IBD","NielsenHB_2014",8.40854534044177,5.59487339174085
"O2_UC12_0",-0.0312763667652326,-0.0356878298720005,"IBD","NielsenHB_2014",8.40854534044177,5.59487339174085
"O2_UC12_2",-0.367590936907975,-0.105797540455839,"IBD","NielsenHB_2014",8.40854534044177,5.59487339174085
"O2_UC13_0",0.00972424378155383,-0.0800700305474604,"IBD","NielsenHB_2014",8.40854534044177,5.59487339174085
"O2_UC13_2",0.00405252389836916,-0.0576789693854039,"IBD","NielsenHB_2014",8.40854534044177,5.59487339174085
"O2_UC14_0",-0.412670160629754,-0.149057156548689,"IBD","NielsenHB_2014",8.40854534044177,5.59487339174085
"O2_UC14_2",0.0254010854265518,-0.0818052138741608,"IBD","NielsenHB_2014",8.40854534044177,5.59487339174085
"O2_UC16_0",-0.452201913988954,-0.0549852382087545,"IBD","NielsenHB_2014",8.40854534044177,5.59487339174085
"O2_UC16_2",-0.391522100873532,-0.0828686695509526,"IBD","NielsenHB_2014",8.40854534044177,5.59487339174085
"O2_UC17_0",-0.435208674415715,-0.119433321475366,"IBD","NielsenHB_2014",8.40854534044177,5.59487339174085
"O2_UC17_2",0.0133046961348303,0.0125160583243934,"IBD","NielsenHB_2014",8.40854534044177,5.59487339174085
"O2_UC18_0",0.119385502391792,-0.18320978838021,"IBD","NielsenHB_2014",8.40854534044177,5.59487339174085
"O2_UC18_2",0.00622389800512185,-0.0895747849464056,"IBD","NielsenHB_2014",8.40854534044177,5.59487339174085
"O2_UC19_0",-0.0276922279784242,0.383780769856541,"IBD","NielsenHB_2014",8.40854534044177,5.59487339174085
"O2_UC19_2",0.183788389226398,0.131501092329077,"IBD","NielsenHB_2014",8.40854534044177,5.59487339174085
"O2_UC2_0",-0.0881307880722018,0.0553259045780209,"IBD","NielsenHB_2014",8.40854534044177,5.59487339174085
"O2_UC2_2",0.0705968608479871,-0.0712801506890734,"IBD","NielsenHB_2014",8.40854534044177,5.59487339174085
"O2_UC20_0",0.151611989297291,-0.116285703003207,"IBD","NielsenHB_2014",8.40854534044177,5.59487339174085
"O2_UC20_2",0.0967465829585715,-0.0630458420486129,"IBD","NielsenHB_2014",8.40854534044177,5.59487339174085
"O2_UC21_0",0.0148479142510278,-0.0784358778872072,"IBD","NielsenHB_2014",8.40854534044177,5.59487339174085
"O2_UC21_2",0.0717824086486703,-0.13042541545128,"IBD","NielsenHB_2014",8.40854534044177,5.59487339174085
"O2_UC22_0",0.171458873218586,-0.17705660354918,"IBD","NielsenHB_2014",8.40854534044177,5.59487339174085
"O2_UC22_2",0.13679815049967,-0.14238341404231,"IBD","NielsenHB_2014",8.40854534044177,5.59487339174085
"O2_UC23_0",0.151287613124442,-0.0129094934019028,"IBD","NielsenHB_2014",8.40854534044177,5.59487339174085
"O2_UC23_2",-0.00163684610387838,-0.00510713873521728,"IBD","NielsenHB_2014",8.40854534044177,5.59487339174085
"O2_UC24_0",-0.548018409057911,-0.108392628679687,"IBD","NielsenHB_2014",8.40854534044177,5.59487339174085
"O2_UC24_2",-0.142706297145518,-0.0301554687072945,"IBD","NielsenHB_2014",8.40854534044177,5.59487339174085
"O2_UC26_0",0.16063011966722,0.227309359399293,"IBD","NielsenHB_2014",8.40854534044177,5.59487339174085
"O2_UC26_2",0.16811237914989,0.226762523623218,"IBD","NielsenHB_2014",8.40854534044177,5.59487339174085
"O2_UC27_0",0.0873594834373782,-0.0470018500849103,"IBD","NielsenHB_2014",8.40854534044177,5.59487339174085
"O2_UC27_2",0.124587379292711,-0.101799521048744,"IBD","NielsenHB_2014",8.40854534044177,5.59487339174085
"O2_UC29_0",0.0558822806546496,-0.108077660701594,"IBD","NielsenHB_2014",8.40854534044177,5.59487339174085
"O2_UC29_2",0.0285865669213727,-0.0585615023067062,"IBD","NielsenHB_2014",8.40854534044177,5.59487339174085
"O2_UC3_0",0.0452468384823489,-0.0705851209269789,"IBD","NielsenHB_2014",8.40854534044177,5.59487339174085
"O2_UC3_2",0.0989660470543415,-0.098571799820073,"IBD","NielsenHB_2014",8.40854534044177,5.59487339174085
"O2_UC30_0",-0.0720723159222556,0.100901471537809,"IBD","NielsenHB_2014",8.40854534044177,5.59487339174085
"O2_UC30_2",0.106771714615847,-0.0969227988570346,"IBD","NielsenHB_2014",8.40854534044177,5.59487339174085
"O2_UC31_0",0.0835757796023077,-0.141853772027078,"IBD","NielsenHB_2014",8.40854534044177,5.59487339174085
"O2_UC31_2",-0.0269532719651338,-0.0414006236260119,"IBD","NielsenHB_2014",8.40854534044177,5.59487339174085
"O2_UC32_0",0.0182997112358894,-0.03202016455212,"IBD","NielsenHB_2014",8.40854534044177,5.59487339174085
"O2_UC32_2",-0.0130387998784371,-0.00926285667212708,"IBD","NielsenHB_2014",8.40854534044177,5.59487339174085
"O2_UC34_0",-0.437153205783938,-0.128375783558759,"IBD","NielsenHB_2014",8.40854534044177,5.59487339174085
"O2_UC34_2",0.147319646924966,0.075605491542841,"IBD","NielsenHB_2014",8.40854534044177,5.59487339174085
"O2_UC35_0",0.0596880675488384,-0.140753568824342,"IBD","NielsenHB_2014",8.40854534044177,5.59487339174085
"O2_UC35_2",-0.0726809132722191,-0.0752120675756765,"IBD","NielsenHB_2014",8.40854534044177,5.59487339174085
"O2_UC36_2",0.197795841925392,-0.0823576954026628,"IBD","NielsenHB_2014",8.40854534044177,5.59487339174085
"O2_UC37_0",0.159112651268509,-0.0150735437658111,"IBD","NielsenHB_2014",8.40854534044177,5.59487339174085
"O2_UC37_2",0.0237986786151968,0.141613376073974,"IBD","NielsenHB_2014",8.40854534044177,5.59487339174085
"O2_UC38_0",-0.404894588280141,-0.151950988122756,"IBD","NielsenHB_2014",8.40854534044177,5.59487339174085
"O2_UC38_2",-0.398411649167576,-0.162106762269236,"IBD","NielsenHB_2014",8.40854534044177,5.59487339174085
"O2_UC4_0",0.0348154635389868,-0.0252914709028735,"IBD","NielsenHB_2014",8.40854534044177,5.59487339174085
"O2_UC4_2",0.0318673051814513,-0.0419011248581931,"IBD","NielsenHB_2014",8.40854534044177,5.59487339174085
"O2_UC40_0",0.00355495525442272,-0.0947649049400961,"IBD","NielsenHB_2014",8.40854534044177,5.59487339174085
"O2_UC40_2",0.0189791003142038,-0.161935791353985,"IBD","NielsenHB_2014",8.40854534044177,5.59487339174085
"O2_UC41_0",0.0418765039368676,-0.122793932495287,"IBD","NielsenHB_2014",8.40854534044177,5.59487339174085
"O2_UC41_2",0.117383300598752,-0.15053832154246,"IBD","NielsenHB_2014",8.40854534044177,5.59487339174085
"O2_UC43_0",-0.499230438143236,-0.0579798580480697,"IBD","NielsenHB_2014",8.40854534044177,5.59487339174085
"O2_UC43_2",-0.571783619656903,-0.0450860248587354,"IBD","NielsenHB_2014",8.40854534044177,5.59487339174085
"O2_UC44_0",-0.108619185756982,-0.193830261044314,"IBD","NielsenHB_2014",8.40854534044177,5.59487339174085
"O2_UC44_2",-0.203190851513991,-0.138629660619297,"IBD","NielsenHB_2014",8.40854534044177,5.59487339174085
"O2_UC46_0",0.0647354801819275,-0.0715937894753648,"IBD","NielsenHB_2014",8.40854534044177,5.59487339174085
"O2_UC46_2",0.0585454732578652,-0.0129897009556244,"IBD","NielsenHB_2014",8.40854534044177,5.59487339174085
"O2_UC47_0",0.0236629020538847,-0.074909379445852,"IBD","NielsenHB_2014",8.40854534044177,5.59487339174085
"O2_UC47_2",0.0481640589257256,0.042368842669045,"IBD","NielsenHB_2014",8.40854534044177,5.59487339174085
"O2_UC48_0",0.0492375572194861,-0.0286651261091912,"IBD","NielsenHB_2014",8.40854534044177,5.59487339174085
"O2_UC48_2",0.110396184872129,-0.0772768069799176,"IBD","NielsenHB_2014",8.40854534044177,5.59487339174085
"O2_UC49_0",0.0970096642663673,0.0322342294082882,"Healthy","NielsenHB_2014",8.40854534044177,5.59487339174085
"O2_UC49_2",0.187385984397949,-0.127632681557609,"Healthy","NielsenHB_2014",8.40854534044177,5.59487339174085
"O2_UC5_0",0.0605752189341267,-0.0584915006430275,"IBD","NielsenHB_2014",8.40854534044177,5.59487339174085
"O2_UC5_2",-0.0482104054133731,0.0352914995963211,"IBD","NielsenHB_2014",8.40854534044177,5.59487339174085
"O2_UC50_0",0.142295074195827,-0.164049114465779,"Healthy","NielsenHB_2014",8.40854534044177,5.59487339174085
"O2_UC50_2",0.111580981293589,-0.122203956976723,"Healthy","NielsenHB_2014",8.40854534044177,5.59487339174085
"O2_UC51_0",0.13374610849728,-0.141343462731395,"Healthy","NielsenHB_2014",8.40854534044177,5.59487339174085
"O2_UC51_2",0.125282887947472,-0.191281712500334,"Healthy","NielsenHB_2014",8.40854534044177,5.59487339174085
"O2_UC52_0",0.117218643471193,-0.134826370852423,"Healthy","NielsenHB_2014",8.40854534044177,5.59487339174085
"O2_UC52_2",0.12526292620987,-0.156521923041862,"Healthy","NielsenHB_2014",8.40854534044177,5.59487339174085
"O2_UC53_0",-0.00143386849006767,-0.0174544961873238,"Healthy","NielsenHB_2014",8.40854534044177,5.59487339174085
"O2_UC53_2",0.125918303589538,-0.0847677090160897,"Healthy","NielsenHB_2014",8.40854534044177,5.59487339174085
"O2_UC54_0",0.0903695799860088,-0.135019711520602,"Healthy","NielsenHB_2014",8.40854534044177,5.59487339174085
"O2_UC54_2",0.140470973538714,-0.0812320947862044,"Healthy","NielsenHB_2014",8.40854534044177,5.59487339174085
"O2_UC55_0",0.0563460953753339,-0.190316182938398,"Healthy","NielsenHB_2014",8.40854534044177,5.59487339174085
"O2_UC55_2",0.136344599237414,-0.157282793085614,"Healthy","NielsenHB_2014",8.40854534044177,5.59487339174085
"O2_UC56_0",0.152901685320427,-0.0977719616727908,"Healthy","NielsenHB_2014",8.40854534044177,5.59487339174085
"O2_UC56_2",0.113552020984956,-0.0646743271278505,"Healthy","NielsenHB_2014",8.40854534044177,5.59487339174085
"O2_UC57_0",0.0425140208902172,-0.132494980033417,"Healthy","NielsenHB_2014",8.40854534044177,5.59487339174085
"O2_UC57_2",-0.109987989260211,-0.0954978644236735,"Healthy","NielsenHB_2014",8.40854534044177,5.59487339174085
"O2_UC58_0",0.0286767839947498,-0.108622581789477,"Healthy","NielsenHB_2014",8.40854534044177,5.59487339174085
"O2_UC58_2",0.0156848268198165,-0.0658588932839206,"Healthy","NielsenHB_2014",8.40854534044177,5.59487339174085
"O2_UC59_0",0.122742378719088,-0.103438044181574,"Healthy","NielsenHB_2014",8.40854534044177,5.59487339174085
"O2_UC59_2",0.117099333140625,-0.0944112295485447,"Healthy","NielsenHB_2014",8.40854534044177,5.59487339174085
"O2_UC60_0",-0.100882000389878,-0.0135985117960874,"Healthy","NielsenHB_2014",8.40854534044177,5.59487339174085
"O2_UC60_2",-0.197158507910779,-0.0899671727943185,"Healthy","NielsenHB_2014",8.40854534044177,5.59487339174085
"O2_UC9_0",-0.030654855891895,-0.00513302575089127,"IBD","NielsenHB_2014",8.40854534044177,5.59487339174085
"O2_UC9_2",0.0338154323463644,-0.0734337423946378,"IBD","NielsenHB_2014",8.40854534044177,5.59487339174085
"V1_CD1_0",0.238817309401482,0.00283328857695463,"IBD","NielsenHB_2014",8.40854534044177,5.59487339174085
"V1_CD10_0",-0.101122286813579,0.371021157250306,"IBD","NielsenHB_2014",8.40854534044177,5.59487339174085
"V1_CD11_0",-0.0187921750332863,0.196420174128115,"Healthy","NielsenHB_2014",8.40854534044177,5.59487339174085
"V1_CD12_0",0.0185401123868626,0.242670513226741,"IBD","NielsenHB_2014",8.40854534044177,5.59487339174085
"V1_CD13_0",-0.0457295404899974,-0.0455165831038046,"Healthy","NielsenHB_2014",8.40854534044177,5.59487339174085
"V1_CD14_0",0.143684600245033,-0.175313176527556,"Healthy","NielsenHB_2014",8.40854534044177,5.59487339174085
"V1_CD15_0",0.285325961223932,0.0165952814373168,"IBD","NielsenHB_2014",8.40854534044177,5.59487339174085
"V1_CD15_3",0.171810165303023,0.0270705209087642,"IBD","NielsenHB_2014",8.40854534044177,5.59487339174085
"V1_CD16_0",0.00666852706619235,-0.0461117289809631,"Healthy","NielsenHB_2014",8.40854534044177,5.59487339174085
"V1_CD17_0",0.0891737396395831,0.170627652273969,"IBD","NielsenHB_2014",8.40854534044177,5.59487339174085
"V1_CD17_4",0.191025529011195,0.0642157756562194,"IBD","NielsenHB_2014",8.40854534044177,5.59487339174085
"V1_CD18_0",-0.245749183267995,0.125622931597265,"IBD","NielsenHB_2014",8.40854534044177,5.59487339174085
"V1_CD18_3",-0.349764524102518,0.0422664437644147,"IBD","NielsenHB_2014",8.40854534044177,5.59487339174085
"V1_CD19_0",-0.02887737635825,0.00540040275847583,"Healthy","NielsenHB_2014",8.40854534044177,5.59487339174085
"V1_CD2_0",-0.568456297638443,-0.0892384630109517,"Healthy","NielsenHB_2014",8.40854534044177,5.59487339174085
"V1_CD20_4",0.161052598572938,0.0949764474418764,"IBD","NielsenHB_2014",8.40854534044177,5.59487339174085
"V1_CD21_0",0.20803344734609,0.240566153146564,"IBD","NielsenHB_2014",8.40854534044177,5.59487339174085
"V1_CD21_4",0.246793626702817,0.169594274141464,"IBD","NielsenHB_2014",8.40854534044177,5.59487339174085
"V1_CD22_0",-0.086195272098028,-0.0738953353696804,"Healthy","NielsenHB_2014",8.40854534044177,5.59487339174085
"V1_CD24_0",0.0736553841978783,-0.0823131459609834,"Healthy","NielsenHB_2014",8.40854534044177,5.59487339174085
"V1_CD25_0",0.228267578234752,-0.0181808031987105,"IBD","NielsenHB_2014",8.40854534044177,5.59487339174085
"V1_CD25_4",0.25664713009811,-0.071619890343945,"IBD","NielsenHB_2014",8.40854534044177,5.59487339174085
"V1_CD27_0",-0.0506004001032186,0.146581446855676,"Healthy","NielsenHB_2014",8.40854534044177,5.59487339174085
"V1_CD28_0",-0.414188860758619,-0.11803781830807,"Healthy","NielsenHB_2014",8.40854534044177,5.59487339174085
"V1_CD29_0",0.0351378935401303,-0.077479936861755,"Healthy","NielsenHB_2014",8.40854534044177,5.59487339174085
"V1_CD3_0",0.0709012329677722,-0.11900669884426,"Healthy","NielsenHB_2014",8.40854534044177,5.59487339174085
"V1_CD30_0",-0.0439842246443978,-0.152038045104497,"Healthy","NielsenHB_2014",8.40854534044177,5.59487339174085
"V1_CD31_0",-0.0111636161763863,0.0703843227263535,"Healthy","NielsenHB_2014",8.40854534044177,5.59487339174085
"V1_CD34_0",-0.494288696767421,-0.134251029032136,"Healthy","NielsenHB_2014",8.40854534044177,5.59487339174085
"V1_CD35_0",0.207827199029195,0.241024734091234,"IBD","NielsenHB_2014",8.40854534044177,5.59487339174085
"V1_CD35_1",0.0439186199189021,0.296618974247791,"IBD","NielsenHB_2014",8.40854534044177,5.59487339174085
"V1_CD36_0",0.0193710144749401,0.110716775876146,"Healthy","NielsenHB_2014",8.40854534044177,5.59487339174085
"V1_CD38_0",0.143869751746102,-0.0985316710111351,"Healthy","NielsenHB_2014",8.40854534044177,5.59487339174085
"V1_CD4_0",0.10042386940307,-0.125969428158336,"Healthy","NielsenHB_2014",8.40854534044177,5.59487339174085
"V1_CD41_0",0.0311807392902575,0.149779461093534,"IBD","NielsenHB_2014",8.40854534044177,5.59487339174085
"V1_CD42_0",0.0767047152177166,0.0598226968159941,"Healthy","NielsenHB_2014",8.40854534044177,5.59487339174085
"V1_CD6_0",0.176792158262415,-0.106130942117423,"IBD","NielsenHB_2014",8.40854534044177,5.59487339174085
"V1_CD6_4",0.212768196605668,-0.0434414332292843,"IBD","NielsenHB_2014",8.40854534044177,5.59487339174085
"V1_CD7_0",0.109804650988568,0.274400268620831,"IBD","NielsenHB_2014",8.40854534044177,5.59487339174085
"V1_CD7_4",0.0243830934132283,0.322874056159098,"IBD","NielsenHB_2014",8.40854534044177,5.59487339174085
"V1_CD8_0",0.0352424744077121,-0.0714846175102829,"Healthy","NielsenHB_2014",8.40854534044177,5.59487339174085
"V1_CD9_0",0.164826838249327,-0.0596581408068906,"Healthy","NielsenHB_2014",8.40854534044177,5.59487339174085
"V1_UC1_0",0.00418830233761388,0.00850419767139022,"IBD","NielsenHB_2014",8.40854534044177,5.59487339174085
"V1_UC10_0",0.0636783860464212,-0.10730832206609,"IBD","NielsenHB_2014",8.40854534044177,5.59487339174085
"V1_UC10_2",0.0753335036623238,-0.0907351841305012,"IBD","NielsenHB_2014",8.40854534044177,5.59487339174085
"V1_UC11_0",0.154739159810465,0.138667659103491,"IBD","NielsenHB_2014",8.40854534044177,5.59487339174085
"V1_UC11_5",0.204732391109086,0.100240920102945,"IBD","NielsenHB_2014",8.40854534044177,5.59487339174085
"V1_UC12_0",-0.123958942657113,0.0957294877890445,"IBD","NielsenHB_2014",8.40854534044177,5.59487339174085
"V1_UC12_4",-0.350176751456935,-0.0541477440182426,"IBD","NielsenHB_2014",8.40854534044177,5.59487339174085
"V1_UC13_0",0.201064890801578,-0.0439088632122293,"IBD","NielsenHB_2014",8.40854534044177,5.59487339174085
"V1_UC13_3",0.105639709393097,-0.0477462193108776,"IBD","NielsenHB_2014",8.40854534044177,5.59487339174085
"V1_UC14_0",-0.0128395747949002,-0.0542678307251961,"IBD","NielsenHB_2014",8.40854534044177,5.59487339174085
"V1_UC14_1",0.0589183411529592,0.269692338964795,"IBD","NielsenHB_2014",8.40854534044177,5.59487339174085
"V1_UC15_0",-0.014938219904969,0.0658880606951397,"IBD","NielsenHB_2014",8.40854534044177,5.59487339174085
"V1_UC15_3",0.0476352968664309,-0.0608134351346488,"IBD","NielsenHB_2014",8.40854534044177,5.59487339174085
"V1_UC16_0",-0.0841075577190102,0.300922653083025,"Healthy","NielsenHB_2014",8.40854534044177,5.59487339174085
"V1_UC17_0",0.0838694873579238,-0.0909769928156261,"IBD","NielsenHB_2014",8.40854534044177,5.59487339174085
"V1_UC17_2",0.132042466462076,-0.0580556801717391,"IBD","NielsenHB_2014",8.40854534044177,5.59487339174085
"V1_UC18_0",0.108277759913887,-0.0299127785304891,"Healthy","NielsenHB_2014",8.40854534044177,5.59487339174085
"V1_UC19_0",0.0879273584480881,-0.0875139860801303,"Healthy","NielsenHB_2014",8.40854534044177,5.59487339174085
"V1_UC2_0",0.0733024650925911,-0.0664765471198832,"IBD","NielsenHB_2014",8.40854534044177,5.59487339174085
"V1_UC2_4",0.0699533204192145,0.00474059124873111,"IBD","NielsenHB_2014",8.40854534044177,5.59487339174085
"V1_UC21_0",-0.0625469155710328,-0.0646697048654479,"IBD","NielsenHB_2014",8.40854534044177,5.59487339174085
"V1_UC21_4",-0.0384753366184112,-0.143034667783963,"IBD","NielsenHB_2014",8.40854534044177,5.59487339174085
"V1_UC23_0",0.0308652973201712,-0.0240917437900937,"IBD","NielsenHB_2014",8.40854534044177,5.59487339174085
"V1_UC23_1",0.0283262789894967,-0.0046246927880319,"IBD","NielsenHB_2014",8.40854534044177,5.59487339174085
"V1_UC24_0",0.107738137449962,-0.155511687418076,"Healthy","NielsenHB_2014",8.40854534044177,5.59487339174085
"V1_UC25_0",-0.382942697171031,-0.00986212533489741,"IBD","NielsenHB_2014",8.40854534044177,5.59487339174085
"V1_UC25_1",0.243126621043185,-0.0485131806192572,"IBD","NielsenHB_2014",8.40854534044177,5.59487339174085
"V1_UC26_0",-0.0580382291382341,0.031285079263202,"IBD","NielsenHB_2014",8.40854534044177,5.59487339174085
"V1_UC26_4",-0.112846708180129,-0.0316098993294352,"IBD","NielsenHB_2014",8.40854534044177,5.59487339174085
"V1_UC27_0",0.0658998456504949,-0.0780724094360821,"Healthy","NielsenHB_2014",8.40854534044177,5.59487339174085
"V1_UC28_0",-0.271929643478981,-0.189255229387121,"Healthy","NielsenHB_2014",8.40854534044177,5.59487339174085
"V1_UC29_0",0.226690757135174,-0.109440550977358,"Healthy","NielsenHB_2014",8.40854534044177,5.59487339174085
"V1_UC3_0",-0.468499768074077,0.017150875387222,"IBD","NielsenHB_2014",8.40854534044177,5.59487339174085
"V1_UC3_2",-0.552668019392368,-0.04391916325741,"IBD","NielsenHB_2014",8.40854534044177,5.59487339174085
"V1_UC30_0",-0.0815418380128976,0.152928415974617,"Healthy","NielsenHB_2014",8.40854534044177,5.59487339174085
"V1_UC31_0",0.027530195042074,0.0712984149028517,"IBD","NielsenHB_2014",8.40854534044177,5.59487339174085
"V1_UC31_4",0.138143090499924,-0.0061010152098238,"IBD","NielsenHB_2014",8.40854534044177,5.59487339174085
"V1_UC32_0",0.0460978628915298,-0.0524116714548398,"Healthy","NielsenHB_2014",8.40854534044177,5.59487339174085
"V1_UC33_0",-0.03692883815751,0.0159446482899958,"Healthy","NielsenHB_2014",8.40854534044177,5.59487339174085
"V1_UC34_0",0.0750871627977555,-0.0414457060424854,"Healthy","NielsenHB_2014",8.40854534044177,5.59487339174085
"V1_UC35_0",0.149109149093003,-0.0487297364141983,"IBD","NielsenHB_2014",8.40854534044177,5.59487339174085
"V1_UC35_4",0.184303338352686,-0.0970630171178717,"IBD","NielsenHB_2014",8.40854534044177,5.59487339174085
"V1_UC36_0",-0.0574125915480354,-0.0268907960680614,"Healthy","NielsenHB_2014",8.40854534044177,5.59487339174085
"V1_UC37_0",-0.0488825262728125,-0.0805077453303488,"Healthy","NielsenHB_2014",8.40854534044177,5.59487339174085
"V1_UC38_0",-0.187268305947171,-0.0312364269480391,"IBD","NielsenHB_2014",8.40854534044177,5.59487339174085
"V1_UC39_0",-0.225914264671222,0.0143501247142006,"IBD","NielsenHB_2014",8.40854534044177,5.59487339174085
"V1_UC4_0",-0.281722938528516,-0.162438178267145,"IBD","NielsenHB_2014",8.40854534044177,5.59487339174085
"V1_UC4_5",0.0225675437121913,-0.0964029210958971,"IBD","NielsenHB_2014",8.40854534044177,5.59487339174085
"V1_UC40_0",0.085890082881892,0.00700903246131437,"IBD","NielsenHB_2014",8.40854534044177,5.59487339174085
"V1_UC41_0",-0.09042467095168,-0.181487762615139,"Healthy","NielsenHB_2014",8.40854534044177,5.59487339174085
"V1_UC42_0",0.103631173464028,-0.0491239598233087,"Healthy","NielsenHB_2014",8.40854534044177,5.59487339174085
"V1_UC43_0",-0.0395017827275286,-0.142532688175283,"Healthy","NielsenHB_2014",8.40854534044177,5.59487339174085
"V1_UC44_0",-0.200015818902394,-0.18627854079664,"Healthy","NielsenHB_2014",8.40854534044177,5.59487339174085
"V1_UC45_0",0.0130664464943482,0.00440289366372247,"IBD","NielsenHB_2014",8.40854534044177,5.59487339174085
"V1_UC46_0",0.151456368078502,-0.0685951292072217,"Healthy","NielsenHB_2014",8.40854534044177,5.59487339174085
"V1_UC47_0",0.00660225298947783,-0.093131161834006,"IBD","NielsenHB_2014",8.40854534044177,5.59487339174085
"V1_UC48_0",0.0526807693414811,-0.13245634625568,"Healthy","NielsenHB_2014",8.40854534044177,5.59487339174085
"V1_UC49_0",0.0529045629984327,-0.126602432503545,"IBD","NielsenHB_2014",8.40854534044177,5.59487339174085
"V1_UC49_1",0.103729534045391,-0.105118044593735,"IBD","NielsenHB_2014",8.40854534044177,5.59487339174085
"V1_UC5_0",0.204702302879325,-0.0893011818975931,"IBD","NielsenHB_2014",8.40854534044177,5.59487339174085
"V1_UC5_3",0.0322018333721814,0.0265844843917142,"IBD","NielsenHB_2014",8.40854534044177,5.59487339174085
"V1_UC50_1",0.0664313437432471,-0.0452729608453349,"IBD","NielsenHB_2014",8.40854534044177,5.59487339174085
"V1_UC51_0",0.135934831776928,-0.0678090751315417,"IBD","NielsenHB_2014",8.40854534044177,5.59487339174085
"V1_UC51_4",0.0837352421730613,-0.184768900381701,"IBD","NielsenHB_2014",8.40854534044177,5.59487339174085
"V1_UC52_0",0.0353105713229148,-0.123092954897174,"IBD","NielsenHB_2014",8.40854534044177,5.59487339174085
"V1_UC52_1",0.105512117875123,-0.150464579337474,"IBD","NielsenHB_2014",8.40854534044177,5.59487339174085
"V1_UC53_0",-0.469618832385736,-0.0453709918003041,"IBD","NielsenHB_2014",8.40854534044177,5.59487339174085
"V1_UC53_4",-0.576257964180935,-0.069208510179953,"IBD","NielsenHB_2014",8.40854534044177,5.59487339174085
"V1_UC54_0",0.0344292753145673,-0.0328649561103563,"IBD","NielsenHB_2014",8.40854534044177,5.59487339174085
"V1_UC55_0",-0.0527485625244147,0.0964606748870152,"IBD","NielsenHB_2014",8.40854534044177,5.59487339174085
"V1_UC55_4",0.0797723772008399,-0.0495920164565131,"IBD","NielsenHB_2014",8.40854534044177,5.59487339174085
"V1_UC56_0",-0.552123218730279,-0.0424104769608957,"IBD","NielsenHB_2014",8.40854534044177,5.59487339174085
"V1_UC57_0",-0.336882984285433,-0.176560217799373,"Healthy","NielsenHB_2014",8.40854534044177,5.59487339174085
"V1_UC58_0",0.051189664454819,-0.115872688361381,"IBD","NielsenHB_2014",8.40854534044177,5.59487339174085
"V1_UC6_0",0.0834362500680443,-0.155202484498094,"Healthy","NielsenHB_2014",8.40854534044177,5.59487339174085
"V1_UC61_0",0.24332712264319,-0.0337671967822766,"Healthy","NielsenHB_2014",8.40854534044177,5.59487339174085
"V1_UC62_0",0.195163978627596,-0.123647733369724,"Healthy","NielsenHB_2014",8.40854534044177,5.59487339174085
"V1_UC7_0",-0.445101350458955,-0.117662826691399,"Healthy","NielsenHB_2014",8.40854534044177,5.59487339174085
"V1_UC8_0",0.0279088932019837,-0.0317248165825074,"Healthy","NielsenHB_2014",8.40854534044177,5.59487339174085
"V1_UC9_0",-0.0760972758197447,0.0324757621461856,"Healthy","NielsenHB_2014",8.40854534044177,5.59487339174085
"S117_a_WGS",-0.117362757506616,0.323635232889106,"Healthy","cohort_A",8.40854534044177,5.59487339174085
"S130_a_WGS",-0.131662018493701,0.207459521278114,"Healthy","cohort_A",8.40854534044177,5.59487339174085
"S142_a_WGS",-0.126538868888004,0.221475460428835,"Healthy","cohort_A",8.40854534044177,5.59487339174085
"S148_a_WGS",-0.00507638989420039,0.221756595552701,"IBD","cohort_A",8.40854534044177,5.59487339174085
"S150_a_WGS",-0.0937794906389327,0.38814090466007,"IBD","cohort_A",8.40854534044177,5.59487339174085
"S154_a_WGS",-0.0746826525476704,0.0632983067980189,"Healthy","cohort_A",8.40854534044177,5.59487339174085
"S158_a_WGS",-0.10941047505866,0.224419084238936,"Healthy","cohort_A",8.40854534044177,5.59487339174085
"S159_a_WGS",-0.105862320970998,0.181611510213828,"Healthy","cohort_A",8.40854534044177,5.59487339174085
"S15_a_WGS",-0.0963400849208641,0.45884042514256,"IBD","cohort_A",8.40854534044177,5.59487339174085
"S161_a_WGS",-0.113016536133408,0.308032778237021,"Healthy","cohort_A",8.40854534044177,5.59487339174085
"S163_a_WGS",-0.0910566391634593,0.195258661163693,"Healthy","cohort_A",8.40854534044177,5.59487339174085
"S167_a_WGS",-0.0837114280094142,0.190834320402142,"Healthy","cohort_A",8.40854534044177,5.59487339174085
"S26_a_WGS",-0.135754284638343,0.320024565181868,"Healthy","cohort_A",8.40854534044177,5.59487339174085
"S2_a_WGS",-0.0871652941845558,0.404082604847972,"IBD","cohort_A",8.40854534044177,5.59487339174085
"S31_a_WGS",-0.0997925672348945,0.495804659734302,"IBD","cohort_A",8.40854534044177,5.59487339174085
"S35_a_WGS",-0.0923790565158098,0.505165852959829,"IBD","cohort_A",8.40854534044177,5.59487339174085
"S54_a_WGS",-0.108031194136755,0.348123013600967,"IBD","cohort_A",8.40854534044177,5.59487339174085
"S58_a_WGS",-0.0852031665374565,0.50139225573556,"IBD","cohort_A",8.40854534044177,5.59487339174085
"S64_a_WGS",-0.10071006859622,0.428511430128737,"IBD","cohort_A",8.40854534044177,5.59487339174085
"S68_a_WGS",-0.0376530597626636,0.330724760143649,"IBD","cohort_A",8.40854534044177,5.59487339174085
"S72_a_WGS",-0.117190335853148,0.234867411534524,"Healthy","cohort_A",8.40854534044177,5.59487339174085
"S81_a_WGS",-0.0963006051738186,0.397903212199345,"IBD","cohort_A",8.40854534044177,5.59487339174085
"S82_a_WGS",-0.109576716459415,0.395727572314282,"IBD","cohort_A",8.40854534044177,5.59487339174085
"S84_a_WGS",-0.0862406125824881,0.258452994929498,"Healthy","cohort_A",8.40854534044177,5.59487339174085
"NLF009-IE",0.224991051754078,-0.157111852952593,"Healthy","cohort_B",8.40854534044177,5.59487339174085
"MH0336",-0.0626933596999503,0.0231223670849459,"Healthy","cohort_B",8.40854534044177,5.59487339174085
"NOF007-IE",0.225354161041134,0.00640729623156954,"Healthy","cohort_B",8.40854534044177,5.59487339174085
"NLM009-IE",-0.549898763578824,-0.0650293536413034,"Healthy","cohort_B",8.40854534044177,5.59487339174085
"MH0290",0.0452544080153116,-0.0714989606010342,"Healthy","cohort_B",8.40854534044177,5.59487339174085
"NLF002-IE",0.0934593386396215,0.0302327297173151,"Healthy","cohort_B",8.40854534044177,5.59487339174085
"MH0340",0.189406079973942,-0.188943680520553,"Healthy","cohort_B",8.40854534044177,5.59487339174085
"NLM025-IE",-0.445218948104759,-0.130600365437538,"Healthy","cohort_B",8.40854534044177,5.59487339174085
"NOF002-IE",0.139034783589903,0.105927915666046,"Healthy","cohort_B",8.40854534044177,5.59487339174085
"NOF013-IE",0.207562696068656,-0.0385115960347542,"Healthy","cohort_B",8.40854534044177,5.59487339174085
"V1.CD4-0-PN",0.196387800340862,-0.156885605928665,"IBD","cohort_B",8.40854534044177,5.59487339174085
"V1.CD44-0",-0.543258092225612,-0.0364427858332235,"IBD","cohort_B",8.40854534044177,5.59487339174085
"O2.UC43-1",-0.550229921357395,-0.0589270256303866,"IBD","cohort_B",8.40854534044177,5.59487339174085
"V1.FI21",0.1453650054635,0.172429040228885,"IBD","cohort_B",8.40854534044177,5.59487339174085
"O2.UC21-1",0.122605313044733,-0.172963699203171,"IBD","cohort_B",8.40854534044177,5.59487339174085
"O2.UC46-1",-0.0244054430986049,0.0726748040781595,"IBD","cohort_B",8.40854534044177,5.59487339174085
"V1.FI31",-0.498261093266845,-0.146917932709309,"IBD","cohort_B",8.40854534044177,5.59487339174085
"V1.CD6-0-PN",-0.0416195822815697,0.0562540196877409,"IBD","cohort_B",8.40854534044177,5.59487339174085
"V1.UC64-0",0.0589316908842112,-0.135771291598361,"IBD","cohort_B",8.40854534044177,5.59487339174085
"V1.UC56-1",-0.401369398714707,-0.0243941083555871,"IBD","cohort_B",8.40854534044177,5.59487339174085
"O2.UC40-1",-0.00704588175938352,-0.0861517546733891,"IBD","cohort_B",8.40854534044177,5.59487339174085
"O2.UC27-1",0.112833079036118,-0.0777558564847616,"IBD","cohort_B",8.40854534044177,5.59487339174085
"V1.FI29",0.0258014032808261,0.0738386422146812,"IBD","cohort_B",8.40854534044177,5.59487339174085
"V1.FI30",0.075512126771811,-0.0133446706472227,"IBD","cohort_B",8.40854534044177,5.59487339174085
