"pathway","pval","padj","log2err","ES","NES","size"
"Family:Streptococcaceae",7.90263820809785e-06,0.00134344849537664,0.593325476396405,0.755434782608696,2.34165867926887,15
"Genus:Streptococcus",2.14277890303537e-05,0.00182136206758007,0.575610261071129,0.751351351351351,2.27481424795696,14
"Class:Bacteroidia",6.23615390371118e-05,0.0021202923272618,0.538434096309916,-0.616944931572842,-2.27672856340899,29
"Order:Bacteroidales",6.23615390371118e-05,0.0021202923272618,0.538434096309916,-0.616944931572842,-2.27672856340899,29
"Phylum:Bacteroidetes",6.23615390371118e-05,0.0021202923272618,0.538434096309916,-0.616944931572842,-2.27672856340899,29
"Phylum:Actinobacteria",0.000131481976751781,0.0037253226746338,0.518848077743792,0.598002920005429,2.26025686033056,29
"Class:Bacilli",0.000177538996100607,0.0037727036671379,0.518848077743792,0.642425943272019,2.16276912419967,19
"Order:Lactobacillales",0.000160844433361052,0.0037727036671379,0.518848077743792,0.662445747443397,2.19500840941788,18
"Class:Actinobacteria",0.00133402078542064,0.0251981703912787,0.45505986738723,0.592142795827981,1.99348760638666,19
"Genus:Lachnoclostridium",0.0025273884035985,0.0429656028611745,0.431707695803346,0.774780623146176,1.85885751514781,7
"Family:Actinomycetaceae",0.00725687620003398,0.0822445969337184,0.407017918923954,0.692706362794836,1.74086605307959,8
"Family:Eggerthellaceae",0.00684588708606003,0.0822445969337184,0.407017918923954,0.792248042917221,1.79008566164712,6
"Genus:Actinomyces",0.00725687620003398,0.0822445969337184,0.407017918923954,0.692706362794836,1.74086605307959,8
"Order:Actinomycetales",0.00725687620003398,0.0822445969337184,0.407017918923954,0.692706362794836,1.74086605307959,8
"Order:Eggerthellales",0.00684588708606003,0.0822445969337184,0.407017918923954,0.792248042917221,1.79008566164712,6
"Class:Clostridia",0.011004215146671,0.11004215146671,0.380730400722792,-0.356757986065577,-1.57070188143363,82
"Order:Clostridiales",0.011004215146671,0.11004215146671,0.380730400722792,-0.356757986065577,-1.57070188143363,82
"Class:Coriobacteriia",0.0197840405840305,0.125692396333636,0.352487857583619,0.63434716161311,1.7123791895977,10
"Class:Firmicutes_unclassified",0.0185477324409623,0.125692396333636,0.352487857583619,-0.693848412012702,-1.71898335888435,7
"Family:Bacteroidaceae",0.019547547166068,0.125692396333636,0.352487857583619,-0.569213904553025,-1.73405087474485,14
"Family:Firmicutes_unclassified",0.0185477324409623,0.125692396333636,0.352487857583619,-0.693848412012702,-1.71898335888435,7
"Family:Odoribacteraceae",0.0214416440804438,0.125692396333636,0.352487857583619,-0.928934010152284,-1.48220349989095,2
"Family:Rikenellaceae",0.0210985178764508,0.125692396333636,0.352487857583619,-0.728126800888399,-1.72227978216478,6
"Genus:Alistipes",0.0210985178764508,0.125692396333636,0.352487857583619,-0.728126800888399,-1.72227978216478,6
"Genus:Bacteroides",0.019547547166068,0.125692396333636,0.352487857583619,-0.569213904553025,-1.73405087474485,14
"Genus:Blautia",0.0149899870786332,0.125692396333636,0.380730400722792,0.70537741996114,1.69234500572036,7
"Genus:Firmicutes_unclassified",0.0185477324409623,0.125692396333636,0.352487857583619,-0.693848412012702,-1.71898335888435,7
"Genus:Gemmiger",0.015740102712362,0.125692396333636,0.352487857583619,-1,-1.34985269210515,1
"Order:Firmicutes_unclassified",0.0185477324409623,0.125692396333636,0.352487857583619,-0.693848412012702,-1.71898335888435,7
"Family:Eubacteriaceae",0.0269110599937636,0.142587420250528,0.352487857583619,-0.577240902343433,-1.64550167014389,11
"Genus:Eubacterium",0.0269110599937636,0.142587420250528,0.352487857583619,-0.577240902343433,-1.64550167014389,11
"Genus:Gordonibacter",0.0276787345192202,0.142587420250528,0.352487857583619,0.994949494949495,1.34565287968314,1
"Genus:Roseburia",0.0268250735019735,0.142587420250528,0.352487857583619,-0.671938248452536,-1.66470175227072,7
"Genus:Ruminococcus",0.0390008247494457,0.195004123747229,0.321775918075361,-0.747830728042223,-1.65506760286573,5
"Genus:Eggerthella",0.047438330170778,0.226594156536575,0.287857117255149,0.97979797979798,1.3251607038504,1
"Genus:Erysipelatoclostridium",0.0479846449136276,0.226594156536575,0.287857117255149,0.831632653061224,1.48657624656236,3
"Genus:Odoribacter",0.0504286203785152,0.231699066603989,0.321775918075361,-0.984848484848485,-1.32940037858841,1
"Genus:Coprococcus",0.0633199279537802,0.28327336189849,0.287805130535564,-0.816326530612245,-1.49681978613395,3
"Family:Oscillospiraceae",0.0754310344827586,0.320581896551724,0.241339976815091,-0.878172588832487,-1.40120877312095,2
"Genus:Oscillibacter",0.0754310344827586,0.320581896551724,0.241339976815091,-0.878172588832487,-1.40120877312095,2
"Family:Ruminococcaceae",0.0781893004115226,0.324199538291679,0.231126709673834,-0.487311087450174,-1.48454247288529,14
"Genus:Fusicatenibacter",0.0895833333333333,0.362599206349206,0.216542836735348,-0.954545454545455,-1.28849575155492,1
"Family:Clostridiales_Family_XIII_Incertae_Sedis",0.0961182994454713,0.380002579203026,0.195789002148949,0.842639593908629,1.32751363150076,2
"Genus:Enterorhabdus",0.0986717267552182,0.381231671554252,0.195789002148949,0.94949494949495,1.28417635218492,1
"Genus:Lachnospira",0.10625,0.401388888888889,0.197822021315103,-0.944444444444444,-1.27486087587709,1
"Genus:Bifidobacterium",0.111969111969112,0.413798892059762,0.184706471207739,0.56278641392857,1.41435941080394,8
"Genus:Eisenbergiella",0.120147874306839,0.434577417705589,0.173747838999571,0.82527613525199,1.30015884278289,2
"Family:Barnesiellaceae",0.145833333333333,0.476893547910822,0.166933848713193,-0.914141414141414,-1.2339562488436,1
"Family:Peptostreptococcaceae",0.145873320537428,0.476893547910822,0.159646701919906,0.739795918367347,1.32241445246345,3
"Genus:Barnesiella",0.145833333333333,0.476893547910822,0.166933848713193,-0.914141414141414,-1.2339562488436,1
"Genus:Butyricimonas",0.135416666666667,0.476893547910822,0.173747838999571,-0.924242424242424,-1.24759112452143,1
"Genus:Flavonifractor",0.144212523719165,0.476893547910822,0.159646701919906,0.919191919191919,1.24319200051945,1
"Family:Bifidobacteriaceae",0.156488549618321,0.492649137687306,0.153158808683073,0.508248015388164,1.32841032222615,9
"Order:Bifidobacteriales",0.156488549618321,0.492649137687306,0.153158808683073,0.508248015388164,1.32841032222615,9
"Genus:Clostridium",0.163934426229508,0.506706408345753,0.155241966228839,-0.526886606769293,-1.30534176251581,7
"Class:Erysipelotrichia",0.186274509803922,0.520372763757567,0.141225119642531,0.454173236162825,1.26864625681868,11
"Class:Negativicutes",0.183206106870229,0.520372763757567,0.140406238523342,0.494736842105263,1.29309610257163,9
"Family:Erysipelotrichaceae",0.186274509803922,0.520372763757567,0.141225119642531,0.454173236162825,1.26864625681868,11
"Family:Tannerellaceae",0.186721991701245,0.520372763757567,0.14551614609036,-0.698979591836735,-1.28165194187719,3
"Genus:Parabacteroides",0.186721991701245,0.520372763757567,0.14551614609036,-0.698979591836735,-1.28165194187719,3
"Order:Erysipelotrichales",0.186274509803922,0.520372763757567,0.141225119642531,0.454173236162825,1.26864625681868,11
"Genus:Romboutsia",0.229601518026565,0.629552549427679,0.123257226381337,0.883838383838384,1.19537692357639,1
"Family:Lachnospiraceae",0.245436105476673,0.652613146551724,0.123257226381337,0.287299257684032,1.14047781261018,37
"Genus:Ruminococcaceae_unclassified",0.245689655172414,0.652613146551724,0.127505315300183,-0.762165197220361,-1.21610782947855,2
"Family:Veillonellaceae",0.254545454545455,0.65564738292011,0.120433371642259,0.533678756476684,1.20584796445422,6
"Order:Veillonellales",0.254545454545455,0.65564738292011,0.120433371642259,0.533678756476684,1.20584796445422,6
"Genus:Clostridiales_Family_XIII_Incertae_Sedis_unclassified",0.263757115749526,0.669234472797304,0.11378726182188,0.868686868686869,1.17488474774365,1
"Class:Verrucomicrobiae",0.291666666666667,0.675675675675676,0.11331290842208,-0.848484848484849,-1.1453295569377,1
"Family:Akkermansiaceae",0.291666666666667,0.675675675675676,0.11331290842208,-0.848484848484849,-1.1453295569377,1
"Genus:Akkermansia",0.291666666666667,0.675675675675676,0.11331290842208,-0.848484848484849,-1.1453295569377,1
"Genus:Hungatella",0.294117647058824,0.675675675675676,0.106729884364606,0.848484848484849,1.14756184663334,1
"Genus:Lactococcus",0.273244781783681,0.675675675675676,0.11146266692298,0.863636363636364,1.16805402246607,1
"Order:Verrucomicrobiales",0.291666666666667,0.675675675675676,0.11331290842208,-0.848484848484849,-1.1453295569377,1
"Phylum:Verrucomicrobia",0.291666666666667,0.675675675675676,0.11331290842208,-0.848484848484849,-1.1453295569377,1
"Class:Methanobacteria",0.31875,0.67734375,0.107554375265169,-0.838383838383838,-1.13169468125987,1
"Family:Methanobacteriaceae",0.31875,0.67734375,0.107554375265169,-0.838383838383838,-1.13169468125987,1
"Genus:Methanobrevibacter",0.31875,0.67734375,0.107554375265169,-0.838383838383838,-1.13169468125987,1
"Genus:Mogibacterium",0.316888045540797,0.67734375,0.102080107662747,0.838383838383838,1.13390039607818,1
"Order:Methanobacteriales",0.31875,0.67734375,0.107554375265169,-0.838383838383838,-1.13169468125987,1
"Phylum:Euryarchaeota",0.31875,0.67734375,0.107554375265169,-0.838383838383838,-1.13169468125987,1
"Genus:Peptostreptococcus",0.333965844402277,0.700236034618411,0.0988903007520636,0.833333333333333,1.1270696708006,1
"Genus:Sellimonas",0.337760910815939,0.700236034618411,0.0982123351217438,0.828282828282828,1.12023894552302,1
"Genus:Butyrivibrio",0.349137931034483,0.71510178645617,0.103958471559957,-0.70858296690509,-1.13061223082753,2
"Genus:Faecalibacterium",0.358333333333333,0.719101123595506,0.10027910675413,-0.823232323232323,-1.11124236774313,1
"Phylum:Firmicutes",0.359550561797753,0.719101123595506,0.0937465422491719,-0.241109335628828,-1.06591890090427,128
"Class:Deltaproteobacteria",0.420833333333333,0.7495764017252,0.0908241419007155,-0.787878787878788,-1.06352030287073,1
"Family:Acidaminococcaceae",0.423290203327172,0.7495764017252,0.0838361057159929,0.680203045685279,1.07160738928375,2
"Family:Desulfovibrionaceae",0.420833333333333,0.7495764017252,0.0908241419007155,-0.787878787878788,-1.06352030287073,1
"Family:Micrococcaceae",0.419354838709677,0.7495764017252,0.0857844408075645,0.792929292929293,1.07242386857996,1
"Genus:Desulfovibrio",0.420833333333333,0.7495764017252,0.0908241419007155,-0.787878787878788,-1.06352030287073,1
"Genus:Rothia",0.419354838709677,0.7495764017252,0.0857844408075645,0.792929292929293,1.07242386857996,1
"Genus:Veillonella",0.396917148362235,0.7495764017252,0.0897104652742981,0.548717948717949,1.07774867454905,4
"Order:Acidaminococcales",0.423290203327172,0.7495764017252,0.0838361057159929,0.680203045685279,1.07160738928375,2
"Order:Coriobacteriales",0.379576107899807,0.7495764017252,0.0922597260527354,0.555271240229633,1.09062013475398,4
"Order:Desulfovibrionales",0.420833333333333,0.7495764017252,0.0908241419007155,-0.787878787878788,-1.06352030287073,1
"Order:Micrococcales",0.419354838709677,0.7495764017252,0.0857844408075645,0.792929292929293,1.07242386857996,1
"Class:Fusobacteriia",0.455407969639469,0.751644221735045,0.0813027345384498,0.767676767676768,1.03827024219207,1
"Class:Gammaproteobacteria",0.438383838383838,0.751644221735045,0.086794975677172,0.455958549222798,1.03023903759196,6
"Family:Fusobacteriaceae",0.455407969639469,0.751644221735045,0.0813027345384498,0.767676767676768,1.03827024219207,1
"Genus:Anaerotruncus",0.447817836812144,0.751644221735045,0.0822054920415869,0.777777777777778,1.05193169274722,1
"Genus:Fusobacterium",0.455407969639469,0.751644221735045,0.0813027345384498,0.767676767676768,1.03827024219207,1
"Order:Fusobacteriales",0.455407969639469,0.751644221735045,0.0813027345384498,0.767676767676768,1.03827024219207,1
"Phylum:Fusobacteria",0.455407969639469,0.751644221735045,0.0813027345384498,0.767676767676768,1.03827024219207,1
"Genus:Anaerostipes",0.464583333333333,0.758928571428571,0.0852884689790502,-0.762626262626263,-1.02943311367615,1
"Genus:Holdemanella",0.46875,0.758928571428571,0.0847985102819124,-0.757575757575758,-1.02261567583724,1
"Family:Clostridiaceae",0.491735537190083,0.774028160391797,0.0817515582532145,-0.371191469273618,-0.957429760348711,8
"Genus:Acidaminococcus",0.49146110056926,0.774028160391797,0.077274697304471,0.757575757575758,1.02460879163691,1
"Genus:Lachnospiraceae_unclassified",0.489583333333333,0.774028160391797,0.0824344091527096,-0.747474747474748,-1.00898080015941,1
"Genus:Enorma",0.50853889943074,0.793134063332347,0.0755015292281669,0.747474747474747,1.01094734108175,1
"Genus:Intestinibacter",0.527514231499051,0.81524926686217,0.0736212741014394,0.732323232323232,0.990455165249009,1
"Genus:Klebsiella",0.535269709543568,0.819782438039699,0.0774767547848578,-0.51530612244898,-0.944867489997055,3
"Family:Atopobiaceae",0.569259962049336,0.8234375,0.0697792517076235,0.712121212121212,0.963132264138692,1
"Family:Coriobacteriaceae",0.543186180422265,0.8234375,0.0727141077934447,0.529270254197064,0.946091504470369,3
"Family:Prevotellaceae",0.580912863070539,0.8234375,0.0732558655828455,-0.494897959183673,-0.907446995343706,3
"Genus:Adlercreutzia",0.548387096774194,0.8234375,0.0716527366829457,0.722222222222222,0.976793714693851,1
"Genus:Dielma",0.555977229601518,0.8234375,0.0709609456938284,0.717171717171717,0.969962989416271,1
"Genus:Holdemania",0.58125,0.8234375,0.0734381410838857,-0.707070707070707,-0.954441297448087,1
"Genus:Olsenella",0.569259962049336,0.8234375,0.0697792517076235,0.712121212121212,0.963132264138692,1
"Genus:Prevotella",0.580912863070539,0.8234375,0.0732558655828455,-0.494897959183673,-0.907446995343706,3
"Phylum:Proteobacteria",0.566115702479339,0.8234375,0.0743625384422526,-0.333333333333333,-0.92096794747084,10
"Family:Catabacteriaceae",0.607210626185958,0.831880600666728,0.0665892104103933,0.686868686868687,0.928978637750795,1
"Family:Enterobacteriaceae",0.616570327552986,0.831880600666728,0.0665892104103933,0.451282051282051,0.886372741685203,4
"Genus:Catabacter",0.607210626185958,0.831880600666728,0.0665892104103933,0.686868686868687,0.928978637750795,1
"Genus:Faecalitalea",0.59375,0.831880600666728,0.0723570851036907,-0.702020202020202,-0.947623859609172,1
"Genus:Turicimonas",0.607210626185958,0.831880600666728,0.0665892104103933,0.681818181818182,0.922147912473216,1
"Order:Enterobacterales",0.616570327552986,0.831880600666728,0.0665892104103933,0.451282051282051,0.886372741685203,4
"Family:Bacillales_unclassified",0.666034155597723,0.832542694497154,0.0621124188949471,0.651515151515151,0.881163560807739,1
"Family:Pasteurellaceae",0.646950092421442,0.832542694497154,0.062249042949858,0.573604060913706,0.903668917828833,2
"Genus:Dorea",0.659751037344398,0.832542694497154,0.0668966276500666,-0.466820773711907,-0.855964549071167,3
"Genus:Gemella",0.666034155597723,0.832542694497154,0.0621124188949471,0.651515151515151,0.881163560807739,1
"Genus:Haemophilus",0.646950092421442,0.832542694497154,0.062249042949858,0.573604060913706,0.903668917828833,2
"Genus:Phascolarctobacterium",0.624288425047438,0.832542694497154,0.0652353056017703,0.676767676767677,0.915317187195636,1
"Genus:Ruthenibacterium",0.637571157495256,0.832542694497154,0.0642140881844605,0.671717171717172,0.908486461918057,1
"Genus:Scardovia",0.637571157495256,0.832542694497154,0.0642140881844605,0.666666666666667,0.901655736640478,1
"Order:Bacillales",0.666034155597723,0.832542694497154,0.0621124188949471,0.651515151515151,0.881163560807739,1
"Order:Pasteurellales",0.646950092421442,0.832542694497154,0.062249042949858,0.573604060913706,0.903668917828833,2
"Family:Clostridiales_unclassified",0.682572614107884,0.846987915316352,0.0652353056017703,-0.459183673469388,-0.841961129700346,3
"Genus:Escherichia",0.698292220113852,0.860215053763441,0.0598603117764473,0.641414141414141,0.867502110252581,1
"Genus:Asaccharobacter",0.721062618595825,0.881875145045254,0.0583452776743612,0.631313131313131,0.853840659697422,1
"Genus:Turicibacter",0.730550284629981,0.887096774193548,0.0577308549299813,0.626262626262626,0.847009934419843,1
"Genus:Dialister",0.754158964879852,0.909269673968616,0.0550211117163117,0.522842639593909,0.823698217136016,2
"Genus:Agathobaculum",0.785416666666667,0.940287558685446,0.0587185879555941,-0.616161616161616,-0.831727416347618,1
"Genus:Catenibacterium",0.816666666666667,0.957471264367816,0.0568864160475701,-0.601010101010101,-0.811275102830874,1
"Genus:Parasutterella",0.8125,0.957471264367816,0.0571258510018113,-0.606060606060606,-0.818092540669789,1
"Genus:Tyzzerella",0.806451612903226,0.957471264367816,0.0531298054705469,0.590909090909091,0.799194857476787,1
"Family:Corynebacteriaceae",0.85,0.963333333333333,0.0550211117163117,-0.580808080808081,-0.784005351475214,1
"Genus:Corynebacterium",0.85,0.963333333333333,0.0550211117163117,-0.580808080808081,-0.784005351475214,1
"Genus:Lawsonibacter",0.845833333333333,0.963333333333333,0.0552495663125249,-0.585858585858586,-0.790822789314129,1
"Genus:Massiliomicrobiota",0.840607210626186,0.963333333333333,0.051218434854034,0.575757575757576,0.778702681644049,1
"Order:Corynebacteriales",0.85,0.963333333333333,0.0550211117163117,-0.580808080808081,-0.784005351475214,1
"Family:Lactobacillaceae",0.879668049792531,0.977408944213924,0.0532386494755899,-0.357142857142857,-0.654858656433602,3
"Genus:Lactobacillus",0.879668049792531,0.977408944213924,0.0532386494755899,-0.357142857142857,-0.654858656433602,3
"Genus:Slackia",0.877083333333333,0.977408944213924,0.0535669384770951,-0.560606060606061,-0.756735600119555,1
"Class:Betaproteobacteria",0.909426987060998,0.977760736196319,0.0464154956843849,0.395939086294416,0.623771465403973,2
"Family:Selenomonadaceae",0.9375,0.977760736196319,0.0504983044100709,-0.525252525252525,-0.70901353524715,1
"Family:Sutterellaceae",0.909426987060998,0.977760736196319,0.0464154956843849,0.395939086294416,0.623771465403973,2
"Genus:Absiella",0.893738140417457,0.977760736196319,0.0484087618816951,0.555555555555556,0.751379780533731,1
"Genus:Anaeromassilibacillus",0.925,0.977760736196319,0.0511147954416412,-0.535353535353535,-0.72264841092498,1
"Genus:Collinsella",0.916820702402957,0.977760736196319,0.0460457683018055,0.386339167157677,0.608647533882774,2
"Genus:Intestinimonas",0.916508538899431,0.977760736196319,0.0472587336673259,0.545454545454545,0.737718329978573,1
"Genus:Megamonas",0.9375,0.977760736196319,0.0504983044100709,-0.525252525252525,-0.70901353524715,1
"Order:Burkholderiales",0.909426987060998,0.977760736196319,0.0464154956843849,0.395939086294416,0.623771465403973,2
"Order:Selenomonadales",0.9375,0.977760736196319,0.0504983044100709,-0.525252525252525,-0.70901353524715,1
"Class:Proteobacteria_unclassified",0.989583333333333,0.990512333965844,0.0480220415968251,-0.505050505050505,-0.681743783891491,1
"Family:Christensenellaceae",0.990512333965844,0.990512333965844,0.0437125833579551,0.505050505050505,0.683072527757937,1
"Family:Proteobacteria_unclassified",0.989583333333333,0.990512333965844,0.0480220415968251,-0.505050505050505,-0.681743783891491,1
"Genus:Christensenella",0.990512333965844,0.990512333965844,0.0437125833579551,0.505050505050505,0.683072527757937,1
"Genus:Monoglobus",0.969639468690702,0.990512333965844,0.0446854397644147,0.515151515151515,0.696733978313096,1
"Genus:Proteobacteria_unclassified",0.989583333333333,0.990512333965844,0.0480220415968251,-0.505050505050505,-0.681743783891491,1
"Order:Proteobacteria_unclassified",0.989583333333333,0.990512333965844,0.0480220415968251,-0.505050505050505,-0.681743783891491,1
